chart_date,country,release_cohort_month,chart_tracks,streams,average_rank,average_days_since_release
2026-07-02,IT,1999-01-01,1,58114,135.0,10044.0
2026-07-02,IT,2005-05-01,1,48646,200.0,7706.0
2026-07-02,IT,2011-04-01,1,67399,101.0,5543.0
2026-07-02,IT,2013-01-01,1,96258,49.0,4930.0
2026-07-02,IT,2023-05-01,1,53165,163.0,1140.0
2026-07-02,IT,2023-02-01,1,59242,127.0,1238.0
2026-07-02,IT,2025-11-01,1,110587,35.0,237.0
2026-07-02,IT,2018-11-01,1,52221,168.0,2771.0
2026-07-02,IT,2020-09-01,1,58782,130.0,2106.0
2026-07-02,IT,1983-06-01,1,57068,142.0,15721.0
2026-07-02,IT,2025-12-01,1,52905,165.0,210.0
2026-07-02,IT,2022-05-01,1,87691,58.0,1518.0
2026-07-02,IT,2022-07-01,1,49685,191.0,1457.0
2026-07-02,IT,2016-09-01,1,50735,181.0,3583.0
2026-07-02,IT,2013-06-01,1,65629,107.0,4776.0
2026-07-02,IT,2024-05-01,1,49946,187.0,776.0
2026-07-02,IT,2024-09-01,1,68936,94.0,657.0
2026-07-02,IT,2020-10-01,1,48794,199.0,2071.0
2026-07-02,IT,2018-01-01,1,50971,177.0,3086.0
2026-07-02,IT,2022-06-01,1,72702,83.0,1490.0
2026-07-02,IT,2017-11-01,1,50239,186.0,3142.0
2026-07-02,IT,2016-01-01,1,63291,113.0,3814.0
2026-07-02,IT,2022-09-01,1,68000,98.0,1385.0
2026-07-02,IT,1993-01-01,1,69398,90.0,12235.0
2026-07-02,IT,2017-05-01,1,80353,64.0,3345.0
2026-07-02,IT,2017-03-01,1,48896,198.0,3394.0
2026-07-02,IT,2011-12-01,1,51620,173.0,5309.0
2026-07-02,IT,1996-06-01,1,61891,117.0,10988.0
2026-07-02,IT,2018-10-01,1,71649,86.0,2816.0
2026-07-02,IT,2016-04-01,1,48910,197.0,3723.0
2026-07-02,IT,2000-10-01,1,50601,182.0,9382.0
2026-07-02,IT,2005-11-01,1,51627,172.0,7521.0
2026-07-02,IT,2014-08-01,1,59188,128.0,4349.0
2026-07-02,IT,2016-10-01,1,52169,169.0,3541.0
2026-07-02,IT,2012-10-01,1,53927,159.0,5014.0
2026-07-02,IT,2024-02-01,1,48992,196.0,881.0
2026-07-02,IT,2012-01-01,2,177147,74.5,5296.0
2026-07-02,IT,2023-06-01,2,100621,184.0,1122.5
2026-07-02,IT,1982-11-01,2,162588,68.5,15920.0
2026-07-02,IT,2020-06-01,2,111847,147.0,2208.5
2026-07-02,IT,2025-10-01,2,166329,79.5,254.5
2026-07-02,IT,2023-07-01,2,99663,189.0,1084.5
2026-07-02,IT,2025-02-01,2,193166,65.5,504.0
2026-07-02,IT,1998-01-01,2,117019,142.5,10409.0
2026-07-02,IT,2021-02-01,2,175396,83.5,1966.0
2026-07-02,IT,1995-01-01,2,133499,111.5,11505.0
2026-07-02,IT,2023-11-01,2,107910,159.0,958.0
2026-07-02,IT,2024-12-01,3,181077,138.66666666666666,567.0
2026-07-02,IT,2025-05-01,3,186752,119.33333333333333,416.6666666666667
2026-07-02,IT,2025-07-01,3,201804,102.33333333333333,349.0
2026-07-02,IT,2025-06-01,3,187878,122.66666666666667,386.6666666666667
2026-07-02,IT,2025-08-01,3,231207,93.66666666666667,314.0
2026-07-02,IT,2019-03-01,3,205287,99.66666666666667,2654.3333333333335
2026-07-02,IT,2025-03-01,4,357518,84.5,461.0
2026-07-02,IT,2024-11-01,4,280908,111.5,586.25
2026-07-02,IT,2024-10-01,4,277212,100.0,615.0
2026-07-02,IT,2025-01-01,5,468187,59.8,543.0
2026-07-02,IT,2025-04-01,6,486017,84.33333333333334,443.8333333333333
2026-07-02,IT,2024-06-01,7,427736,125.0,747.1428571428572
2026-07-02,IT,2026-03-01,8,799322,84.49999999999999,107.62500000000001
2026-07-02,IT,2025-09-01,8,507859,130.375,282.87499999999994
2026-07-02,IT,2026-02-01,14,1244225,90.2142857142857,129.85714285714283
2026-07-02,IT,2026-05-01,14,1747593,55.00000000000001,46.78571428571429
2026-07-02,IT,2026-04-01,15,1648303,59.6,79.6
2026-07-02,IT,2026-01-01,16,1576075,78.8125,164.37500000000003
2026-07-02,IT,2026-06-01,19,1753769,87.94736842105263,19.789473684210527
2026-06-26,IT,2022-09-01,1,75617,85.0,1379.0
2026-06-26,IT,1983-06-01,1,62596,135.0,15715.0
2026-06-26,IT,2017-05-01,1,89207,64.0,3339.0
2026-06-26,IT,2022-06-01,1,72589,99.0,1484.0
2026-06-26,IT,2013-01-01,1,106404,50.0,4924.0
2026-06-26,IT,2025-12-01,1,53849,186.0,204.0
2026-06-26,IT,2018-06-01,1,55668,172.0,2919.0
2026-06-26,IT,2011-12-01,1,65816,118.0,5303.0
2026-06-26,IT,2023-06-01,1,57365,157.0,1120.0
2026-06-26,IT,2022-07-01,1,56443,166.0,1451.0
2026-06-26,IT,2012-12-01,1,53092,192.0,4949.0
2026-06-26,IT,1993-01-01,1,75791,84.0,12229.0
2026-06-26,IT,2022-05-01,1,117012,39.0,1512.0
2026-06-26,IT,2024-09-01,1,75939,83.0,651.0
2026-06-26,IT,2018-10-01,1,74036,96.0,2810.0
2026-06-26,IT,2016-01-01,1,72739,98.0,3808.0
2026-06-26,IT,2012-10-01,1,59236,152.0,5008.0
2026-06-26,IT,2023-02-01,1,74060,95.0,1232.0
2026-06-26,IT,2014-08-01,1,61518,142.0,4343.0
2026-06-26,IT,2000-10-01,1,53968,184.0,9376.0
2026-06-26,IT,2020-10-01,1,52778,194.0,2065.0
2026-06-26,IT,2020-09-01,1,59901,149.0,2100.0
2026-06-26,IT,2025-11-01,1,125743,30.0,231.0
2026-06-26,IT,2025-02-01,1,153039,18.0,492.0
2026-06-26,IT,2016-04-01,1,62036,140.0,3717.0
2026-06-26,IT,2017-03-01,1,55245,173.0,3388.0
2026-06-26,IT,2017-11-01,1,64300,125.0,3136.0
2026-06-26,IT,2019-06-01,1,54134,180.0,2555.0
2026-06-26,IT,2013-06-01,1,56637,163.0,4770.0
2026-06-26,IT,2024-07-01,1,52733,195.0,707.0
2026-06-26,IT,2005-05-01,1,54683,177.0,7700.0
2026-06-26,IT,2018-11-01,1,56242,169.0,2765.0
2026-06-26,IT,2024-02-01,1,58293,153.0,875.0
2026-06-26,IT,2011-04-01,1,79121,78.0,5537.0
2026-06-26,IT,2016-10-01,1,56601,165.0,3535.0
2026-06-26,IT,2016-09-01,1,62031,141.0,3577.0
2026-06-26,IT,1982-11-01,2,191161,62.0,15914.0
2026-06-26,IT,2025-10-01,2,149165,91.0,248.5
2026-06-26,IT,2020-06-01,2,123925,139.0,2202.5
2026-06-26,IT,2012-01-01,2,210751,63.5,5290.0
2026-06-26,IT,2023-11-01,2,117214,153.0,952.0
2026-06-26,IT,1995-01-01,2,117822,155.0,11499.0
2026-06-26,IT,1998-01-01,2,123019,151.5,10403.0
2026-06-26,IT,2021-02-01,2,209813,99.5,1960.0
2026-06-26,IT,2018-01-01,2,114903,162.5,3080.0
2026-06-26,IT,2024-12-01,3,181515,154.66666666666666,560.0
2026-06-26,IT,2025-07-01,3,235576,83.33333333333333,343.0
2026-06-26,IT,2019-03-01,3,213259,101.0,2648.3333333333335
2026-06-26,IT,2024-11-01,3,246571,102.33333333333333,577.6666666666666
2026-06-26,IT,2025-03-01,3,349195,65.66666666666666,455.0
2026-06-26,IT,2025-08-01,3,257471,89.33333333333333,308.0
2026-06-26,IT,2025-05-01,4,230635,163.0,406.25
2026-06-26,IT,2025-06-01,4,247285,142.25,378.25
2026-06-26,IT,2024-10-01,4,294630,103.75,609.0
2026-06-26,IT,2025-01-01,6,578838,79.5,537.0
2026-06-26,IT,2024-06-01,6,372993,141.0,739.8333333333334
2026-06-26,IT,2025-09-01,8,534731,141.25,276.87500000000006
2026-06-26,IT,2025-04-01,8,660497,95.75,437.875
2026-06-26,IT,2026-03-01,8,943132,77.75,101.62500000000001
2026-06-26,IT,2026-02-01,13,1319880,80.84615384615384,124.07692307692307
2026-06-26,IT,2026-05-01,14,1871773,63.285714285714285,40.21428571428572
2026-06-26,IT,2026-01-01,15,1550374,83.66666666666666,159.13333333333333
2026-06-26,IT,2026-04-01,17,1976360,71.88235294117646,72.76470588235294
2026-06-26,IT,2026-06-01,21,2107700,77.09523809523809,12.523809523809524
2026-07-05,IT,2024-05-01,1,73917,71.0,779.0
2026-07-05,IT,2018-06-01,1,46850,188.0,2928.0
2026-07-05,IT,1993-01-01,1,65434,92.0,12238.0
2026-07-05,IT,2013-01-01,1,89418,49.0,4933.0
2026-07-05,IT,2005-11-01,1,49849,159.0,7524.0
2026-07-05,IT,1999-01-01,1,50069,157.0,10047.0
2026-07-05,IT,2024-02-01,1,48597,166.0,884.0
2026-07-05,IT,2009-05-01,1,47937,175.0,6253.0
2026-07-05,IT,2016-09-01,1,47421,181.0,3586.0
2026-07-05,IT,1996-06-01,1,57505,118.0,10991.0
2026-07-05,IT,2024-09-01,1,63688,98.0,660.0
2026-07-05,IT,2022-09-01,1,59130,113.0,1388.0
2026-07-05,IT,2005-05-01,1,55716,130.0,7709.0
2026-07-05,IT,2020-12-01,1,46990,187.0,2039.0
2026-07-05,IT,1992-01-01,1,49025,164.0,12604.0
2026-07-05,IT,2018-10-01,1,65273,94.0,2819.0
2026-07-05,IT,2017-11-01,1,49674,160.0,3145.0
2026-07-05,IT,2018-01-01,1,48491,170.0,3089.0
2026-07-05,IT,2018-11-01,1,47773,178.0,2774.0
2026-07-05,IT,2022-06-01,1,62668,101.0,1493.0
2026-07-05,IT,2016-01-01,1,57765,116.0,3817.0
2026-07-05,IT,2014-08-01,1,54193,139.0,4352.0
2026-07-05,IT,2011-04-01,1,60611,106.0,5546.0
2026-07-05,IT,2017-10-01,1,74436,69.0,3194.0
2026-07-05,IT,2016-10-01,1,50381,155.0,3544.0
2026-07-05,IT,2020-09-01,1,59464,109.0,2109.0
2026-07-05,IT,2023-06-01,1,46486,192.0,1122.0
2026-07-05,IT,2025-12-01,1,48008,174.0,213.0
2026-07-05,IT,2018-02-01,1,76713,65.0,3068.0
2026-07-05,IT,2023-07-01,1,46241,193.0,1094.0
2026-07-05,IT,1983-06-01,1,54528,137.0,15724.0
2026-07-05,IT,2019-09-01,1,49030,163.0,2487.0
2026-07-05,IT,2011-12-01,1,49454,161.0,5312.0
2026-07-05,IT,2021-10-01,1,58011,114.0,1717.0
2026-07-05,IT,2012-10-01,1,46048,194.0,5017.0
2026-07-05,IT,2020-10-01,1,45618,197.0,2074.0
2026-07-05,IT,2016-04-01,1,49983,158.0,3726.0
2026-07-05,IT,2022-05-01,1,85616,51.0,1521.0
2026-07-05,IT,2022-07-01,1,47454,180.0,1460.0
2026-07-05,IT,2025-11-01,1,113406,33.0,240.0
2026-07-05,IT,2013-06-01,1,59290,111.0,4779.0
2026-07-05,IT,1998-01-01,2,104761,151.0,10412.0
2026-07-05,IT,2023-02-01,2,117208,113.5,1237.5
2026-07-05,IT,2017-05-01,2,124653,128.5,3348.0
2026-07-05,IT,2019-04-01,2,121748,112.0,2648.0
2026-07-05,IT,2021-02-01,2,163008,98.0,1969.0
2026-07-05,IT,2023-05-01,2,96594,176.0,1146.5
2026-07-05,IT,2023-11-01,2,96735,170.5,961.0
2026-07-05,IT,1995-01-01,2,127120,100.0,11508.0
2026-07-05,IT,2025-10-01,2,156437,71.0,257.5
2026-07-05,IT,2012-01-01,2,169160,74.5,5299.0
2026-07-05,IT,1982-11-01,2,154499,65.0,15923.0
2026-07-05,IT,2020-06-01,2,100457,165.0,2211.5
2026-07-05,IT,2025-02-01,2,182026,72.0,507.0
2026-07-05,IT,2019-03-01,3,196502,95.0,2657.3333333333335
2026-07-05,IT,2025-08-01,3,228274,98.66666666666666,317.0
2026-07-05,IT,2025-07-01,3,196580,92.0,352.0
2026-07-05,IT,2024-10-01,3,199152,94.33333333333333,618.0
2026-07-05,IT,2024-12-01,3,169185,135.66666666666666,570.0
2026-07-05,IT,2024-11-01,3,210391,99.33333333333333,586.6666666666666
2026-07-05,IT,2025-03-01,4,320932,101.0,464.0
2026-07-05,IT,2025-06-01,4,220102,136.0,387.25
2026-07-05,IT,2025-01-01,5,454539,61.0,546.0
2026-07-05,IT,2025-09-01,5,314020,117.6,286.6
2026-07-05,IT,2025-05-01,5,263781,147.4,413.6
2026-07-05,IT,2025-04-01,7,497304,101.28571428571429,446.2857142857143
2026-07-05,IT,2024-06-01,7,411651,126.99999999999999,752.1428571428571
2026-07-05,IT,2026-03-01,8,792362,78.125,110.62500000000001
2026-07-05,IT,2026-02-01,13,1140503,83.84615384615384,133.07692307692307
2026-07-05,IT,2026-05-01,13,1642767,48.99999999999999,50.23076923076923
2026-07-05,IT,2026-01-01,14,1365402,71.50000000000001,169.00000000000003
2026-07-05,IT,2026-06-01,15,1388542,80.19999999999999,22.06666666666667
2026-07-05,IT,2026-04-01,15,1535904,64.06666666666668,82.6
2026-06-23,IT,2016-09-01,1,48611,182.0,3574.0
2026-06-23,IT,2025-11-01,1,108894,38.0,228.0
2026-06-23,IT,2024-02-01,1,50730,166.0,872.0
2026-06-23,IT,2017-05-01,1,79769,69.0,3336.0
2026-06-23,IT,2011-12-01,1,54481,142.0,5300.0
2026-06-23,IT,2016-10-01,1,52276,156.0,3532.0
2026-06-23,IT,2011-04-01,1,75879,73.0,5534.0
2026-06-23,IT,2022-07-01,1,49644,176.0,1448.0
2026-06-23,IT,1996-10-01,1,48172,190.0,10830.0
2026-06-23,IT,2018-11-01,1,54084,145.0,2762.0
2026-06-23,IT,2022-05-01,1,105569,39.0,1509.0
2026-06-23,IT,2025-12-01,1,50267,171.0,201.0
2026-06-23,IT,2012-10-01,1,54267,144.0,5005.0
2026-06-23,IT,2023-06-01,1,47539,198.0,1117.0
2026-06-23,IT,2014-08-01,1,58349,127.0,4340.0
2026-06-23,IT,2023-02-01,1,65979,91.0,1229.0
2026-06-23,IT,2022-09-01,1,69087,84.0,1376.0
2026-06-23,IT,2024-08-01,1,49891,174.0,683.0
2026-06-23,IT,2023-11-01,1,53298,151.0,949.0
2026-06-23,IT,2018-06-01,1,47771,194.0,2916.0
2026-06-23,IT,2017-11-01,1,59668,124.0,3133.0
2026-06-23,IT,2018-10-01,1,73533,75.0,2807.0
2026-06-23,IT,2020-09-01,1,53404,149.0,2097.0
2026-06-23,IT,2012-03-01,1,47672,195.0,5216.0
2026-06-23,IT,2017-03-01,1,49423,178.0,3385.0
2026-06-23,IT,2024-09-01,1,59861,123.0,648.0
2026-06-23,IT,1993-01-01,1,69407,82.0,12226.0
2026-06-23,IT,2000-10-01,1,47569,196.0,9373.0
2026-06-23,IT,2016-01-01,1,61889,112.0,3805.0
2026-06-23,IT,2018-01-01,1,52245,157.0,3077.0
2026-06-23,IT,1998-01-01,1,66471,90.0,10400.0
2026-06-23,IT,2016-04-01,1,50493,169.0,3714.0
2026-06-23,IT,2013-01-01,1,100825,50.0,4921.0
2026-06-23,IT,2022-06-01,1,62347,109.0,1481.0
2026-06-23,IT,1983-06-01,1,57787,130.0,15712.0
2026-06-23,IT,2013-06-01,1,50371,170.0,4767.0
2026-06-23,IT,2012-01-01,2,183085,79.5,5287.0
2026-06-23,IT,2021-02-01,2,185402,99.5,1957.0
2026-06-23,IT,2020-06-01,2,104159,158.0,2199.5
2026-06-23,IT,2025-10-01,2,143665,78.5,245.5
2026-06-23,IT,1995-01-01,2,111036,145.0,11496.0
2026-06-23,IT,1982-11-01,2,181341,58.5,15911.0
2026-06-23,IT,2025-02-01,2,179405,107.5,495.0
2026-06-23,IT,2024-12-01,3,162807,154.0,558.0
2026-06-23,IT,2025-07-01,3,201965,95.66666666666667,340.0
2026-06-23,IT,2019-03-01,3,187569,113.0,2645.3333333333335
2026-06-23,IT,2025-03-01,3,332853,54.0,452.0
2026-06-23,IT,2025-06-01,3,182390,116.33333333333333,377.6666666666667
2026-06-23,IT,2025-08-01,3,225416,121.33333333333333,305.0
2026-06-23,IT,2025-05-01,4,208653,165.5,403.25
2026-06-23,IT,2024-11-01,4,274293,118.25,577.25
2026-06-23,IT,2024-10-01,4,286509,91.75,606.0
2026-06-23,IT,2025-01-01,6,523622,82.5,534.0
2026-06-23,IT,2024-06-01,6,332435,144.83333333333334,736.8333333333334
2026-06-23,IT,2025-04-01,7,532739,91.85714285714286,434.2857142857143
2026-06-23,IT,2026-03-01,8,874248,73.50000000000001,98.625
2026-06-23,IT,2025-09-01,8,530027,116.375,273.87499999999994
2026-06-23,IT,2026-02-01,13,1214950,81.00000000000001,121.07692307692308
2026-06-23,IT,2026-05-01,15,1806871,72.13333333333334,36.0
2026-06-23,IT,2026-01-01,16,1370710,97.75,154.5
2026-06-23,IT,2026-04-01,19,1944322,73.8421052631579,70.21052631578947
2026-06-23,IT,2026-06-01,22,2075928,78.86363636363637,10.136363636363635
2026-07-10,IT,2022-07-01,1,53158,195.0,1465.0
2026-07-10,IT,2013-01-01,1,92035,69.0,4938.0
2026-07-10,IT,2016-04-01,1,59907,158.0,3731.0
2026-07-10,IT,2020-09-01,1,56696,175.0,2114.0
2026-07-10,IT,2019-04-01,1,62484,142.0,2653.0
2026-07-10,IT,2011-12-01,1,54961,181.0,5317.0
2026-07-10,IT,1998-01-01,1,68665,116.0,10417.0
2026-07-10,IT,2014-08-01,1,61967,144.0,4357.0
2026-07-10,IT,1993-01-01,1,69279,113.0,12243.0
2026-07-10,IT,2020-10-01,1,53340,193.0,2079.0
2026-07-10,IT,1995-01-01,1,100095,62.0,11513.0
2026-07-10,IT,2023-02-01,1,61608,147.0,1246.0
2026-07-10,IT,2018-10-01,1,69829,111.0,2824.0
2026-07-10,IT,2023-05-01,1,54752,183.0,1148.0
2026-07-10,IT,2018-11-01,1,61665,146.0,2779.0
2026-07-10,IT,2024-02-01,1,53970,189.0,889.0
2026-07-10,IT,1983-06-01,1,58954,164.0,15729.0
2026-07-10,IT,2023-07-01,1,59997,156.0,1099.0
2026-07-10,IT,2012-10-01,1,58880,165.0,5022.0
2026-07-10,IT,2024-05-01,1,84851,83.0,784.0
2026-07-10,IT,2018-02-01,1,73106,101.0,3073.0
2026-07-10,IT,2021-10-01,1,53595,191.0,1722.0
2026-07-10,IT,2025-11-01,1,126057,45.0,245.0
2026-07-10,IT,2012-12-01,1,52848,196.0,4963.0
2026-07-10,IT,2016-01-01,1,63035,138.0,3822.0
2026-07-10,IT,2017-11-01,1,52488,198.0,3150.0
2026-07-10,IT,2022-05-01,1,93189,67.0,1526.0
2026-07-10,IT,2022-09-01,1,65643,132.0,1393.0
2026-07-10,IT,2011-04-01,1,70627,109.0,5551.0
2026-07-10,IT,2013-06-01,1,56350,177.0,4784.0
2026-07-10,IT,1992-01-01,1,54742,184.0,12609.0
2026-07-10,IT,2016-10-01,1,56720,174.0,3549.0
2026-07-10,IT,2018-04-01,1,53418,192.0,3003.0
2026-07-10,IT,2017-10-01,1,64559,133.0,3199.0
2026-07-10,IT,2024-09-01,1,82655,88.0,665.0
2026-07-10,IT,1999-01-01,1,59008,163.0,10052.0
2026-07-10,IT,2009-03-01,1,54520,186.0,6315.0
2026-07-10,IT,2017-05-01,1,87141,77.0,3353.0
2026-07-10,IT,2022-06-01,1,76050,97.0,1498.0
2026-07-10,IT,2024-11-01,2,173899,79.5,592.0
2026-07-10,IT,2021-02-01,2,208745,103.0,1974.0
2026-07-10,IT,2025-10-01,2,178369,84.5,262.5
2026-07-10,IT,1982-11-01,2,159609,91.5,15928.0
2026-07-10,IT,2018-01-01,2,123630,148.0,3094.0
2026-07-10,IT,2025-02-01,2,204026,101.0,512.0
2026-07-10,IT,2012-01-01,2,181345,104.0,5304.0
2026-07-10,IT,2020-06-01,2,122844,148.5,2216.5
2026-07-10,IT,2016-09-01,2,120135,155.0,3591.0
2026-07-10,IT,2025-08-01,2,199401,69.5,322.0
2026-07-10,IT,2019-03-01,3,217817,105.66666666666667,2662.3333333333335
2026-07-10,IT,2025-07-01,3,237621,90.66666666666667,357.0
2026-07-10,IT,2024-10-01,3,216331,124.33333333333334,623.0
2026-07-10,IT,2023-11-01,3,185074,149.33333333333334,966.0
2026-07-10,IT,2025-05-01,3,189258,140.0,429.6666666666667
2026-07-10,IT,2024-12-01,3,190071,150.33333333333334,575.0
2026-07-10,IT,2025-06-01,3,208357,114.66666666666667,394.6666666666667
2026-07-10,IT,2025-03-01,4,414309,83.0,469.0
2026-07-10,IT,2025-09-01,4,309450,110.25,292.75
2026-07-10,IT,2025-01-01,5,511839,70.2,551.0
2026-07-10,IT,2024-06-01,6,397836,134.5,757.3333333333334
2026-07-10,IT,2025-04-01,7,578900,104.71428571428571,452.42857142857144
2026-07-10,IT,2026-03-01,8,867495,95.375,115.62500000000001
2026-07-10,IT,2026-02-01,12,1218815,88.16666666666667,138.33333333333331
2026-07-10,IT,2026-07-01,14,2842324,26.642857142857142,1.1428571428571428
2026-07-10,IT,2026-01-01,14,1522382,84.71428571428572,174.00000000000003
2026-07-10,IT,2026-05-01,15,1966478,79.2,54.46666666666666
2026-07-10,IT,2026-04-01,15,1694257,77.53333333333332,87.6
2026-07-10,IT,2026-06-01,16,1825140,85.6875,27.749999999999996
2026-07-06,IT,2023-07-01,1,46718,193.0,1095.0
2026-07-06,IT,2020-09-01,1,61576,104.0,2110.0
2026-07-06,IT,2021-10-01,1,59749,113.0,1718.0
2026-07-06,IT,2022-09-01,1,62237,101.0,1389.0
2026-07-06,IT,2018-06-01,1,46683,194.0,2929.0
2026-07-06,IT,2005-11-01,1,52084,151.0,7525.0
2026-07-06,IT,2019-09-01,1,46908,192.0,2488.0
2026-07-06,IT,2024-09-01,1,64167,93.0,661.0
2026-07-06,IT,2016-01-01,1,56920,123.0,3818.0
2026-07-06,IT,2024-05-01,1,79600,64.0,780.0
2026-07-06,IT,2014-08-01,1,57950,121.0,4353.0
2026-07-06,IT,2018-10-01,1,68649,82.0,2820.0
2026-07-06,IT,2013-06-01,1,57960,120.0,4780.0
2026-07-06,IT,2018-01-01,1,49436,169.0,3090.0
2026-07-06,IT,2016-04-01,1,50336,160.0,3727.0
2026-07-06,IT,1993-01-01,1,61966,103.0,12239.0
2026-07-06,IT,2022-07-01,1,46960,190.0,1461.0
2026-07-06,IT,2016-09-01,1,50010,164.0,3587.0
2026-07-06,IT,2022-06-01,1,65318,91.0,1494.0
2026-07-06,IT,2017-11-01,1,47471,187.0,3146.0
2026-07-06,IT,2017-10-01,1,83172,55.0,3195.0
2026-07-06,IT,2024-02-01,1,47705,186.0,885.0
2026-07-06,IT,2023-05-01,1,48886,176.0,1144.0
2026-07-06,IT,2017-03-01,1,49261,171.0,3398.0
2026-07-06,IT,1999-01-01,1,50198,161.0,10048.0
2026-07-06,IT,2018-11-01,1,48505,179.0,2775.0
2026-07-06,IT,1992-01-01,1,47924,184.0,12605.0
2026-07-06,IT,2011-12-01,1,48981,174.0,5313.0
2026-07-06,IT,2016-10-01,1,47342,189.0,3545.0
2026-07-06,IT,2011-04-01,1,64021,94.0,5547.0
2026-07-06,IT,1996-06-01,1,50750,157.0,10992.0
2026-07-06,IT,2009-05-01,1,46390,198.0,6254.0
2026-07-06,IT,2012-10-01,1,53707,140.0,5018.0
2026-07-06,IT,2013-01-01,1,87290,50.0,4934.0
2026-07-06,IT,2023-06-01,1,48248,181.0,1130.0
2026-07-06,IT,2005-05-01,1,49074,173.0,7710.0
2026-07-06,IT,1983-06-01,1,54685,136.0,15725.0
2026-07-06,IT,2018-02-01,1,79073,65.0,3069.0
2026-07-06,IT,2000-10-01,1,47356,188.0,9386.0
2026-07-06,IT,2022-05-01,1,81712,60.0,1522.0
2026-07-06,IT,2025-11-01,1,103188,36.0,241.0
2026-07-06,IT,2023-02-01,2,121272,109.0,1238.5
2026-07-06,IT,2019-04-01,2,127104,102.0,2649.0
2026-07-06,IT,2025-10-01,2,152755,79.5,258.5
2026-07-06,IT,2023-11-01,2,98889,170.5,962.0
2026-07-06,IT,2020-06-01,2,100678,164.0,2212.5
2026-07-06,IT,2021-02-01,2,165224,91.0,1970.0
2026-07-06,IT,2025-02-01,2,183766,65.5,508.0
2026-07-06,IT,2024-12-01,2,120805,114.0,568.0
2026-07-06,IT,1998-01-01,2,108214,150.0,10413.0
2026-07-06,IT,1982-11-01,2,150850,71.0,15924.0
2026-07-06,IT,2017-05-01,2,126474,130.0,3349.0
2026-07-06,IT,1995-01-01,2,142988,98.0,11509.0
2026-07-06,IT,2012-01-01,2,162749,88.0,5300.0
2026-07-06,IT,2025-06-01,3,169476,130.66666666666666,390.6666666666667
2026-07-06,IT,2025-08-01,3,232572,86.66666666666667,318.0
2026-07-06,IT,2024-10-01,3,202594,94.0,619.0
2026-07-06,IT,2025-07-01,3,192063,99.66666666666667,353.0
2026-07-06,IT,2024-11-01,3,208436,104.0,587.6666666666666
2026-07-06,IT,2019-03-01,3,203472,90.33333333333333,2658.3333333333335
2026-07-06,IT,2025-03-01,4,331618,93.25,465.0
2026-07-06,IT,2025-05-01,4,219555,136.0,417.75
2026-07-06,IT,2025-01-01,5,438176,62.6,547.0
2026-07-06,IT,2025-04-01,5,402460,67.2,447.2
2026-07-06,IT,2025-09-01,5,318890,117.2,287.6
2026-07-06,IT,2024-06-01,7,413737,129.85714285714286,751.1428571428572
2026-07-06,IT,2026-03-01,8,755488,83.0,111.62500000000001
2026-07-06,IT,2026-02-01,13,1109874,86.76923076923076,134.07692307692307
2026-07-06,IT,2026-05-01,14,1700012,59.142857142857146,50.78571428571429
2026-07-06,IT,2026-04-01,15,1534001,59.4,83.60000000000001
2026-07-06,IT,2026-01-01,16,1471881,87.6875,168.375
2026-07-06,IT,2026-06-01,19,1642924,93.4736842105263,22.736842105263158
2026-07-15,IT,2012-12-01,1,68115,85.0,4968.0
2026-07-15,IT,2012-10-01,1,53711,142.0,5027.0
2026-07-15,IT,2025-11-01,1,110726,32.0,250.0
2026-07-15,IT,2013-06-01,1,50310,163.0,4789.0
2026-07-15,IT,2013-01-01,1,82038,63.0,4943.0
2026-07-15,IT,2011-04-01,1,61966,102.0,5556.0
2026-07-15,IT,1999-01-01,1,59730,110.0,10057.0
2026-07-15,IT,2010-05-01,1,46965,190.0,5909.0
2026-07-15,IT,2023-06-01,1,47944,182.0,1132.0
2026-07-15,IT,2017-03-01,1,46608,195.0,3407.0
2026-07-15,IT,2022-07-01,1,48205,177.0,1470.0
2026-07-15,IT,2023-05-01,1,49206,172.0,1153.0
2026-07-15,IT,2016-04-01,1,46607,196.0,3736.0
2026-07-15,IT,1993-01-01,1,62093,101.0,12248.0
2026-07-15,IT,2024-09-01,1,58337,116.0,670.0
2026-07-15,IT,2017-10-01,1,63039,99.0,3204.0
2026-07-15,IT,2023-02-01,1,52531,151.0,1251.0
2026-07-15,IT,2018-11-01,1,47276,188.0,2784.0
2026-07-15,IT,2005-05-01,1,50946,160.0,7719.0
2026-07-15,IT,2024-05-01,1,59168,113.0,789.0
2026-07-15,IT,2024-02-01,1,55038,131.0,894.0
2026-07-15,IT,2019-10-01,1,46936,191.0,2449.0
2026-07-15,IT,2020-10-01,1,50596,162.0,2084.0
2026-07-15,IT,2018-02-01,1,54698,135.0,3078.0
2026-07-15,IT,2020-09-01,1,56652,122.0,2119.0
2026-07-15,IT,2014-08-01,1,61385,104.0,4362.0
2026-07-15,IT,2016-01-01,1,60248,109.0,3827.0
2026-07-15,IT,1996-06-01,1,47495,187.0,11001.0
2026-07-15,IT,2016-10-01,1,51606,156.0,3554.0
2026-07-15,IT,2018-10-01,1,68772,83.0,2829.0
2026-07-15,IT,1983-06-01,1,59706,111.0,15734.0
2026-07-15,IT,2022-09-01,1,70052,80.0,1398.0
2026-07-15,IT,2017-05-01,1,82304,61.0,3358.0
2026-07-15,IT,1998-01-01,1,78565,66.0,10422.0
2026-07-15,IT,2022-05-01,1,87640,55.0,1531.0
2026-07-15,IT,2017-11-01,1,47633,184.0,3155.0
2026-07-15,IT,2022-06-01,1,67422,86.0,1503.0
2026-07-15,IT,2023-07-01,2,94128,191.0,1097.5
2026-07-15,IT,2018-01-01,2,105234,149.5,3099.0
2026-07-15,IT,2021-02-01,2,169001,95.5,1979.0
2026-07-15,IT,2024-12-01,2,122186,107.5,577.0
2026-07-15,IT,2024-08-01,2,98860,171.0,701.5
2026-07-15,IT,1982-11-01,2,138707,84.0,15933.0
2026-07-15,IT,2025-10-01,2,159006,79.0,267.5
2026-07-15,IT,2016-09-01,2,103272,155.5,3596.0
2026-07-15,IT,2024-10-01,2,133296,91.5,628.0
2026-07-15,IT,2020-06-01,2,96130,183.5,2221.5
2026-07-15,IT,2012-01-01,2,157863,97.0,5309.0
2026-07-15,IT,2025-02-01,2,188514,62.0,517.0
2026-07-15,IT,2025-05-01,3,166888,138.66666666666666,434.6666666666667
2026-07-15,IT,2023-11-01,3,157394,150.66666666666666,971.0
2026-07-15,IT,2025-08-01,3,231803,87.33333333333333,327.0
2026-07-15,IT,2019-03-01,3,198040,92.66666666666667,2667.3333333333335
2026-07-15,IT,2025-06-01,3,160702,143.66666666666666,399.6666666666667
2026-07-15,IT,2025-07-01,3,188672,101.66666666666667,362.0
2026-07-15,IT,1995-01-01,3,259318,95.66666666666666,11518.0
2026-07-15,IT,2025-03-01,4,342259,87.5,474.0
2026-07-15,IT,2024-11-01,4,238442,136.5,599.25
2026-07-15,IT,2025-09-01,4,272237,93.25,297.75
2026-07-15,IT,2024-06-01,5,286605,132.6,765.2
2026-07-15,IT,2025-01-01,6,544268,65.5,556.0
2026-07-15,IT,2025-04-01,7,492479,104.28571428571429,456.2857142857143
2026-07-15,IT,2026-03-01,8,761227,82.37500000000001,120.62500000000001
2026-07-15,IT,2026-07-01,11,806895,101.45454545454544,6.181818181818182
2026-07-15,IT,2026-05-01,13,1576237,52.153846153846146,60.23076923076924
2026-07-15,IT,2026-02-01,13,1097398,93.76923076923077,143.53846153846155
2026-07-15,IT,2026-01-01,14,1255823,85.99999999999999,178.99999999999997
2026-07-15,IT,2026-06-01,14,1337838,71.57142857142858,32.92857142857143
2026-07-15,IT,2026-04-01,15,1486993,69.46666666666667,93.4
2026-06-17,IT,2023-01-01,1,57373,134.0,1237.0
2026-06-17,IT,2018-11-01,1,58322,128.0,2756.0
2026-06-17,IT,1998-01-01,1,70230,88.0,10394.0
2026-06-17,IT,1984-12-01,1,78981,72.0,15173.0
2026-06-17,IT,2022-09-01,1,75115,79.0,1370.0
2026-06-17,IT,2022-06-01,1,74987,80.0,1475.0
2026-06-17,IT,2016-04-01,1,51961,165.0,3708.0
2026-06-17,IT,2017-03-01,1,50927,178.0,3379.0
2026-06-17,IT,2022-07-01,1,52213,163.0,1442.0
2026-06-17,IT,2018-10-01,1,85777,57.0,2801.0
2026-06-17,IT,2023-09-01,1,58099,129.0,992.0
2026-06-17,IT,2011-12-01,1,54059,150.0,5294.0
2026-06-17,IT,2024-08-01,1,54716,147.0,677.0
2026-06-17,IT,2020-09-01,1,61188,115.0,2091.0
2026-06-17,IT,1983-06-01,1,58731,127.0,15706.0
2026-06-17,IT,2019-06-01,1,50185,183.0,2546.0
2026-06-17,IT,2005-06-01,1,59016,126.0,7677.0
2026-06-17,IT,2017-05-01,1,84352,63.0,3330.0
2026-06-17,IT,2005-11-01,1,51512,171.0,7506.0
2026-06-17,IT,2021-05-01,1,49309,191.0,1846.0
2026-06-17,IT,2023-11-01,1,49779,185.0,943.0
2026-06-17,IT,2012-10-01,1,57194,137.0,4999.0
2026-06-17,IT,2016-10-01,1,57300,135.0,3526.0
2026-06-17,IT,2025-11-01,1,91688,52.0,222.0
2026-06-17,IT,2023-06-01,1,48245,197.0,1104.0
2026-06-17,IT,2016-09-01,1,48451,195.0,3568.0
2026-06-17,IT,2025-12-01,1,51251,176.0,195.0
2026-06-17,IT,1993-01-01,1,61165,117.0,12220.0
2026-06-17,IT,2017-11-01,1,68156,94.0,3127.0
2026-06-17,IT,2020-10-01,1,50621,180.0,2056.0
2026-06-17,IT,2016-01-01,1,62299,113.0,3799.0
2026-06-17,IT,2000-10-01,1,49438,190.0,9367.0
2026-06-17,IT,2023-05-01,1,49687,187.0,1125.0
2026-06-17,IT,2013-01-01,1,96457,48.0,4915.0
2026-06-17,IT,2011-04-01,1,84479,61.0,5528.0
2026-06-17,IT,2024-09-01,1,66605,100.0,642.0
2026-06-17,IT,2005-05-01,1,50639,179.0,7691.0
2026-06-17,IT,1995-01-01,1,56923,140.0,11490.0
2026-06-17,IT,2023-02-01,1,62166,114.0,1223.0
2026-06-17,IT,2014-08-01,1,60796,122.0,4334.0
2026-06-17,IT,2022-05-01,1,108984,38.0,1503.0
2026-06-17,IT,2014-01-01,1,57696,132.0,4550.0
2026-06-17,IT,2012-01-01,2,201577,51.5,5281.0
2026-06-17,IT,2025-08-01,2,170749,88.5,295.5
2026-06-17,IT,1982-11-01,2,200821,45.0,15905.0
2026-06-17,IT,2020-06-01,2,103079,171.0,2193.5
2026-06-17,IT,2025-02-01,2,185235,94.5,489.0
2026-06-17,IT,2021-02-01,2,183882,91.0,1951.0
2026-06-17,IT,2024-02-01,2,101346,177.5,859.0
2026-06-17,IT,2025-10-01,2,152074,75.5,239.5
2026-06-17,IT,2019-10-01,3,147383,191.0,2425.3333333333335
2026-06-17,IT,2024-12-01,3,168496,156.33333333333334,552.0
2026-06-17,IT,2025-03-01,3,329884,67.66666666666666,446.0
2026-06-17,IT,2024-10-01,3,207956,99.66666666666667,600.0
2026-06-17,IT,2019-03-01,3,207752,96.0,2639.3333333333335
2026-06-17,IT,2025-07-01,3,210541,94.33333333333333,334.0
2026-06-17,IT,2025-05-01,3,170174,144.33333333333334,392.3333333333333
2026-06-17,IT,2024-11-01,4,297157,102.5,571.25
2026-06-17,IT,2025-06-01,5,295743,142.2,370.6
2026-06-17,IT,2025-01-01,6,563253,67.0,528.0
2026-06-17,IT,2025-09-01,6,413279,112.83333333333334,269.1666666666667
2026-06-17,IT,2024-06-01,7,397734,149.71428571428572,731.1428571428572
2026-06-17,IT,2025-04-01,7,583331,74.28571428571429,428.2857142857143
2026-06-17,IT,2026-03-01,8,861118,83.375,92.62500000000001
2026-06-17,IT,2026-06-01,12,1263820,58.66666666666667,9.416666666666668
2026-06-17,IT,2026-01-01,14,1221010,97.71428571428572,150.00000000000003
2026-06-17,IT,2026-02-01,14,1315284,81.7857142857143,116.2142857142857
2026-06-17,IT,2026-05-01,17,1938572,72.52941176470588,30.058823529411768
2026-06-17,IT,2026-04-01,20,2067262,73.15,65.00000000000001
2026-07-16,IT,2011-12-01,1,47808,200.0,5323.0
2026-07-16,IT,2016-01-01,1,63178,107.0,3828.0
2026-07-16,IT,2022-06-01,1,71512,84.0,1504.0
2026-07-16,IT,2017-05-01,1,86472,60.0,3359.0
2026-07-16,IT,2024-04-01,1,47897,199.0,832.0
2026-07-16,IT,2020-09-01,1,51898,170.0,2120.0
2026-07-16,IT,2023-05-01,1,52689,165.0,1154.0
2026-07-16,IT,2013-06-01,1,51456,175.0,4790.0
2026-07-16,IT,2020-10-01,1,58826,126.0,2085.0
2026-07-16,IT,2018-10-01,1,69337,91.0,2830.0
2026-07-16,IT,2018-11-01,1,49302,187.0,2785.0
2026-07-16,IT,1999-01-01,1,62570,110.0,10058.0
2026-07-16,IT,2012-10-01,1,55401,143.0,5028.0
2026-07-16,IT,2023-06-01,1,53364,159.0,1133.0
2026-07-16,IT,2018-02-01,1,54348,150.0,3079.0
2026-07-16,IT,2024-05-01,1,62929,109.0,790.0
2026-07-16,IT,2017-10-01,1,60471,116.0,3205.0
2026-07-16,IT,2019-06-01,1,54117,155.0,2575.0
2026-07-16,IT,2013-01-01,1,82808,65.0,4944.0
2026-07-16,IT,2022-09-01,1,72341,83.0,1399.0
2026-07-16,IT,1993-01-01,1,59274,123.0,12249.0
2026-07-16,IT,2011-04-01,1,63335,106.0,5557.0
2026-07-16,IT,2025-11-01,1,119406,30.0,251.0
2026-07-16,IT,2020-06-01,1,52000,168.0,2226.0
2026-07-16,IT,1998-01-01,1,81172,67.0,10423.0
2026-07-16,IT,2022-05-01,1,103143,44.0,1532.0
2026-07-16,IT,2017-03-01,1,48483,195.0,3408.0
2026-07-16,IT,2014-08-01,1,62950,108.0,4363.0
2026-07-16,IT,2018-04-01,1,51556,173.0,3009.0
2026-07-16,IT,2016-10-01,1,57751,131.0,3555.0
2026-07-16,IT,2006-09-01,1,48666,194.0,7229.0
2026-07-16,IT,2024-09-01,1,59925,119.0,671.0
2026-07-16,IT,2024-02-01,1,59225,124.0,895.0
2026-07-16,IT,2016-04-01,1,52780,164.0,3737.0
2026-07-16,IT,2022-07-01,1,52636,166.0,1471.0
2026-07-16,IT,1983-06-01,1,60431,117.0,15735.0
2026-07-16,IT,2017-11-01,1,48921,189.0,3156.0
2026-07-16,IT,2024-08-01,1,50510,177.0,706.0
2026-07-16,IT,1980-01-01,1,48818,190.0,16998.0
2026-07-16,IT,2012-12-01,1,67926,93.0,4969.0
2026-07-16,IT,2005-05-01,1,55314,144.0,7720.0
2026-07-16,IT,2016-09-01,2,107961,159.0,3597.0
2026-07-16,IT,2012-01-01,2,167262,91.0,5310.0
2026-07-16,IT,2023-07-01,2,99960,184.0,1098.5
2026-07-16,IT,2018-01-01,2,109222,153.5,3100.0
2026-07-16,IT,2021-02-01,2,180183,92.0,1980.0
2026-07-16,IT,1982-11-01,2,139976,90.0,15934.0
2026-07-16,IT,2025-02-01,2,201172,61.5,518.0
2026-07-16,IT,2025-10-01,2,171001,75.5,268.5
2026-07-16,IT,2025-07-01,3,201632,99.66666666666667,363.0
2026-07-16,IT,2024-10-01,3,197061,112.66666666666667,629.0
2026-07-16,IT,2023-11-01,3,161992,156.66666666666666,972.0
2026-07-16,IT,2019-03-01,3,203771,94.0,2668.3333333333335
2026-07-16,IT,1995-01-01,3,253724,104.0,11519.0
2026-07-16,IT,2024-12-01,3,178002,134.33333333333334,581.0
2026-07-16,IT,2025-08-01,3,227411,95.0,328.0
2026-07-16,IT,2025-06-01,3,166508,146.33333333333334,400.6666666666667
2026-07-16,IT,2025-03-01,4,370009,82.25,475.0
2026-07-16,IT,2024-11-01,4,257220,130.0,600.25
2026-07-16,IT,2025-09-01,4,281020,97.5,298.75
2026-07-16,IT,2025-05-01,4,219831,159.25,433.25
2026-07-16,IT,2024-06-01,6,341866,143.5,763.3333333333334
2026-07-16,IT,2025-01-01,6,642453,47.333333333333336,557.0
2026-07-16,IT,2025-04-01,7,518304,100.42857142857143,457.2857142857143
2026-07-16,IT,2026-03-01,7,763041,67.71428571428572,121.0
2026-07-16,IT,2026-07-01,9,715842,88.11111111111111,7.222222222222222
2026-07-16,IT,2026-06-01,13,1332895,63.84615384615385,34.46153846153846
2026-07-16,IT,2026-02-01,13,1137131,93.07692307692307,144.53846153846158
2026-07-16,IT,2026-05-01,13,1656094,51.92307692307693,61.23076923076923
2026-07-16,IT,2026-01-01,14,1307589,87.0,180.00000000000003
2026-07-16,IT,2026-04-01,15,1567737,70.60000000000001,94.39999999999999
2026-06-15,IT,2022-07-01,1,48102,181.0,1440.0
2026-06-15,IT,2011-04-01,1,82061,61.0,5526.0
2026-06-15,IT,2020-09-01,1,64840,99.0,2089.0
2026-06-15,IT,1983-06-01,1,56099,132.0,15704.0
2026-06-15,IT,2013-06-01,1,50294,163.0,4759.0
2026-06-15,IT,2016-10-01,1,52386,148.0,3524.0
2026-06-15,IT,2016-09-01,1,47655,188.0,3566.0
2026-06-15,IT,2020-10-01,1,47999,185.0,2054.0
2026-06-15,IT,2018-11-01,1,56379,130.0,2754.0
2026-06-15,IT,2011-12-01,1,55870,135.0,5292.0
2026-06-15,IT,2022-09-01,1,70512,82.0,1368.0
2026-06-15,IT,2021-05-01,1,51865,150.0,1844.0
2026-06-15,IT,2017-03-01,1,48023,183.0,3377.0
2026-06-15,IT,1993-01-01,1,68663,87.0,12218.0
2026-06-15,IT,2016-01-01,1,67193,92.0,3797.0
2026-06-15,IT,2024-02-01,1,50981,157.0,864.0
2026-06-15,IT,2025-12-01,1,48935,174.0,193.0
2026-06-15,IT,2023-02-01,1,53042,143.0,1221.0
2026-06-15,IT,2018-01-01,1,50428,160.0,3069.0
2026-06-15,IT,2025-11-01,1,89292,53.0,220.0
2026-06-15,IT,1996-10-01,1,49891,168.0,10822.0
2026-06-15,IT,2024-08-01,1,46518,199.0,675.0
2026-06-15,IT,2018-10-01,1,83254,59.0,2799.0
2026-06-15,IT,2013-01-01,1,97768,42.0,4913.0
2026-06-15,IT,2019-10-01,1,51001,156.0,2419.0
2026-06-15,IT,2024-09-01,1,66566,95.0,640.0
2026-06-15,IT,2014-01-01,1,53354,142.0,4548.0
2026-06-15,IT,1995-01-01,1,55917,134.0,11488.0
2026-06-15,IT,2005-06-01,1,58832,121.0,7675.0
2026-06-15,IT,2023-06-01,1,48271,180.0,1102.0
2026-06-15,IT,1998-01-01,1,59222,119.0,10392.0
2026-06-15,IT,2017-05-01,1,83426,58.0,3328.0
2026-06-15,IT,2005-05-01,1,46655,198.0,7689.0
2026-06-15,IT,2016-04-01,1,51685,152.0,3706.0
2026-06-15,IT,2024-05-01,1,50918,158.0,759.0
2026-06-15,IT,2019-06-01,1,46887,194.0,2544.0
2026-06-15,IT,2012-10-01,1,61918,109.0,4997.0
2026-06-15,IT,2023-09-01,1,58613,122.0,990.0
2026-06-15,IT,2017-11-01,1,70122,84.0,3125.0
2026-06-15,IT,2022-06-01,1,63014,103.0,1473.0
2026-06-15,IT,2014-08-01,1,60964,112.0,4332.0
2026-06-15,IT,2018-06-01,1,52738,145.0,2908.0
2026-06-15,IT,2022-05-01,1,100842,38.0,1501.0
2026-06-15,IT,2024-10-01,2,137687,86.5,598.0
2026-06-15,IT,2021-02-01,2,169174,102.5,1949.0
2026-06-15,IT,2023-11-01,2,93918,193.0,941.0
2026-06-15,IT,1982-11-01,2,198795,40.5,15903.0
2026-06-15,IT,2025-02-01,2,182491,103.5,487.0
2026-06-15,IT,2025-10-01,2,139177,84.5,237.5
2026-06-15,IT,2025-08-01,2,148333,102.5,293.5
2026-06-15,IT,2012-01-01,2,201998,47.5,5279.0
2026-06-15,IT,2020-06-01,2,102466,162.5,2191.5
2026-06-15,IT,2019-03-01,3,194841,100.66666666666667,2637.3333333333335
2026-06-15,IT,2025-07-01,3,209790,95.0,332.0
2026-06-15,IT,2024-12-01,3,161703,153.33333333333334,550.0
2026-06-15,IT,2025-03-01,3,345020,46.0,444.0
2026-06-15,IT,2025-05-01,4,214520,153.25,395.25
2026-06-15,IT,2025-06-01,4,221067,144.25,367.25
2026-06-15,IT,2024-11-01,4,260750,132.0,569.25
2026-06-15,IT,2025-09-01,5,349612,97.4,268.2
2026-06-15,IT,2025-01-01,6,516658,75.33333333333333,526.0
2026-06-15,IT,2024-06-01,6,344412,135.66666666666669,727.6666666666667
2026-06-15,IT,2026-03-01,8,824707,83.75,90.62500000000001
2026-06-15,IT,2025-04-01,8,638851,80.75000000000001,426.875
2026-06-15,IT,2026-06-01,13,1334079,59.38461538461539,7.076923076923077
2026-06-15,IT,2026-02-01,14,1254853,82.57142857142857,114.2142857142857
2026-06-15,IT,2026-01-01,14,1147296,103.0,147.0
2026-06-15,IT,2026-05-01,20,1974663,90.14999999999999,28.15
2026-06-15,IT,2026-04-01,20,1996324,68.6,63.0
2026-06-11,IT,2024-09-01,1,74014,78.0,636.0
2026-06-11,IT,2005-05-01,1,52219,164.0,7685.0
2026-06-11,IT,2014-08-01,1,64012,110.0,4328.0
2026-06-11,IT,2018-11-01,1,59966,123.0,2750.0
2026-06-11,IT,2022-05-01,1,113246,35.0,1497.0
2026-06-11,IT,2022-06-01,1,73324,82.0,1469.0
2026-06-11,IT,2023-06-01,1,52529,161.0,1098.0
2026-06-11,IT,2005-06-01,1,63322,113.0,7671.0
2026-06-11,IT,2014-01-01,1,57402,131.0,4544.0
2026-06-11,IT,2024-08-01,1,48989,192.0,671.0
2026-06-11,IT,2020-10-01,1,54223,144.0,2050.0
2026-06-11,IT,2020-09-01,1,71741,89.0,2085.0
2026-06-11,IT,2015-05-01,1,54645,141.0,4034.0
2026-06-11,IT,2023-01-01,1,51396,174.0,1231.0
2026-06-11,IT,2016-10-01,1,56651,134.0,3520.0
2026-06-11,IT,1983-06-01,1,59803,125.0,15700.0
2026-06-11,IT,1993-01-01,1,61720,118.0,12214.0
2026-06-11,IT,2016-09-01,1,48600,200.0,3562.0
2026-06-11,IT,2018-01-01,1,51581,173.0,3065.0
2026-06-11,IT,2024-05-01,1,49219,190.0,755.0
2026-06-11,IT,2011-12-01,1,60266,122.0,5288.0
2026-06-11,IT,2025-12-01,1,57116,132.0,189.0
2026-06-11,IT,2023-05-01,1,52603,160.0,1119.0
2026-06-11,IT,2024-04-01,1,49052,191.0,797.0
2026-06-11,IT,2016-04-01,1,54100,145.0,3702.0
2026-06-11,IT,2022-09-01,1,75719,74.0,1364.0
2026-06-11,IT,2011-04-01,1,93969,51.0,5522.0
2026-06-11,IT,1998-01-01,1,64396,109.0,10388.0
2026-06-11,IT,2016-01-01,1,71442,90.0,3793.0
2026-06-11,IT,2019-10-01,1,53066,155.0,2415.0
2026-06-11,IT,2017-05-01,1,91332,52.0,3324.0
2026-06-11,IT,2025-11-01,1,85202,59.0,216.0
2026-06-11,IT,2023-02-01,1,52204,165.0,1217.0
2026-06-11,IT,2018-10-01,1,90171,53.0,2795.0
2026-06-11,IT,2017-11-01,1,77126,71.0,3121.0
2026-06-11,IT,2022-07-01,1,52072,167.0,1436.0
2026-06-11,IT,2012-10-01,1,63012,114.0,4993.0
2026-06-11,IT,1987-08-01,1,51789,169.0,14164.0
2026-06-11,IT,2017-03-01,1,55774,138.0,3373.0
2026-06-11,IT,2025-02-01,2,194089,88.0,483.0
2026-06-11,IT,2025-08-01,2,161541,94.0,289.5
2026-06-11,IT,2023-11-01,2,98918,189.5,937.0
2026-06-11,IT,2020-06-01,2,104730,165.5,2187.5
2026-06-11,IT,2012-01-01,2,225642,41.5,5275.0
2026-06-11,IT,2024-02-01,2,104457,168.0,853.0
2026-06-11,IT,1995-01-01,2,118911,130.5,11484.0
2026-06-11,IT,2025-10-01,2,153622,72.0,233.5
2026-06-11,IT,2024-12-01,2,119811,142.0,543.0
2026-06-11,IT,2018-06-01,2,100053,183.5,2918.0
2026-06-11,IT,2013-01-01,2,156142,110.0,4909.0
2026-06-11,IT,2021-02-01,2,185837,91.0,1945.0
2026-06-11,IT,2024-10-01,3,192661,113.33333333333333,594.0
2026-06-11,IT,2019-03-01,3,217759,88.0,2633.3333333333335
2026-06-11,IT,2025-05-01,3,179671,134.0,386.3333333333333
2026-06-11,IT,2025-07-01,3,223985,93.0,328.0
2026-06-11,IT,2025-03-01,3,378289,45.33333333333333,440.0
2026-06-11,IT,1982-11-01,3,269992,90.66666666666666,15899.0
2026-06-11,IT,2024-11-01,4,281192,138.5,565.25
2026-06-11,IT,2025-06-01,4,265367,112.75,363.25
2026-06-11,IT,2025-09-01,5,364768,97.2,264.2
2026-06-11,IT,2024-06-01,6,348217,145.83333333333334,723.6666666666667
2026-06-11,IT,2025-01-01,6,586287,63.0,522.0
2026-06-11,IT,2026-06-01,7,964634,53.142857142857146,6.428571428571429
2026-06-11,IT,2025-04-01,8,664368,84.625,422.875
2026-06-11,IT,2026-03-01,8,869651,82.24999999999999,86.62500000000001
2026-06-11,IT,2026-02-01,14,1382409,75.35714285714286,110.2142857142857
2026-06-11,IT,2026-01-01,15,1200631,116.93333333333334,142.26666666666668
2026-06-11,IT,2026-04-01,20,2158530,65.2,59.349999999999994
2026-06-11,IT,2026-05-01,21,2195378,89.04761904761905,23.952380952380953
2026-06-24,IT,2022-05-01,1,102086,43.0,1510.0
2026-06-24,IT,2012-10-01,1,52876,158.0,5006.0
2026-06-24,IT,2020-09-01,1,57085,131.0,2098.0
2026-06-24,IT,2014-08-01,1,55228,142.0,4341.0
2026-06-24,IT,2016-01-01,1,64678,102.0,3806.0
2026-06-24,IT,2011-04-01,1,72425,76.0,5535.0
2026-06-24,IT,2023-02-01,1,74529,72.0,1230.0
2026-06-24,IT,2025-11-01,1,109728,34.0,229.0
2026-06-24,IT,1996-10-01,1,50319,171.0,10831.0
2026-06-24,IT,2022-07-01,1,51074,167.0,1449.0
2026-06-24,IT,2018-10-01,1,71200,78.0,2808.0
2026-06-24,IT,2017-03-01,1,50417,170.0,3386.0
2026-06-24,IT,1992-01-01,1,48419,190.0,12593.0
2026-06-24,IT,2020-05-01,1,47824,197.0,2234.0
2026-06-24,IT,2023-06-01,1,55777,139.0,1118.0
2026-06-24,IT,2013-01-01,1,96233,50.0,4922.0
2026-06-24,IT,2024-02-01,1,51213,166.0,873.0
2026-06-24,IT,2022-09-01,1,72240,77.0,1377.0
2026-06-24,IT,2016-09-01,1,54187,151.0,3575.0
2026-06-24,IT,2011-12-01,1,57694,127.0,5301.0
2026-06-24,IT,2019-06-01,1,48095,195.0,2553.0
2026-06-24,IT,2017-11-01,1,60184,116.0,3134.0
2026-06-24,IT,2005-05-01,1,49008,185.0,7698.0
2026-06-24,IT,2016-04-01,1,50110,172.0,3715.0
2026-06-24,IT,2018-11-01,1,54076,155.0,2763.0
2026-06-24,IT,2025-12-01,1,49869,174.0,202.0
2026-06-24,IT,2024-05-01,1,49738,175.0,768.0
2026-06-24,IT,2013-06-01,1,54911,145.0,4768.0
2026-06-24,IT,2022-06-01,1,60778,114.0,1482.0
2026-06-24,IT,1993-01-01,1,74218,73.0,12227.0
2026-06-24,IT,2012-12-01,1,48790,186.0,4947.0
2026-06-24,IT,2016-10-01,1,51746,164.0,3533.0
2026-06-24,IT,1983-06-01,1,58725,124.0,15713.0
2026-06-24,IT,2024-09-01,1,59847,119.0,649.0
2026-06-24,IT,2017-05-01,1,81159,66.0,3337.0
2026-06-24,IT,2018-06-01,1,49874,173.0,2917.0
2026-06-24,IT,2025-02-01,1,133471,18.0,490.0
2026-06-24,IT,2025-10-01,2,138977,86.0,246.5
2026-06-24,IT,2020-06-01,2,106976,156.5,2200.5
2026-06-24,IT,2024-12-01,2,113118,143.5,556.0
2026-06-24,IT,2021-02-01,2,191484,99.5,1958.0
2026-06-24,IT,2012-01-01,2,186006,79.0,5288.0
2026-06-24,IT,2018-01-01,2,101643,176.0,3078.0
2026-06-24,IT,1998-01-01,2,115143,140.5,10401.0
2026-06-24,IT,1982-11-01,2,173955,59.0,15912.0
2026-06-24,IT,2023-11-01,2,100945,172.0,950.0
2026-06-24,IT,2024-11-01,3,218151,110.33333333333333,575.6666666666666
2026-06-24,IT,2019-03-01,3,192432,104.66666666666667,2646.3333333333335
2026-06-24,IT,2025-03-01,3,323668,62.33333333333333,453.0
2026-06-24,IT,2025-05-01,3,159120,162.0,404.3333333333333
2026-06-24,IT,2025-06-01,3,183696,119.0,378.6666666666667
2026-06-24,IT,1995-01-01,3,166679,142.33333333333334,11497.0
2026-06-24,IT,2025-08-01,3,227076,116.0,306.0
2026-06-24,IT,2025-07-01,3,196900,98.33333333333333,341.0
2026-06-24,IT,2024-10-01,4,284243,94.5,607.0
2026-06-24,IT,2025-01-01,6,515199,81.5,535.0
2026-06-24,IT,2024-06-01,6,331792,147.83333333333334,736.6666666666667
2026-06-24,IT,2025-04-01,7,554734,84.28571428571429,435.2857142857143
2026-06-24,IT,2026-03-01,8,857422,76.12500000000001,99.62500000000001
2026-06-24,IT,2025-09-01,8,534324,114.625,274.87500000000006
2026-06-24,IT,2026-02-01,13,1203263,79.38461538461539,122.07692307692307
2026-06-24,IT,2026-01-01,15,1339747,92.46666666666668,156.19999999999996
2026-06-24,IT,2026-05-01,17,1877025,85.58823529411765,37.411764705882355
2026-06-24,IT,2026-06-01,18,1783141,62.38888888888889,12.499999999999998
2026-06-24,IT,2026-04-01,19,1941435,77.31578947368422,70.47368421052632
2026-07-11,IT,2024-09-01,1,84550,77.0,666.0
2026-07-11,IT,2017-11-01,1,57457,163.0,3151.0
2026-07-11,IT,1992-01-01,1,54006,184.0,12610.0
2026-07-11,IT,2020-09-01,1,53232,189.0,2115.0
2026-07-11,IT,1993-01-01,1,82087,81.0,12244.0
2026-07-11,IT,2017-10-01,1,68297,113.0,3200.0
2026-07-11,IT,2012-12-01,1,51379,200.0,4964.0
2026-07-11,IT,2023-07-01,1,59320,152.0,1100.0
2026-07-11,IT,2018-11-01,1,55514,177.0,2780.0
2026-07-11,IT,2018-02-01,1,69068,111.0,3074.0
2026-07-11,IT,2016-01-01,1,63678,129.0,3823.0
2026-07-11,IT,2019-09-01,1,51739,197.0,2493.0
2026-07-11,IT,1995-01-01,1,100132,53.0,11514.0
2026-07-11,IT,2023-02-01,1,55498,178.0,1247.0
2026-07-11,IT,2022-05-01,1,96050,57.0,1527.0
2026-07-11,IT,2016-10-01,1,57478,162.0,3550.0
2026-07-11,IT,2016-04-01,1,57985,158.0,3732.0
2026-07-11,IT,2011-12-01,1,56249,174.0,5318.0
2026-07-11,IT,2019-04-01,1,60700,143.0,2654.0
2026-07-11,IT,2022-09-01,1,63232,131.0,1394.0
2026-07-11,IT,2024-05-01,1,72462,100.0,785.0
2026-07-11,IT,2005-05-01,1,60615,144.0,7715.0
2026-07-11,IT,2025-11-01,1,132841,30.0,246.0
2026-07-11,IT,2022-06-01,1,72661,98.0,1499.0
2026-07-11,IT,2012-10-01,1,60559,145.0,5023.0
2026-07-11,IT,2021-02-01,1,153470,21.0,1975.0
2026-07-11,IT,2017-05-01,1,84745,74.0,3354.0
2026-07-11,IT,2016-06-01,1,55074,179.0,3669.0
2026-07-11,IT,1983-06-01,1,57537,160.0,15730.0
2026-07-11,IT,2013-06-01,1,57186,166.0,4785.0
2026-07-11,IT,2018-04-01,1,56795,169.0,3004.0
2026-07-11,IT,2022-07-01,1,53565,188.0,1466.0
2026-07-11,IT,2014-08-01,1,64894,127.0,4358.0
2026-07-11,IT,2020-10-01,1,52703,192.0,2080.0
2026-07-11,IT,2018-10-01,1,67257,119.0,2825.0
2026-07-11,IT,2013-01-01,1,90671,67.0,4939.0
2026-07-11,IT,2011-04-01,1,68041,114.0,5552.0
2026-07-11,IT,1999-01-01,1,65081,125.0,10053.0
2026-07-11,IT,2024-02-01,2,108665,183.5,883.0
2026-07-11,IT,2012-01-01,2,182104,92.5,5305.0
2026-07-11,IT,2025-08-01,2,183895,65.5,323.0
2026-07-11,IT,1982-11-01,2,166998,78.0,15929.0
2026-07-11,IT,2020-06-01,2,117506,156.0,2217.5
2026-07-11,IT,2024-11-01,2,172802,71.5,593.0
2026-07-11,IT,2018-01-01,2,128035,133.5,3095.0
2026-07-11,IT,2024-10-01,2,144076,101.0,624.0
2026-07-11,IT,2025-02-01,2,201946,98.5,513.0
2026-07-11,IT,2016-09-01,2,118195,154.0,3592.0
2026-07-11,IT,1998-01-01,2,119729,156.0,10418.0
2026-07-11,IT,2025-10-01,2,172160,80.0,263.5
2026-07-11,IT,2019-03-01,3,215490,103.0,2663.3333333333335
2026-07-11,IT,2023-11-01,3,177641,157.0,967.0
2026-07-11,IT,2025-07-01,3,237134,87.0,358.0
2026-07-11,IT,2024-12-01,3,189462,143.0,576.0
2026-07-11,IT,2025-06-01,4,246488,143.25,393.25
2026-07-11,IT,2025-09-01,4,287215,116.5,293.75
2026-07-11,IT,2025-03-01,4,395988,88.75,470.0
2026-07-11,IT,2025-05-01,4,243937,147.5,424.75
2026-07-11,IT,2025-01-01,5,518311,61.0,552.0
2026-07-11,IT,2024-06-01,7,444127,143.57142857142856,758.1428571428571
2026-07-11,IT,2026-03-01,8,894086,88.5,116.62500000000001
2026-07-11,IT,2025-04-01,8,628419,111.625,452.875
2026-07-11,IT,2026-02-01,12,1228544,79.5,139.33333333333334
2026-07-11,IT,2026-05-01,13,1838720,52.15384615384615,55.23076923076923
2026-07-11,IT,2026-01-01,14,1446659,85.7857142857143,174.99999999999997
2026-07-11,IT,2026-04-01,14,1616986,68.85714285714286,89.71428571428572
2026-07-11,IT,2026-07-01,14,1430593,68.57142857142858,2.142857142857143
2026-07-11,IT,2026-06-01,15,1622815,79.39999999999999,29.46666666666667
2026-06-14,IT,2024-02-01,1,53166,139.0,863.0
2026-06-14,IT,2018-10-01,1,78845,62.0,2798.0
2026-06-14,IT,2020-06-01,1,53771,134.0,2187.0
2026-06-14,IT,2019-10-01,1,45675,194.0,2418.0
2026-06-14,IT,2025-12-01,1,52366,143.0,192.0
2026-06-14,IT,1993-01-01,1,63909,92.0,12217.0
2026-06-14,IT,2018-06-01,1,50236,154.0,2907.0
2026-06-14,IT,2013-06-01,1,48140,172.0,4758.0
2026-06-14,IT,2016-10-01,1,51717,147.0,3523.0
2026-06-14,IT,2022-09-01,1,66725,85.0,1367.0
2026-06-14,IT,2016-09-01,1,49760,155.0,3565.0
2026-06-14,IT,2011-12-01,1,59067,116.0,5291.0
2026-06-14,IT,2017-11-01,1,69285,80.0,3124.0
2026-06-14,IT,2012-10-01,1,54762,129.0,4996.0
2026-06-14,IT,2020-12-01,1,47332,181.0,2018.0
2026-06-14,IT,1987-08-01,1,46835,183.0,14167.0
2026-06-14,IT,1983-06-01,1,57095,122.0,15703.0
2026-06-14,IT,2024-05-01,1,51102,150.0,758.0
2026-06-14,IT,2023-11-01,1,47724,177.0,940.0
2026-06-14,IT,2022-06-01,1,60411,106.0,1472.0
2026-06-14,IT,2022-05-01,1,108301,31.0,1500.0
2026-06-14,IT,2013-01-01,1,99864,37.0,4912.0
2026-06-14,IT,1998-01-01,1,55651,125.0,10391.0
2026-06-14,IT,2005-05-01,1,55315,127.0,7688.0
2026-06-14,IT,2014-01-01,1,53747,135.0,4547.0
2026-06-14,IT,2020-09-01,1,59713,110.0,2088.0
2026-06-14,IT,2023-02-01,1,47628,178.0,1220.0
2026-06-14,IT,2019-06-01,1,47840,175.0,2543.0
2026-06-14,IT,2018-01-01,1,49327,159.0,3068.0
2026-06-14,IT,2017-03-01,1,46214,190.0,3376.0
2026-06-14,IT,2017-05-01,1,84211,53.0,3327.0
2026-06-14,IT,2020-05-01,1,46392,189.0,2224.0
2026-06-14,IT,2015-05-01,1,47360,180.0,4037.0
2026-06-14,IT,2024-09-01,1,61443,104.0,639.0
2026-06-14,IT,2023-05-01,1,48142,171.0,1129.0
2026-06-14,IT,2020-10-01,1,49586,156.0,2053.0
2026-06-14,IT,2025-11-01,1,94778,41.0,219.0
2026-06-14,IT,2005-06-01,1,59763,109.0,7674.0
2026-06-14,IT,2023-06-01,1,48838,164.0,1101.0
2026-06-14,IT,2022-07-01,1,48467,169.0,1439.0
2026-06-14,IT,2016-01-01,1,63181,95.0,3796.0
2026-06-14,IT,2016-04-01,1,50671,153.0,3705.0
2026-06-14,IT,2011-04-01,1,78060,63.0,5525.0
2026-06-14,IT,1996-10-01,1,51867,145.0,10821.0
2026-06-14,IT,2018-11-01,1,52440,142.0,2753.0
2026-06-14,IT,2014-08-01,1,59406,113.0,4331.0
2026-06-14,IT,2021-02-01,2,172247,106.5,1948.0
2026-06-14,IT,1999-11-01,2,93445,184.5,9693.0
2026-06-14,IT,2025-02-01,2,182605,107.5,483.5
2026-06-14,IT,2012-01-01,2,209618,43.5,5278.0
2026-06-14,IT,2025-10-01,2,140514,77.5,236.5
2026-06-14,IT,2024-10-01,2,131169,89.5,597.0
2026-06-14,IT,2025-08-01,2,146657,117.5,292.5
2026-06-14,IT,1982-11-01,2,203974,37.5,15902.0
2026-06-14,IT,1995-01-01,2,101099,152.0,11487.0
2026-06-14,IT,2025-03-01,3,324305,53.0,443.0
2026-06-14,IT,2024-11-01,3,219196,125.33333333333333,565.6666666666666
2026-06-14,IT,2019-03-01,3,196022,94.66666666666667,2636.3333333333335
2026-06-14,IT,2025-07-01,3,212872,78.66666666666667,331.0
2026-06-14,IT,2024-12-01,4,217028,138.5,549.75
2026-06-14,IT,2025-06-01,4,227279,128.25,366.25
2026-06-14,IT,2025-05-01,4,215964,142.0,394.25
2026-06-14,IT,2025-09-01,5,329125,107.4,267.2
2026-06-14,IT,2025-01-01,6,541230,68.16666666666667,525.0
2026-06-14,IT,2024-06-01,7,387904,137.71428571428572,728.1428571428572
2026-06-14,IT,2025-04-01,8,611870,87.125,425.875
2026-06-14,IT,2026-03-01,8,860925,81.875,89.62500000000001
2026-06-14,IT,2026-06-01,13,1254396,66.99999999999999,6.076923076923077
2026-06-14,IT,2026-02-01,13,1239803,68.0,112.07692307692307
2026-06-14,IT,2026-01-01,14,1091000,111.21428571428572,146.0
2026-06-14,IT,2026-05-01,17,1735087,80.64705882352939,27.058823529411768
2026-06-14,IT,2026-04-01,20,1936191,72.99999999999997,62.0
2026-06-19,IT,2011-12-01,1,58851,160.0,5296.0
2026-06-19,IT,2017-03-01,1,53205,200.0,3381.0
2026-06-19,IT,2021-02-01,1,137186,27.0,1953.0
2026-06-19,IT,1983-06-01,1,60429,153.0,15708.0
2026-06-19,IT,2014-08-01,1,63071,142.0,4336.0
2026-06-19,IT,2011-04-01,1,87506,79.0,5530.0
2026-06-19,IT,2020-10-01,1,55142,183.0,2058.0
2026-06-19,IT,2022-07-01,1,59386,156.0,1444.0
2026-06-19,IT,2024-08-01,1,55098,184.0,679.0
2026-06-19,IT,2025-11-01,1,111982,49.0,224.0
2026-06-19,IT,2016-04-01,1,57970,166.0,3710.0
2026-06-19,IT,2020-09-01,1,66022,130.0,2093.0
2026-06-19,IT,2024-09-01,1,74075,105.0,644.0
2026-06-19,IT,2005-11-01,1,53579,194.0,7508.0
2026-06-19,IT,2013-01-01,1,105406,56.0,4917.0
2026-06-19,IT,2018-10-01,1,88585,77.0,2803.0
2026-06-19,IT,2023-09-01,1,55236,182.0,994.0
2026-06-19,IT,2023-02-01,1,77721,92.0,1225.0
2026-06-19,IT,2016-10-01,1,58408,164.0,3528.0
2026-06-19,IT,2017-05-01,1,91178,72.0,3332.0
2026-06-19,IT,2022-06-01,1,75019,101.0,1477.0
2026-06-19,IT,2017-11-01,1,67518,127.0,3129.0
2026-06-19,IT,2020-06-01,1,55920,176.0,2199.0
2026-06-19,IT,2022-09-01,1,75428,98.0,1372.0
2026-06-19,IT,2012-10-01,1,61286,149.0,5001.0
2026-06-19,IT,2022-05-01,1,119686,39.0,1505.0
2026-06-19,IT,2019-06-01,1,54547,187.0,2548.0
2026-06-19,IT,2005-05-01,1,60216,154.0,7693.0
2026-06-19,IT,2016-01-01,1,66457,129.0,3801.0
2026-06-19,IT,2005-06-01,1,56207,173.0,7679.0
2026-06-19,IT,2025-12-01,1,58844,161.0,197.0
2026-06-19,IT,1993-01-01,1,73515,108.0,12222.0
2026-06-19,IT,2014-01-01,1,53790,191.0,4552.0
2026-06-19,IT,1996-10-01,1,56001,174.0,10826.0
2026-06-19,IT,1998-01-01,1,73905,107.0,10396.0
2026-06-19,IT,2018-11-01,1,63290,140.0,2758.0
2026-06-19,IT,1982-11-01,2,213379,53.5,15907.0
2026-06-19,IT,2024-02-01,2,111992,178.5,861.0
2026-06-19,IT,2023-05-01,2,107926,192.0,1130.5
2026-06-19,IT,2024-12-01,2,133772,132.5,551.0
2026-06-19,IT,2012-01-01,2,210818,72.0,5283.0
2026-06-19,IT,1995-01-01,2,123816,148.0,11492.0
2026-06-19,IT,2025-10-01,2,162141,86.0,241.5
2026-06-19,IT,2025-08-01,2,196432,101.0,297.5
2026-06-19,IT,2025-02-01,2,204971,104.5,491.0
2026-06-19,IT,2025-03-01,3,380477,54.333333333333336,448.0
2026-06-19,IT,2024-11-01,3,245038,107.33333333333333,574.3333333333334
2026-06-19,IT,2025-07-01,3,233973,98.33333333333333,336.0
2026-06-19,IT,2025-05-01,3,181470,157.66666666666666,394.3333333333333
2026-06-19,IT,2019-03-01,3,223920,107.0,2641.3333333333335
2026-06-19,IT,2024-10-01,4,326493,97.25,602.0
2026-06-19,IT,2025-06-01,4,257123,145.0,371.25
2026-06-19,IT,2025-01-01,6,620014,71.33333333333334,530.0
2026-06-19,IT,2025-04-01,7,610655,89.57142857142857,430.2857142857143
2026-06-19,IT,2024-06-01,7,445051,145.42857142857144,733.1428571428572
2026-06-19,IT,2025-09-01,8,589022,125.5,269.87500000000006
2026-06-19,IT,2026-03-01,8,978479,81.375,94.62500000000001
2026-06-19,IT,2026-01-01,13,1320230,98.84615384615384,152.9230769230769
2026-06-19,IT,2026-02-01,14,1418121,90.50000000000001,118.2142857142857
2026-06-19,IT,2026-05-01,16,2060818,85.56250000000001,32.3125
2026-06-19,IT,2026-04-01,19,2218467,74.31578947368422,66.21052631578948
2026-06-19,IT,2026-06-01,25,2928405,63.0,5.5600000000000005
2026-06-13,IT,2020-12-01,1,51579,198.0,2017.0
2026-06-13,IT,2016-10-01,1,58212,159.0,3522.0
2026-06-13,IT,2025-11-01,1,115679,37.0,218.0
2026-06-13,IT,2022-06-01,1,72253,105.0,1471.0
2026-06-13,IT,2025-12-01,1,60097,151.0,191.0
2026-06-13,IT,2011-04-01,1,98186,52.0,5524.0
2026-06-13,IT,1993-01-01,1,75232,94.0,12216.0
2026-06-13,IT,2013-06-01,1,52180,190.0,4757.0
2026-06-13,IT,2005-05-01,1,64468,125.0,7687.0
2026-06-13,IT,2014-01-01,1,64274,128.0,4546.0
2026-06-13,IT,2020-10-01,1,60720,146.0,2052.0
2026-06-13,IT,2013-01-01,1,111582,40.0,4911.0
2026-06-13,IT,2011-12-01,1,71106,109.0,5290.0
2026-06-13,IT,2014-08-01,1,64537,123.0,4330.0
2026-06-13,IT,1987-08-01,1,53797,174.0,14166.0
2026-06-13,IT,2016-01-01,1,71630,107.0,3795.0
2026-06-13,IT,2018-11-01,1,65281,122.0,2752.0
2026-06-13,IT,2024-09-01,1,76316,90.0,638.0
2026-06-13,IT,2012-10-01,1,64458,126.0,4995.0
2026-06-13,IT,2005-06-01,1,72211,106.0,7673.0
2026-06-13,IT,2018-01-01,1,54538,170.0,3067.0
2026-06-13,IT,2022-09-01,1,76057,92.0,1366.0
2026-06-13,IT,2016-09-01,1,53752,175.0,3564.0
2026-06-13,IT,2022-05-01,1,131780,29.0,1499.0
2026-06-13,IT,2020-03-01,1,51330,200.0,2284.0
2026-06-13,IT,2018-10-01,1,88042,65.0,2797.0
2026-06-13,IT,2017-05-01,1,92828,61.0,3326.0
2026-06-13,IT,2019-10-01,1,52734,184.0,2430.0
2026-06-13,IT,1983-06-01,1,63333,132.0,15702.0
2026-06-13,IT,2016-04-01,1,61767,140.0,3704.0
2026-06-13,IT,2020-09-01,1,64176,129.0,2087.0
2026-06-13,IT,2025-08-01,1,109396,44.0,288.0
2026-06-13,IT,1996-10-01,1,64125,130.0,10820.0
2026-06-13,IT,1998-01-01,1,64399,127.0,10390.0
2026-06-13,IT,2023-05-01,1,56609,165.0,1128.0
2026-06-13,IT,2011-06-01,1,51423,199.0,5475.0
2026-06-13,IT,2023-02-01,1,57693,161.0,1219.0
2026-06-13,IT,2020-05-01,1,54056,172.0,2223.0
2026-06-13,IT,2015-05-01,1,57438,164.0,4036.0
2026-06-13,IT,2017-11-01,1,77989,83.0,3123.0
2026-06-13,IT,2017-03-01,1,54678,168.0,3375.0
2026-06-13,IT,2022-07-01,1,58439,157.0,1438.0
2026-06-13,IT,2019-06-01,1,58230,158.0,2542.0
2026-06-13,IT,2023-06-01,1,53413,177.0,1100.0
2026-06-13,IT,2024-02-01,1,61907,138.0,862.0
2026-06-13,IT,2020-06-01,2,113426,165.0,2189.5
2026-06-13,IT,1982-11-01,2,238147,37.5,15901.0
2026-06-13,IT,2024-10-01,2,138959,114.5,596.0
2026-06-13,IT,2025-02-01,2,216587,105.0,482.5
2026-06-13,IT,1995-01-01,2,127381,137.0,11486.0
2026-06-13,IT,2018-06-01,2,104736,188.5,2920.0
2026-06-13,IT,2025-10-01,2,163023,77.0,235.5
2026-06-13,IT,2012-01-01,2,246157,42.0,5277.0
2026-06-13,IT,2023-11-01,2,104661,189.0,939.0
2026-06-13,IT,2021-02-01,2,194859,107.0,1947.0
2026-06-13,IT,2025-03-01,3,381883,50.666666666666664,442.0
2026-06-13,IT,2019-03-01,3,230262,91.33333333333333,2635.3333333333335
2026-06-13,IT,2025-07-01,3,244442,81.0,330.0
2026-06-13,IT,2025-06-01,4,269566,123.5,365.25
2026-06-13,IT,2025-09-01,4,323222,90.0,265.75
2026-06-13,IT,2024-12-01,4,256357,138.75,548.75
2026-06-13,IT,2024-11-01,5,354225,152.6,567.4
2026-06-13,IT,2024-06-01,5,344774,118.8,723.6
2026-06-13,IT,2025-05-01,5,291133,159.6,392.0
2026-06-13,IT,2025-01-01,6,660573,60.166666666666664,524.0
2026-06-13,IT,2025-04-01,7,648902,71.99999999999999,424.2857142857143
2026-06-13,IT,2026-03-01,8,1005087,78.5,88.62500000000001
2026-06-13,IT,2026-06-01,13,1495228,66.84615384615384,5.076923076923077
2026-06-13,IT,2026-01-01,13,1181526,108.92307692307692,145.84615384615384
2026-06-13,IT,2026-02-01,14,1485486,78.64285714285715,112.2142857142857
2026-06-13,IT,2026-05-01,18,2132154,80.94444444444444,25.833333333333332
2026-06-13,IT,2026-04-01,19,2186008,66.36842105263158,60.8421052631579
2026-06-05,IT,2016-09-01,1,60464,141.0,3556.0
2026-06-05,IT,2016-01-01,1,79804,86.0,3787.0
2026-06-05,IT,2020-06-01,1,55431,180.0,2178.0
2026-06-05,IT,2017-11-01,1,63925,126.0,3115.0
2026-06-05,IT,2018-10-01,1,98736,60.0,2789.0
2026-06-05,IT,2023-05-01,1,55593,178.0,1113.0
2026-06-05,IT,2022-06-01,1,79483,88.0,1463.0
2026-06-05,IT,2011-12-01,1,65277,120.0,5282.0
2026-06-05,IT,2022-05-01,1,123061,36.0,1491.0
2026-06-05,IT,2013-01-01,1,115928,41.0,4903.0
2026-06-05,IT,2012-10-01,1,64710,122.0,4987.0
2026-06-05,IT,2017-05-01,1,95167,63.0,3318.0
2026-06-05,IT,2024-09-01,1,69589,108.0,630.0
2026-06-05,IT,2023-01-01,1,59131,146.0,1225.0
2026-06-05,IT,2019-11-01,1,52197,200.0,2381.0
2026-06-05,IT,2024-08-01,1,57456,163.0,665.0
2026-06-05,IT,1998-01-01,1,69692,107.0,10382.0
2026-06-05,IT,2022-07-01,1,59784,143.0,1430.0
2026-06-05,IT,2011-04-01,1,111027,48.0,5516.0
2026-06-05,IT,2020-09-01,1,58828,149.0,2079.0
2026-06-05,IT,2016-04-01,1,63360,129.0,3696.0
2026-06-05,IT,2017-03-01,1,65496,118.0,3367.0
2026-06-05,IT,2022-09-01,1,84629,75.0,1358.0
2026-06-05,IT,1993-01-01,1,59021,148.0,12208.0
2026-06-05,IT,2025-11-01,1,91587,66.0,210.0
2026-06-05,IT,2024-04-01,1,55253,181.0,791.0
2026-06-05,IT,2006-09-01,1,55850,175.0,7188.0
2026-06-05,IT,2014-08-01,1,66615,117.0,4322.0
2026-06-05,IT,2023-11-01,1,58044,155.0,931.0
2026-06-05,IT,2018-06-01,1,57772,159.0,2898.0
2026-06-05,IT,2025-12-01,1,61540,137.0,183.0
2026-06-05,IT,2018-11-01,1,65440,119.0,2744.0
2026-06-05,IT,1996-10-01,1,54400,186.0,10812.0
2026-06-05,IT,2020-10-01,1,59107,147.0,2044.0
2026-06-05,IT,1983-06-01,1,63523,128.0,15694.0
2026-06-05,IT,2016-10-01,1,56195,168.0,3514.0
2026-06-05,IT,2019-06-01,1,55078,183.0,2534.0
2026-06-05,IT,2008-06-01,1,56088,170.0,6560.0
2026-06-05,IT,2021-02-01,2,211550,87.0,1939.0
2026-06-05,IT,2012-01-01,2,231595,66.0,5269.0
2026-06-05,IT,2023-06-01,2,118616,155.5,1095.5
2026-06-05,IT,2024-02-01,2,116100,162.5,847.0
2026-06-05,IT,1987-08-01,2,113614,166.0,14158.0
2026-06-05,IT,2025-02-01,2,211857,91.0,477.0
2026-06-05,IT,2025-08-01,2,171707,98.0,283.5
2026-06-05,IT,2024-10-01,3,199850,128.0,588.0
2026-06-05,IT,2019-10-01,3,166227,176.33333333333334,2413.3333333333335
2026-06-05,IT,2025-03-01,3,402454,46.0,434.0
2026-06-05,IT,2025-10-01,3,224379,114.33333333333333,226.66666666666666
2026-06-05,IT,2024-12-01,3,186426,154.0,537.6666666666666
2026-06-05,IT,2024-06-01,3,199323,127.0,721.0
2026-06-05,IT,1982-11-01,3,303556,81.0,15893.0
2026-06-05,IT,2025-07-01,3,247153,87.0,322.0
2026-06-05,IT,2019-03-01,3,239379,85.66666666666667,2627.3333333333335
2026-06-05,IT,2025-05-01,4,250888,159.25,380.0
2026-06-05,IT,2024-11-01,4,282643,131.75,559.25
2026-06-05,IT,2025-09-01,5,400601,94.2,258.2
2026-06-05,IT,2025-06-01,5,369729,121.2,358.6
2026-06-05,IT,2025-01-01,6,659874,58.666666666666664,516.0
2026-06-05,IT,2026-03-01,8,954518,87.125,80.625
2026-06-05,IT,2025-04-01,8,700043,90.125,416.875
2026-06-05,IT,2026-06-01,11,1768091,71.27272727272727,0.2727272727272727
2026-06-05,IT,2026-01-01,14,1261965,109.7142857142857,135.0
2026-06-05,IT,2026-02-01,14,1550592,76.49999999999999,104.21428571428572
2026-06-05,IT,2026-04-01,20,2494434,64.3,53.35
2026-06-05,IT,2026-05-01,21,2463478,84.76190476190476,17.571428571428577
2026-06-20,IT,2016-04-01,1,57153,163.0,3711.0
2026-06-20,IT,2023-02-01,1,72082,97.0,1226.0
2026-06-20,IT,2005-11-01,1,52709,192.0,7509.0
2026-06-20,IT,1998-01-01,1,68482,109.0,10397.0
2026-06-20,IT,2022-05-01,1,127243,33.0,1506.0
2026-06-20,IT,2019-06-01,1,54071,180.0,2549.0
2026-06-20,IT,2005-06-01,1,54465,177.0,7680.0
2026-06-20,IT,2014-08-01,1,57932,161.0,4337.0
2026-06-20,IT,2016-01-01,1,66528,118.0,3802.0
2026-06-20,IT,2017-05-01,1,80285,76.0,3333.0
2026-06-20,IT,2012-10-01,1,57567,162.0,5002.0
2026-06-20,IT,2018-11-01,1,56881,165.0,2759.0
2026-06-20,IT,2018-10-01,1,84159,72.0,2804.0
2026-06-20,IT,2022-09-01,1,71755,98.0,1373.0
2026-06-20,IT,2020-10-01,1,55451,170.0,2059.0
2026-06-20,IT,2020-09-01,1,66021,121.0,2094.0
2026-06-20,IT,2005-05-01,1,61347,136.0,7694.0
2026-06-20,IT,2019-10-01,1,55014,174.0,2437.0
2026-06-20,IT,2013-06-01,1,53066,186.0,4764.0
2026-06-20,IT,2014-01-01,1,51475,200.0,4553.0
2026-06-20,IT,2011-04-01,1,83833,73.0,5531.0
2026-06-20,IT,2021-02-01,1,134950,27.0,1954.0
2026-06-20,IT,2017-11-01,1,70399,101.0,3130.0
2026-06-20,IT,2011-12-01,1,61124,140.0,5297.0
2026-06-20,IT,2025-02-01,1,153720,19.0,486.0
2026-06-20,IT,2025-12-01,1,55685,169.0,198.0
2026-06-20,IT,2017-03-01,1,52215,193.0,3382.0
2026-06-20,IT,1993-01-01,1,67719,112.0,12223.0
2026-06-20,IT,2013-01-01,1,110059,44.0,4918.0
2026-06-20,IT,2022-07-01,1,58680,159.0,1445.0
2026-06-20,IT,2024-08-01,1,51727,197.0,680.0
2026-06-20,IT,2025-11-01,1,120814,40.0,225.0
2026-06-20,IT,2016-10-01,1,59104,154.0,3529.0
2026-06-20,IT,1996-10-01,1,56216,167.0,10827.0
2026-06-20,IT,1983-06-01,1,59917,149.0,15709.0
2026-06-20,IT,2022-06-01,1,78471,82.0,1478.0
2026-06-20,IT,2024-05-01,1,53121,185.0,764.0
2026-06-20,IT,2019-09-01,1,52949,189.0,2472.0
2026-06-20,IT,2024-09-01,1,68588,105.0,645.0
2026-06-20,IT,2024-02-01,2,111181,174.0,862.0
2026-06-20,IT,2020-06-01,2,106902,186.0,2196.5
2026-06-20,IT,2025-08-01,2,190827,109.5,298.5
2026-06-20,IT,2012-01-01,2,210820,63.5,5284.0
2026-06-20,IT,2023-05-01,2,106090,188.0,1131.5
2026-06-20,IT,2025-10-01,2,161956,78.0,242.5
2026-06-20,IT,1995-01-01,2,126727,131.0,11493.0
2026-06-20,IT,2018-06-01,2,109141,177.5,2927.0
2026-06-20,IT,1982-11-01,2,215762,50.5,15908.0
2026-06-20,IT,2019-03-01,3,215718,100.66666666666667,2642.3333333333335
2026-06-20,IT,2025-07-01,3,243186,79.33333333333333,337.0
2026-06-20,IT,2025-03-01,3,358823,60.0,449.0
2026-06-20,IT,2024-12-01,3,190743,137.33333333333334,554.0
2026-06-20,IT,2024-11-01,4,305078,124.5,574.25
2026-06-20,IT,2025-05-01,4,236288,153.25,400.25
2026-06-20,IT,2025-06-01,4,267142,124.75,372.25
2026-06-20,IT,2024-10-01,5,371947,118.2,603.0
2026-06-20,IT,2025-01-01,6,632457,65.0,531.0
2026-06-20,IT,2024-06-01,7,434503,141.7142857142857,734.1428571428572
2026-06-20,IT,2025-09-01,7,524545,112.85714285714286,270.28571428571433
2026-06-20,IT,2026-03-01,8,1013155,76.0,95.62500000000001
2026-06-20,IT,2025-04-01,8,660085,92.25,431.875
2026-06-20,IT,2026-02-01,13,1391385,73.0,118.07692307692307
2026-06-20,IT,2026-01-01,13,1314002,91.07692307692307,153.9230769230769
2026-06-20,IT,2026-05-01,14,1919537,66.57142857142857,34.85714285714287
2026-06-20,IT,2026-04-01,17,2035456,64.41176470588235,66.76470588235294
2026-06-20,IT,2026-06-01,20,2042952,74.4,7.249999999999999
2026-07-14,IT,2017-10-01,1,49776,177.0,3203.0
2026-07-14,IT,2016-06-01,1,51449,162.0,3672.0
2026-07-14,IT,2022-09-01,1,62369,104.0,1397.0
2026-07-14,IT,1998-01-01,1,67722,85.0,10421.0
2026-07-14,IT,2014-08-01,1,62681,102.0,4361.0
2026-07-14,IT,2023-01-01,1,46991,199.0,1264.0
2026-07-14,IT,2013-01-01,1,77506,68.0,4942.0
2026-07-14,IT,1983-06-01,1,58366,120.0,15733.0
2026-07-14,IT,2017-03-01,1,48471,188.0,3406.0
2026-07-14,IT,2005-05-01,1,47371,195.0,7718.0
2026-07-14,IT,2017-05-01,1,83120,59.0,3357.0
2026-07-14,IT,2011-04-01,1,61503,107.0,5555.0
2026-07-14,IT,2018-02-01,1,50699,169.0,3077.0
2026-07-14,IT,2025-11-01,1,109655,34.0,249.0
2026-07-14,IT,2018-10-01,1,65599,90.0,2828.0
2026-07-14,IT,1996-06-01,1,50553,172.0,11000.0
2026-07-14,IT,2022-05-01,1,86619,55.0,1530.0
2026-07-14,IT,2019-04-01,1,53612,151.0,2657.0
2026-07-14,IT,2018-04-01,1,48181,189.0,3007.0
2026-07-14,IT,2020-09-01,1,57327,125.0,2118.0
2026-07-14,IT,1992-01-01,1,47618,192.0,12613.0
2026-07-14,IT,2013-06-01,1,55174,140.0,4788.0
2026-07-14,IT,2023-06-01,1,47683,191.0,1131.0
2026-07-14,IT,2022-07-01,1,47146,197.0,1469.0
2026-07-14,IT,2012-10-01,1,55233,138.0,5026.0
2026-07-14,IT,2018-11-01,1,55087,143.0,2783.0
2026-07-14,IT,2024-09-01,1,66694,88.0,669.0
2026-07-14,IT,2024-05-01,1,63137,99.0,788.0
2026-07-14,IT,2016-10-01,1,51315,165.0,3553.0
2026-07-14,IT,1993-01-01,1,65286,92.0,12247.0
2026-07-14,IT,2011-12-01,1,49269,181.0,5321.0
2026-07-14,IT,2022-06-01,1,64651,97.0,1502.0
2026-07-14,IT,2024-08-01,1,47248,196.0,697.0
2026-07-14,IT,2017-11-01,1,50640,170.0,3154.0
2026-07-14,IT,2020-10-01,1,48847,185.0,2083.0
2026-07-14,IT,2016-04-01,1,50426,173.0,3735.0
2026-07-14,IT,2012-12-01,1,62805,101.0,4967.0
2026-07-14,IT,2016-01-01,1,59433,115.0,3826.0
2026-07-14,IT,1999-01-01,1,55204,139.0,10056.0
2026-07-14,IT,2024-02-01,1,53565,152.0,893.0
2026-07-14,IT,2023-07-01,1,53739,150.0,1103.0
2026-07-14,IT,2023-02-01,1,55462,137.0,1250.0
2026-07-14,IT,1982-11-01,2,146616,78.5,15932.0
2026-07-14,IT,2016-09-01,2,101537,170.5,3595.0
2026-07-14,IT,2012-01-01,2,161370,93.0,5308.0
2026-07-14,IT,2025-10-01,2,161070,75.0,266.5
2026-07-14,IT,2024-11-01,2,147067,79.0,596.0
2026-07-14,IT,2021-02-01,2,181823,99.0,1978.0
2026-07-14,IT,2018-01-01,2,115318,122.5,3098.0
2026-07-14,IT,2020-06-01,2,107718,149.5,2220.5
2026-07-14,IT,2024-12-01,2,122397,114.5,576.0
2026-07-14,IT,2025-02-01,2,179245,83.5,516.0
2026-07-14,IT,2019-03-01,3,203606,89.33333333333333,2666.3333333333335
2026-07-14,IT,2025-05-01,3,177169,121.0,433.6666666666667
2026-07-14,IT,2025-06-01,3,169205,130.66666666666666,398.6666666666667
2026-07-14,IT,2025-07-01,3,200288,93.66666666666667,361.0
2026-07-14,IT,1995-01-01,3,232513,116.66666666666667,11517.0
2026-07-14,IT,2025-08-01,3,214291,101.66666666666667,326.0
2026-07-14,IT,2023-11-01,3,156712,160.33333333333334,970.0
2026-07-14,IT,2025-09-01,4,272302,99.0,296.75
2026-07-14,IT,2025-03-01,4,368455,79.0,473.0
2026-07-14,IT,2024-10-01,4,236278,134.0,627.0
2026-07-14,IT,2024-06-01,5,289989,132.2,760.2
2026-07-14,IT,2025-04-01,6,464876,85.66666666666666,456.0
2026-07-14,IT,2025-01-01,6,530313,75.66666666666667,555.0
2026-07-14,IT,2026-03-01,7,710616,72.71428571428572,119.0
2026-07-14,IT,2026-07-01,12,898689,96.58333333333331,5.166666666666667
2026-07-14,IT,2026-02-01,13,1119338,91.38461538461539,142.53846153846155
2026-07-14,IT,2026-05-01,13,1591126,53.30769230769231,58.23076923076923
2026-07-14,IT,2026-04-01,14,1442841,64.07142857142857,92.71428571428572
2026-07-14,IT,2026-06-01,14,1366983,70.28571428571429,33.0
2026-07-14,IT,2026-01-01,15,1308677,95.39999999999999,177.13333333333333
2026-07-13,IT,2022-05-01,1,80507,63.0,1529.0
2026-07-13,IT,1993-01-01,1,66103,91.0,12246.0
2026-07-13,IT,2018-11-01,1,51905,163.0,2782.0
2026-07-13,IT,1983-06-01,1,56842,132.0,15732.0
2026-07-13,IT,2020-09-01,1,52757,156.0,2117.0
2026-07-13,IT,2000-10-01,1,47678,192.0,9393.0
2026-07-13,IT,2025-11-01,1,109252,34.0,248.0
2026-07-13,IT,1992-01-01,1,51100,168.0,12612.0
2026-07-13,IT,2023-02-01,1,50143,172.0,1249.0
2026-07-13,IT,2017-10-01,1,56676,135.0,3202.0
2026-07-13,IT,2019-10-01,1,47283,194.0,2460.0
2026-07-13,IT,2011-04-01,1,60100,109.0,5554.0
2026-07-13,IT,2017-11-01,1,52698,157.0,3153.0
2026-07-13,IT,2018-02-01,1,56413,136.0,3076.0
2026-07-13,IT,2017-03-01,1,48621,184.0,3405.0
2026-07-13,IT,2014-08-01,1,63503,99.0,4360.0
2026-07-13,IT,2013-06-01,1,57103,130.0,4787.0
2026-07-13,IT,2008-06-01,1,46260,200.0,6598.0
2026-07-13,IT,2013-01-01,1,77642,67.0,4941.0
2026-07-13,IT,2019-04-01,1,55911,139.0,2656.0
2026-07-13,IT,1998-01-01,1,67280,85.0,10420.0
2026-07-13,IT,2022-09-01,1,63434,100.0,1396.0
2026-07-13,IT,2016-04-01,1,52979,154.0,3734.0
2026-07-13,IT,2020-10-01,1,46349,199.0,2082.0
2026-07-13,IT,2018-04-01,1,48110,191.0,3006.0
2026-07-13,IT,2018-10-01,1,66742,88.0,2827.0
2026-07-13,IT,2024-05-01,1,67051,86.0,787.0
2026-07-13,IT,2012-10-01,1,58451,119.0,5025.0
2026-07-13,IT,2016-01-01,1,58046,123.0,3825.0
2026-07-13,IT,2024-09-01,1,71105,76.0,668.0
2026-07-13,IT,2011-12-01,1,50471,170.0,5320.0
2026-07-13,IT,2023-07-01,1,51698,165.0,1102.0
2026-07-13,IT,2017-05-01,1,83077,59.0,3356.0
2026-07-13,IT,2012-12-01,1,53585,149.0,4966.0
2026-07-13,IT,2016-10-01,1,50006,175.0,3552.0
2026-07-13,IT,1999-01-01,1,55677,141.0,10055.0
2026-07-13,IT,2022-06-01,1,64956,98.0,1501.0
2026-07-13,IT,2018-01-01,2,112960,131.0,3097.0
2026-07-13,IT,2012-01-01,2,165977,76.5,5307.0
2026-07-13,IT,2024-12-01,2,120329,119.5,575.0
2026-07-13,IT,2024-02-01,2,99042,179.5,885.0
2026-07-13,IT,2016-09-01,2,112996,132.0,3594.0
2026-07-13,IT,2020-06-01,2,103957,162.5,2219.5
2026-07-13,IT,2025-02-01,2,178135,86.0,515.0
2026-07-13,IT,2025-10-01,2,156902,77.5,265.5
2026-07-13,IT,2021-02-01,2,185923,97.5,1977.0
2026-07-13,IT,2024-11-01,2,150033,72.5,595.0
2026-07-13,IT,1982-11-01,2,144860,80.0,15931.0
2026-07-13,IT,2023-06-01,2,94366,194.5,1133.5
2026-07-13,IT,2025-05-01,3,172570,127.0,432.6666666666667
2026-07-13,IT,2023-11-01,3,162889,146.66666666666666,969.0
2026-07-13,IT,2025-06-01,3,166527,139.0,397.6666666666667
2026-07-13,IT,2025-07-01,3,197445,99.66666666666667,360.0
2026-07-13,IT,1995-01-01,3,221567,133.33333333333334,11516.0
2026-07-13,IT,2025-08-01,3,214974,104.0,325.0
2026-07-13,IT,2019-03-01,3,195479,94.66666666666667,2665.3333333333335
2026-07-13,IT,2024-10-01,3,180708,125.0,626.0
2026-07-13,IT,2025-09-01,4,257636,108.25,295.75
2026-07-13,IT,2025-03-01,4,366111,71.0,472.0
2026-07-13,IT,2024-06-01,5,283002,140.6,759.2
2026-07-13,IT,2025-01-01,5,451023,60.0,554.0
2026-07-13,IT,2026-03-01,7,709254,75.28571428571428,118.0
2026-07-13,IT,2025-04-01,7,508173,98.85714285714286,455.4285714285714
2026-07-13,IT,2026-02-01,12,1051978,86.75,141.33333333333334
2026-07-13,IT,2026-07-01,12,979242,79.0,4.166666666666667
2026-07-13,IT,2026-05-01,13,1617502,54.230769230769226,57.23076923076923
2026-07-13,IT,2026-04-01,14,1442631,63.14285714285713,91.71428571428572
2026-07-13,IT,2026-01-01,15,1313655,96.66666666666666,176.13333333333333
2026-07-13,IT,2026-06-01,17,1525364,88.70588235294119,30.764705882352942
2026-07-12,IT,2011-04-01,1,57379,123.0,5553.0
2026-07-12,IT,1996-06-01,1,53013,145.0,10998.0
2026-07-12,IT,2011-12-01,1,51528,156.0,5319.0
2026-07-12,IT,2019-06-01,1,46061,195.0,2571.0
2026-07-12,IT,2005-05-01,1,51426,158.0,7716.0
2026-07-12,IT,2016-10-01,1,52863,146.0,3551.0
2026-07-12,IT,2014-08-01,1,62088,103.0,4359.0
2026-07-12,IT,2018-10-01,1,63379,96.0,2826.0
2026-07-12,IT,2018-04-01,1,47804,186.0,3005.0
2026-07-12,IT,2013-01-01,1,79160,62.0,4940.0
2026-07-12,IT,2024-05-01,1,66284,88.0,786.0
2026-07-12,IT,2012-12-01,1,48315,183.0,4965.0
2026-07-12,IT,2019-10-01,1,50535,166.0,2459.0
2026-07-12,IT,2017-11-01,1,52829,147.0,3152.0
2026-07-12,IT,2020-10-01,1,46030,196.0,2081.0
2026-07-12,IT,2017-05-01,1,82494,58.0,3355.0
2026-07-12,IT,2016-01-01,1,55439,133.0,3824.0
2026-07-12,IT,2008-06-01,1,45851,199.0,6597.0
2026-07-12,IT,2023-01-01,1,46273,192.0,1262.0
2026-07-12,IT,1999-01-01,1,63360,97.0,10054.0
2026-07-12,IT,2018-02-01,1,56896,125.0,3075.0
2026-07-12,IT,2020-09-01,1,49915,170.0,2116.0
2026-07-12,IT,2022-06-01,1,60921,105.0,1500.0
2026-07-12,IT,1983-06-01,1,55672,130.0,15731.0
2026-07-12,IT,2025-11-01,1,115081,29.0,247.0
2026-07-12,IT,2016-04-01,1,49900,171.0,3733.0
2026-07-12,IT,2012-10-01,1,51639,154.0,5024.0
2026-07-12,IT,2013-06-01,1,57700,122.0,4786.0
2026-07-12,IT,2019-04-01,1,52829,148.0,2655.0
2026-07-12,IT,2023-07-01,1,50346,168.0,1101.0
2026-07-12,IT,2022-07-01,1,47106,190.0,1467.0
2026-07-12,IT,1998-01-01,1,65741,90.0,10419.0
2026-07-12,IT,1992-01-01,1,53352,143.0,12611.0
2026-07-12,IT,2017-10-01,1,55907,128.0,3201.0
2026-07-12,IT,2023-02-01,1,49085,173.0,1248.0
2026-07-12,IT,2022-05-01,1,82635,57.0,1528.0
2026-07-12,IT,2022-09-01,1,59960,110.0,1395.0
2026-07-12,IT,2024-09-01,1,68250,83.0,667.0
2026-07-12,IT,2024-10-01,2,121123,108.5,625.0
2026-07-12,IT,2018-01-01,2,115173,121.5,3096.0
2026-07-12,IT,2020-06-01,2,104990,151.0,2218.5
2026-07-12,IT,2021-02-01,2,182340,99.0,1976.0
2026-07-12,IT,2024-02-01,2,98598,170.5,884.0
2026-07-12,IT,1993-01-01,2,121387,128.5,12245.0
2026-07-12,IT,2012-01-01,2,165318,73.5,5306.0
2026-07-12,IT,2025-08-01,2,161395,61.5,324.0
2026-07-12,IT,2016-09-01,2,101227,161.5,3593.0
2026-07-12,IT,1982-11-01,2,145867,75.5,15930.0
2026-07-12,IT,2025-02-01,2,176938,89.5,514.0
2026-07-12,IT,2024-11-01,2,150752,70.5,594.0
2026-07-12,IT,2025-10-01,2,154093,73.5,264.5
2026-07-12,IT,2023-11-01,3,159044,151.0,968.0
2026-07-12,IT,1995-01-01,3,219011,122.66666666666666,11515.0
2026-07-12,IT,2025-07-01,3,197954,94.66666666666667,359.0
2026-07-12,IT,2024-12-01,3,165735,143.33333333333334,577.0
2026-07-12,IT,2019-03-01,3,191470,98.0,2664.3333333333335
2026-07-12,IT,2025-09-01,3,204697,89.0,294.3333333333333
2026-07-12,IT,2025-06-01,4,212468,149.75,394.25
2026-07-12,IT,2025-03-01,4,342664,88.25,471.0
2026-07-12,IT,2025-01-01,5,452028,59.6,553.0
2026-07-12,IT,2025-05-01,5,257421,161.6,425.0
2026-07-12,IT,2025-04-01,7,498804,103.0,454.4285714285714
2026-07-12,IT,2024-06-01,7,388405,142.99999999999997,759.1428571428571
2026-07-12,IT,2026-03-01,7,730167,74.28571428571429,117.0
2026-07-12,IT,2026-02-01,12,1061409,78.75000000000001,140.33333333333334
2026-07-12,IT,2026-07-01,12,948008,81.00000000000001,3.1666666666666665
2026-07-12,IT,2026-05-01,13,1579587,55.76923076923077,56.23076923076923
2026-07-12,IT,2026-01-01,14,1244122,87.42857142857143,175.99999999999997
2026-07-12,IT,2026-06-01,14,1335536,74.35714285714285,31.0
2026-07-12,IT,2026-04-01,14,1423597,64.5,90.71428571428572
2026-06-16,IT,2022-06-01,1,67468,96.0,1474.0
2026-06-16,IT,2013-06-01,1,50700,167.0,4760.0
2026-06-16,IT,2016-10-01,1,50168,174.0,3525.0
2026-06-16,IT,2020-10-01,1,49433,184.0,2055.0
2026-06-16,IT,2012-10-01,1,61350,118.0,4998.0
2026-06-16,IT,2024-09-01,1,73147,77.0,641.0
2026-06-16,IT,1998-01-01,1,63460,112.0,10393.0
2026-06-16,IT,1996-10-01,1,49874,177.0,10823.0
2026-06-16,IT,2018-01-01,1,50354,170.0,3070.0
2026-06-16,IT,2018-10-01,1,85569,59.0,2800.0
2026-06-16,IT,2014-08-01,1,63442,113.0,4333.0
2026-06-16,IT,2022-07-01,1,52013,157.0,1441.0
2026-06-16,IT,2023-09-01,1,55623,141.0,991.0
2026-06-16,IT,2018-11-01,1,56901,134.0,2755.0
2026-06-16,IT,1993-01-01,1,68987,90.0,12219.0
2026-06-16,IT,2023-05-01,1,48751,188.0,1124.0
2026-06-16,IT,2022-09-01,1,72007,79.0,1369.0
2026-06-16,IT,2023-06-01,1,49569,180.0,1103.0
2026-06-16,IT,2017-05-01,1,86358,55.0,3329.0
2026-06-16,IT,2014-01-01,1,50182,173.0,4549.0
2026-06-16,IT,2005-06-01,1,66496,102.0,7676.0
2026-06-16,IT,2016-01-01,1,67121,98.0,3798.0
2026-06-16,IT,2011-04-01,1,85594,58.0,5527.0
2026-06-16,IT,2019-10-01,1,52620,152.0,2420.0
2026-06-16,IT,2020-09-01,1,68143,93.0,2090.0
2026-06-16,IT,2023-01-01,1,50222,172.0,1236.0
2026-06-16,IT,2016-04-01,1,51319,162.0,3707.0
2026-06-16,IT,2011-12-01,1,55605,142.0,5293.0
2026-06-16,IT,2024-05-01,1,49468,183.0,760.0
2026-06-16,IT,2024-08-01,1,48453,192.0,676.0
2026-06-16,IT,2017-11-01,1,67404,97.0,3126.0
2026-06-16,IT,1987-08-01,1,47905,199.0,14169.0
2026-06-16,IT,2017-03-01,1,49830,178.0,3378.0
2026-06-16,IT,2005-05-01,1,50441,169.0,7690.0
2026-06-16,IT,2024-02-01,1,53113,150.0,865.0
2026-06-16,IT,2025-12-01,1,51052,164.0,194.0
2026-06-16,IT,2025-11-01,1,91458,52.0,221.0
2026-06-16,IT,2022-05-01,1,105018,36.0,1502.0
2026-06-16,IT,2019-06-01,1,49302,185.0,2545.0
2026-06-16,IT,2023-02-01,1,57214,133.0,1222.0
2026-06-16,IT,2013-01-01,1,96776,48.0,4914.0
2026-06-16,IT,1983-06-01,1,60416,121.0,15705.0
2026-06-16,IT,2018-06-01,1,51982,158.0,2909.0
2026-06-16,IT,2025-02-01,2,185535,104.5,488.0
2026-06-16,IT,2025-10-01,2,145389,78.0,238.5
2026-06-16,IT,2020-06-01,2,109130,145.5,2192.5
2026-06-16,IT,2021-02-01,2,177625,89.0,1950.0
2026-06-16,IT,2024-12-01,2,122196,120.0,548.0
2026-06-16,IT,1982-11-01,2,205855,40.5,15904.0
2026-06-16,IT,1995-01-01,2,110961,155.5,11489.0
2026-06-16,IT,2012-01-01,2,208130,45.0,5280.0
2026-06-16,IT,2025-08-01,2,156192,99.0,294.5
2026-06-16,IT,2019-03-01,3,194548,107.0,2638.3333333333335
2026-06-16,IT,2024-11-01,3,220458,121.66666666666667,567.6666666666666
2026-06-16,IT,2025-03-01,3,340044,61.66666666666667,445.0
2026-06-16,IT,2025-07-01,3,217917,95.0,333.0
2026-06-16,IT,2024-10-01,4,244680,136.25,599.0
2026-06-16,IT,2025-06-01,4,240109,125.75,368.25
2026-06-16,IT,2025-05-01,4,222311,146.5,396.25
2026-06-16,IT,2025-09-01,5,352494,105.4,269.2
2026-06-16,IT,2024-06-01,6,352711,132.0,728.6666666666667
2026-06-16,IT,2025-01-01,6,539640,74.5,527.0
2026-06-16,IT,2025-04-01,8,651185,85.625,427.875
2026-06-16,IT,2026-03-01,8,854304,79.125,91.62500000000001
2026-06-16,IT,2026-06-01,12,1274692,53.33333333333333,8.416666666666666
2026-06-16,IT,2026-02-01,14,1296153,84.64285714285714,115.21428571428571
2026-06-16,IT,2026-01-01,16,1300970,110.6875,147.5
2026-06-16,IT,2026-05-01,19,1971551,86.21052631578948,29.36842105263158
2026-06-16,IT,2026-04-01,20,2061156,70.2,63.999999999999986
2026-06-08,IT,2022-07-01,1,53404,148.0,1433.0
2026-06-08,IT,2017-03-01,1,56385,131.0,3370.0
2026-06-08,IT,2022-05-01,1,108593,37.0,1494.0
2026-06-08,IT,2013-01-01,1,99921,43.0,4906.0
2026-06-08,IT,2006-09-01,1,49218,180.0,7191.0
2026-06-08,IT,2011-04-01,1,95633,49.0,5519.0
2026-06-08,IT,2016-10-01,1,56444,129.0,3517.0
2026-06-08,IT,2022-06-01,1,69719,84.0,1466.0
2026-06-08,IT,2016-05-01,1,47243,193.0,3678.0
2026-06-08,IT,2024-09-01,1,64064,103.0,633.0
2026-06-08,IT,2008-06-01,1,49434,177.0,6563.0
2026-06-08,IT,2023-05-01,1,47465,191.0,1116.0
2026-06-08,IT,2017-11-01,1,70897,80.0,3118.0
2026-06-08,IT,2023-11-01,1,53584,146.0,934.0
2026-06-08,IT,2025-12-01,1,53794,144.0,186.0
2026-06-08,IT,1987-08-01,1,51255,162.0,14161.0
2026-06-08,IT,1998-01-01,1,64581,101.0,10385.0
2026-06-08,IT,2014-08-01,1,58716,116.0,4325.0
2026-06-08,IT,2020-06-01,1,50200,171.0,2181.0
2026-06-08,IT,2020-09-01,1,59067,115.0,2082.0
2026-06-08,IT,2015-05-01,1,51682,159.0,4031.0
2026-06-08,IT,2018-01-01,1,52458,154.0,3062.0
2026-06-08,IT,2017-05-01,1,84670,60.0,3321.0
2026-06-08,IT,1993-01-01,1,55859,132.0,12211.0
2026-06-08,IT,2022-09-01,1,76011,70.0,1361.0
2026-06-08,IT,2016-04-01,1,54803,136.0,3699.0
2026-06-08,IT,2023-02-01,1,50705,167.0,1214.0
2026-06-08,IT,2023-01-01,1,50797,165.0,1228.0
2026-06-08,IT,2016-01-01,1,71105,77.0,3790.0
2026-06-08,IT,2011-12-01,1,56538,127.0,5285.0
2026-06-08,IT,2025-11-01,1,79915,67.0,213.0
2026-06-08,IT,2024-02-01,1,56435,130.0,857.0
2026-06-08,IT,2012-10-01,1,57080,125.0,4990.0
2026-06-08,IT,2018-10-01,1,87247,57.0,2792.0
2026-06-08,IT,1983-06-01,1,57257,123.0,15697.0
2026-06-08,IT,2016-09-01,1,51702,158.0,3559.0
2026-06-08,IT,2014-01-01,1,47138,194.0,4541.0
2026-06-08,IT,2020-10-01,1,54599,138.0,2047.0
2026-06-08,IT,2024-08-01,1,52486,153.0,668.0
2026-06-08,IT,2018-06-01,1,49606,175.0,2901.0
2026-06-08,IT,2018-11-01,1,55755,133.0,2747.0
2026-06-08,IT,2005-06-01,1,58381,117.0,7668.0
2026-06-08,IT,2019-06-01,1,49345,178.0,2537.0
2026-06-08,IT,2025-08-01,2,155263,90.5,286.5
2026-06-08,IT,2024-10-01,2,124711,106.5,591.0
2026-06-08,IT,2023-06-01,2,101592,167.5,1098.5
2026-06-08,IT,2012-01-01,2,217415,46.5,5272.0
2026-06-08,IT,2019-10-01,2,101133,169.5,2418.5
2026-06-08,IT,2021-02-01,2,181763,95.5,1942.0
2026-06-08,IT,2025-02-01,2,183106,95.0,480.0
2026-06-08,IT,2024-12-01,3,163832,155.0,540.6666666666666
2026-06-08,IT,1982-11-01,3,257644,89.0,15896.0
2026-06-08,IT,2019-03-01,3,206157,86.66666666666667,2630.3333333333335
2026-06-08,IT,2025-03-01,3,349978,51.333333333333336,437.0
2026-06-08,IT,2024-11-01,3,218587,118.66666666666666,562.0
2026-06-08,IT,2025-10-01,3,201473,106.0,229.66666666666666
2026-06-08,IT,2025-07-01,4,263091,112.0,328.5
2026-06-08,IT,2025-06-01,4,271599,111.0,360.25
2026-06-08,IT,2025-05-01,5,270329,157.6,387.0
2026-06-08,IT,2025-09-01,5,353700,91.4,261.2
2026-06-08,IT,2025-01-01,6,581293,57.83333333333333,519.0
2026-06-08,IT,2024-06-01,6,351239,130.16666666666666,724.0
2026-06-08,IT,2026-06-01,6,929144,57.833333333333336,3.5
2026-06-08,IT,2026-03-01,8,852577,84.375,83.62500000000001
2026-06-08,IT,2025-04-01,8,627937,86.625,419.875
2026-06-08,IT,2026-02-01,14,1347936,73.57142857142857,107.21428571428571
2026-06-08,IT,2026-01-01,16,1238069,114.9375,137.75
2026-06-08,IT,2026-04-01,20,2196350,59.75,56.349999999999994
2026-06-08,IT,2026-05-01,22,2204691,94.13636363636364,20.09090909090909
2026-06-29,IT,2023-06-01,1,48758,168.0,1123.0
2026-06-29,IT,2013-06-01,1,48950,166.0,4773.0
2026-06-29,IT,1998-01-01,1,62173,99.0,10406.0
2026-06-29,IT,2017-11-01,1,59988,107.0,3139.0
2026-06-29,IT,2025-02-01,1,122910,20.0,495.0
2026-06-29,IT,2018-11-01,1,48087,172.0,2768.0
2026-06-29,IT,2016-04-01,1,46033,189.0,3720.0
2026-06-29,IT,2012-10-01,1,49974,159.0,5011.0
2026-06-29,IT,2022-07-01,1,47762,174.0,1454.0
2026-06-29,IT,2011-12-01,1,55492,128.0,5306.0
2026-06-29,IT,2024-02-01,1,46829,184.0,878.0
2026-06-29,IT,1983-06-01,1,60949,103.0,15718.0
2026-06-29,IT,2019-06-01,1,46571,185.0,2558.0
2026-06-29,IT,2011-04-01,1,67835,79.0,5540.0
2026-06-29,IT,2000-10-01,1,46290,186.0,9379.0
2026-06-29,IT,2018-10-01,1,67405,83.0,2813.0
2026-06-29,IT,2016-10-01,1,51803,145.0,3538.0
2026-06-29,IT,2022-06-01,1,58378,114.0,1487.0
2026-06-29,IT,2020-05-01,1,45357,196.0,2239.0
2026-06-29,IT,2014-08-01,1,50691,154.0,4346.0
2026-06-29,IT,2018-06-01,1,49543,164.0,2922.0
2026-06-29,IT,2022-09-01,1,65355,91.0,1382.0
2026-06-29,IT,2022-05-01,1,97592,46.0,1515.0
2026-06-29,IT,1995-01-01,1,58675,111.0,11502.0
2026-06-29,IT,2020-09-01,1,49628,163.0,2103.0
2026-06-29,IT,2025-12-01,1,49805,161.0,207.0
2026-06-29,IT,2016-01-01,1,65786,90.0,3811.0
2026-06-29,IT,2017-03-01,1,47712,175.0,3391.0
2026-06-29,IT,2018-01-01,1,53780,135.0,3083.0
2026-06-29,IT,1993-01-01,1,60740,105.0,12232.0
2026-06-29,IT,2019-10-01,1,44918,200.0,2433.0
2026-06-29,IT,2023-02-01,1,67701,81.0,1235.0
2026-06-29,IT,2017-05-01,1,79718,62.0,3342.0
2026-06-29,IT,2025-11-01,1,99760,42.0,234.0
2026-06-29,IT,2021-02-01,2,183173,105.0,1963.0
2026-06-29,IT,2020-06-01,2,118259,112.5,2205.5
2026-06-29,IT,1982-11-01,2,161215,64.0,15917.0
2026-06-29,IT,2024-12-01,2,111246,135.0,561.0
2026-06-29,IT,2013-01-01,2,136070,123.0,4927.0
2026-06-29,IT,2023-11-01,2,106018,142.0,955.0
2026-06-29,IT,2016-09-01,2,96369,174.0,3580.0
2026-06-29,IT,2025-10-01,2,135421,85.0,251.5
2026-06-29,IT,2012-01-01,2,177776,67.0,5293.0
2026-06-29,IT,2024-09-01,2,107943,143.0,657.5
2026-06-29,IT,2019-03-01,3,177925,113.0,2651.3333333333335
2026-06-29,IT,2025-03-01,3,304502,62.666666666666664,458.0
2026-06-29,IT,2025-05-01,3,154326,152.33333333333334,404.3333333333333
2026-06-29,IT,2025-07-01,3,182114,107.0,346.0
2026-06-29,IT,2025-08-01,3,228696,86.66666666666667,311.0
2026-06-29,IT,2024-10-01,4,237792,118.25,612.0
2026-06-29,IT,2024-11-01,4,276682,101.5,581.5
2026-06-29,IT,2025-06-01,4,207152,149.5,381.25
2026-06-29,IT,2025-01-01,5,442000,59.4,540.0
2026-06-29,IT,2025-04-01,8,568890,98.0,440.875
2026-06-29,IT,2026-03-01,8,785433,83.875,104.62500000000001
2026-06-29,IT,2025-09-01,8,477756,136.5,279.87500000000006
2026-06-29,IT,2024-06-01,9,491454,137.66666666666666,745.1111111111112
2026-06-29,IT,2026-02-01,13,1123928,84.84615384615387,127.07692307692307
2026-06-29,IT,2026-05-01,14,1577551,66.28571428571429,43.78571428571429
2026-06-29,IT,2026-04-01,17,1701363,68.4705882352941,76.58823529411767
2026-06-29,IT,2026-01-01,18,1705509,81.16666666666666,160.8888888888889
2026-06-29,IT,2026-06-01,19,1628864,83.21052631578947,16.789473684210527
2026-07-01,IT,2017-05-01,1,76468,67.0,3344.0
2026-07-01,IT,2024-02-01,1,46958,193.0,880.0
2026-07-01,IT,2025-11-01,1,107911,34.0,236.0
2026-07-01,IT,2018-06-01,1,51328,162.0,2924.0
2026-07-01,IT,1996-06-01,1,50164,170.0,10987.0
2026-07-01,IT,2000-10-01,1,47134,191.0,9381.0
2026-07-01,IT,2011-04-01,1,66292,93.0,5542.0
2026-07-01,IT,2005-06-01,1,47177,190.0,7691.0
2026-07-01,IT,2023-05-01,1,46756,197.0,1139.0
2026-07-01,IT,1999-01-01,1,50541,167.0,10043.0
2026-07-01,IT,2016-05-01,1,46887,194.0,3701.0
2026-07-01,IT,2013-06-01,1,60109,116.0,4775.0
2026-07-01,IT,2020-09-01,1,59539,120.0,2105.0
2026-07-01,IT,2019-10-01,1,49611,172.0,2435.0
2026-07-01,IT,1996-10-01,1,47296,188.0,10838.0
2026-07-01,IT,2025-12-01,1,49114,176.0,209.0
2026-07-01,IT,1983-06-01,1,56388,127.0,15720.0
2026-07-01,IT,2016-10-01,1,50255,169.0,3540.0
2026-07-01,IT,2023-02-01,1,60211,114.0,1237.0
2026-07-01,IT,2022-09-01,1,63346,102.0,1384.0
2026-07-01,IT,1993-01-01,1,64158,100.0,12234.0
2026-07-01,IT,2011-12-01,1,54943,137.0,5308.0
2026-07-01,IT,2013-01-01,1,97044,46.0,4929.0
2026-07-01,IT,2022-05-01,1,92939,50.0,1517.0
2026-07-01,IT,2018-11-01,1,46629,199.0,2770.0
2026-07-01,IT,2016-01-01,1,61726,111.0,3813.0
2026-07-01,IT,2018-10-01,1,68932,87.0,2815.0
2026-07-01,IT,2023-07-01,1,46737,198.0,1090.0
2026-07-01,IT,2024-09-01,1,64737,96.0,656.0
2026-07-01,IT,2022-06-01,1,69866,80.0,1489.0
2026-07-01,IT,2012-10-01,1,50317,168.0,5013.0
2026-07-01,IT,2022-07-01,1,47588,185.0,1456.0
2026-07-01,IT,2016-09-01,1,50714,165.0,3582.0
2026-07-01,IT,2018-01-01,1,49449,174.0,3085.0
2026-07-01,IT,2014-08-01,1,55364,131.0,4348.0
2026-07-01,IT,2017-11-01,1,52743,150.0,3141.0
2026-07-01,IT,2012-01-01,2,175179,69.0,5295.0
2026-07-01,IT,2023-06-01,2,97833,178.5,1121.5
2026-07-01,IT,2024-12-01,2,128191,109.5,563.0
2026-07-01,IT,2025-02-01,2,177895,71.0,503.0
2026-07-01,IT,1982-11-01,2,153742,71.5,15919.0
2026-07-01,IT,2020-06-01,2,111220,138.0,2207.5
2026-07-01,IT,1995-01-01,2,113133,135.0,11504.0
2026-07-01,IT,2023-11-01,2,105077,152.0,957.0
2026-07-01,IT,2021-02-01,2,173521,89.0,1965.0
2026-07-01,IT,1998-01-01,2,107017,153.0,10408.0
2026-07-01,IT,2025-10-01,2,161500,76.5,253.5
2026-07-01,IT,2025-08-01,3,222561,97.33333333333333,313.0
2026-07-01,IT,2025-05-01,3,175223,121.33333333333333,415.6666666666667
2026-07-01,IT,2019-03-01,3,194069,103.33333333333333,2653.3333333333335
2026-07-01,IT,2025-07-01,3,189096,106.0,348.0
2026-07-01,IT,2024-10-01,4,273523,93.0,614.0
2026-07-01,IT,2024-11-01,4,272960,112.5,585.25
2026-07-01,IT,2025-06-01,4,227990,139.25,383.25
2026-07-01,IT,2025-03-01,4,340553,89.25,460.0
2026-07-01,IT,2025-01-01,5,441627,64.0,542.0
2026-07-01,IT,2025-04-01,7,519305,98.57142857142857,442.42857142857144
2026-07-01,IT,2024-06-01,7,408858,124.28571428571428,746.1428571428572
2026-07-01,IT,2025-09-01,7,440112,129.14285714285714,282.4285714285714
2026-07-01,IT,2026-03-01,8,763906,84.375,106.62500000000001
2026-07-01,IT,2026-02-01,13,1134579,88.23076923076923,129.07692307692307
2026-07-01,IT,2026-05-01,15,1728642,66.06666666666666,45.93333333333333
2026-07-01,IT,2026-04-01,15,1585170,60.06666666666666,78.6
2026-07-01,IT,2026-01-01,17,1644579,77.88235294117646,163.5294117647059
2026-07-01,IT,2026-06-01,20,1747495,87.65,18.150000000000002
2026-06-28,IT,2024-09-01,1,60834,100.0,653.0
2026-06-28,IT,2013-01-01,1,96659,44.0,4926.0
2026-06-28,IT,2017-05-01,1,78330,63.0,3341.0
2026-06-28,IT,2025-02-01,1,129481,19.0,494.0
2026-06-28,IT,2025-12-01,1,47274,169.0,206.0
2026-06-28,IT,2023-02-01,1,62317,93.0,1234.0
2026-06-28,IT,2017-11-01,1,57892,114.0,3138.0
2026-06-28,IT,2022-05-01,1,105599,34.0,1514.0
2026-06-28,IT,2024-07-01,1,44495,200.0,709.0
2026-06-28,IT,2022-09-01,1,63396,89.0,1381.0
2026-06-28,IT,2005-06-01,1,44659,197.0,7688.0
2026-06-28,IT,2005-05-01,1,50753,142.0,7702.0
2026-06-28,IT,2022-07-01,1,50282,148.0,1453.0
2026-06-28,IT,1992-01-01,1,45242,191.0,12597.0
2026-06-28,IT,2025-11-01,1,112840,26.0,233.0
2026-06-28,IT,2020-09-01,1,50344,145.0,2102.0
2026-06-28,IT,2011-12-01,1,59534,105.0,5305.0
2026-06-28,IT,2011-04-01,1,64574,86.0,5539.0
2026-06-28,IT,2016-04-01,1,47469,165.0,3719.0
2026-06-28,IT,2018-11-01,1,45261,190.0,2767.0
2026-06-28,IT,2023-06-01,1,44532,199.0,1122.0
2026-06-28,IT,2019-10-01,1,47180,171.0,2445.0
2026-06-28,IT,2020-10-01,1,44608,198.0,2067.0
2026-06-28,IT,1998-01-01,1,61146,97.0,10405.0
2026-06-28,IT,1996-10-01,1,46183,180.0,10835.0
2026-06-28,IT,2018-10-01,1,66196,82.0,2812.0
2026-06-28,IT,2012-10-01,1,47690,162.0,5010.0
2026-06-28,IT,2019-06-01,1,45497,187.0,2557.0
2026-06-28,IT,2016-01-01,1,60967,99.0,3810.0
2026-06-28,IT,1983-06-01,1,59410,107.0,15717.0
2026-06-28,IT,1993-01-01,1,71879,70.0,12231.0
2026-06-28,IT,2024-02-01,1,49098,156.0,877.0
2026-06-28,IT,2022-06-01,1,59505,106.0,1486.0
2026-06-28,IT,2009-05-01,1,47697,161.0,6246.0
2026-06-28,IT,2016-10-01,1,52081,136.0,3537.0
2026-06-28,IT,2018-09-01,1,45082,193.0,2837.0
2026-06-28,IT,2018-01-01,1,52022,137.0,3082.0
2026-06-28,IT,2018-06-01,1,45392,188.0,2921.0
2026-06-28,IT,2013-06-01,1,47595,163.0,4772.0
2026-06-28,IT,2014-08-01,1,52246,133.0,4345.0
2026-06-28,IT,2025-10-01,2,131642,83.0,250.5
2026-06-28,IT,2021-02-01,2,183408,99.5,1962.0
2026-06-28,IT,2012-01-01,2,179220,70.5,5292.0
2026-06-28,IT,2016-09-01,2,94723,173.0,3579.0
2026-06-28,IT,2020-06-01,2,110416,123.5,2204.5
2026-06-28,IT,2023-11-01,2,99019,153.5,954.0
2026-06-28,IT,1982-11-01,2,165966,59.0,15916.0
2026-06-28,IT,2025-07-01,3,194901,87.66666666666667,345.0
2026-06-28,IT,1995-01-01,3,152286,150.66666666666666,11501.0
2026-06-28,IT,2025-08-01,3,220157,94.0,310.0
2026-06-28,IT,2025-03-01,3,290626,67.66666666666667,457.0
2026-06-28,IT,2019-03-01,3,179751,104.0,2650.3333333333335
2026-06-28,IT,2024-10-01,4,240877,120.75,611.0
2026-06-28,IT,2025-05-01,4,202709,148.25,408.25
2026-06-28,IT,2024-12-01,4,210421,140.5,563.75
2026-06-28,IT,2025-06-01,4,214701,130.75,380.25
2026-06-28,IT,2024-11-01,4,263052,117.0,580.5
2026-06-28,IT,2025-01-01,5,457687,56.0,539.0
2026-06-28,IT,2025-09-01,6,368888,124.66666666666667,280.1666666666667
2026-06-28,IT,2025-04-01,7,528884,80.0,439.2857142857143
2026-06-28,IT,2024-06-01,7,373042,137.14285714285714,745.1428571428571
2026-06-28,IT,2026-03-01,8,831731,75.875,103.62500000000001
2026-06-28,IT,2026-02-01,13,1163309,76.53846153846155,126.07692307692307
2026-06-28,IT,2026-05-01,14,1582048,68.21428571428571,42.21428571428572
2026-06-28,IT,2026-04-01,15,1599886,56.93333333333334,76.4
2026-06-28,IT,2026-01-01,16,1460979,80.06249999999999,161.25
2026-06-28,IT,2026-06-01,20,1590551,97.5,15.15
2026-06-21,IT,2023-02-01,1,67813,79.0,1227.0
2026-06-21,IT,1998-01-01,1,63391,94.0,10398.0
2026-06-21,IT,2025-12-01,1,49511,164.0,199.0
2026-06-21,IT,2014-01-01,1,47622,179.0,4554.0
2026-06-21,IT,2014-08-01,1,54494,135.0,4338.0
2026-06-21,IT,2013-06-01,1,46887,187.0,4765.0
2026-06-21,IT,2022-06-01,1,57808,118.0,1479.0
2026-06-21,IT,2019-06-01,1,47752,178.0,2550.0
2026-06-21,IT,2005-06-01,1,46468,192.0,7681.0
2026-06-21,IT,2020-05-01,1,49398,166.0,2231.0
2026-06-21,IT,2022-07-01,1,50879,155.0,1446.0
2026-06-21,IT,2017-03-01,1,46036,196.0,3383.0
2026-06-21,IT,2011-12-01,1,54929,132.0,5298.0
2026-06-21,IT,2018-11-01,1,50762,158.0,2760.0
2026-06-21,IT,2005-05-01,1,56213,125.0,7695.0
2026-06-21,IT,1996-10-01,1,51742,148.0,10828.0
2026-06-21,IT,2024-08-01,1,46269,193.0,681.0
2026-06-21,IT,2025-02-01,1,125521,19.0,487.0
2026-06-21,IT,2022-09-01,1,65607,86.0,1374.0
2026-06-21,IT,2023-11-01,1,46471,191.0,947.0
2026-06-21,IT,2017-11-01,1,59450,109.0,3131.0
2026-06-21,IT,2024-02-01,1,51028,153.0,870.0
2026-06-21,IT,2020-10-01,1,46532,190.0,2060.0
2026-06-21,IT,2023-05-01,1,49738,162.0,1129.0
2026-06-21,IT,2011-04-01,1,71494,74.0,5532.0
2026-06-21,IT,2016-01-01,1,60733,105.0,3803.0
2026-06-21,IT,2019-10-01,1,50269,159.0,2438.0
2026-06-21,IT,2022-05-01,1,108597,36.0,1507.0
2026-06-21,IT,2024-09-01,1,57641,121.0,646.0
2026-06-21,IT,2016-10-01,1,54353,137.0,3530.0
2026-06-21,IT,2016-04-01,1,48159,177.0,3712.0
2026-06-21,IT,2025-11-01,1,105744,38.0,226.0
2026-06-21,IT,1993-01-01,1,67541,80.0,12224.0
2026-06-21,IT,2018-10-01,1,78077,67.0,2805.0
2026-06-21,IT,2017-05-01,1,76721,70.0,3334.0
2026-06-21,IT,2020-09-01,1,49393,167.0,2095.0
2026-06-21,IT,2013-01-01,1,95429,46.0,4919.0
2026-06-21,IT,2012-10-01,1,48825,170.0,5003.0
2026-06-21,IT,1983-06-01,1,56382,123.0,15710.0
2026-06-21,IT,2018-06-01,2,98970,165.5,2928.0
2026-06-21,IT,2020-06-01,2,98687,166.0,2197.5
2026-06-21,IT,2025-08-01,2,164749,103.5,299.5
2026-06-21,IT,2021-02-01,2,168369,103.5,1955.0
2026-06-21,IT,1982-11-01,2,187600,52.0,15909.0
2026-06-21,IT,1995-01-01,2,111887,127.0,11494.0
2026-06-21,IT,2012-01-01,2,187058,56.0,5285.0
2026-06-21,IT,2025-10-01,2,140515,76.0,243.5
2026-06-21,IT,2025-03-01,3,304272,67.33333333333333,450.0
2026-06-21,IT,2025-07-01,3,202273,86.66666666666667,338.0
2026-06-21,IT,2019-03-01,3,191197,98.33333333333333,2643.3333333333335
2026-06-21,IT,2024-11-01,3,218054,108.33333333333333,572.6666666666666
2026-06-21,IT,2025-05-01,4,209930,151.5,401.25
2026-06-21,IT,2025-06-01,4,232024,119.25,373.25
2026-06-21,IT,2024-12-01,4,211345,152.75,556.75
2026-06-21,IT,2024-10-01,4,288166,87.25,604.0
2026-06-21,IT,2025-01-01,6,529700,75.5,532.0
2026-06-21,IT,2024-06-01,7,371114,149.42857142857144,735.1428571428572
2026-06-21,IT,2026-03-01,8,862733,77.125,96.62500000000001
2026-06-21,IT,2025-09-01,8,504739,119.25,271.87500000000006
2026-06-21,IT,2025-04-01,8,571609,95.5,432.875
2026-06-21,IT,2026-02-01,13,1203471,75.15384615384616,119.07692307692307
2026-06-21,IT,2026-01-01,14,1214865,91.64285714285714,154.00000000000003
2026-06-21,IT,2026-05-01,14,1640954,67.78571428571428,35.35714285714286
2026-06-21,IT,2026-04-01,19,1854787,81.42105263157896,68.21052631578948
2026-06-21,IT,2026-06-01,20,1764117,80.35000000000001,8.25
2026-07-17,IT,2022-09-01,1,66295,106.0,1400.0
2026-07-17,IT,2016-01-01,1,66108,107.0,3829.0
2026-07-17,IT,2011-04-01,1,69200,101.0,5558.0
2026-07-17,IT,1999-01-01,1,64611,117.0,10059.0
2026-07-17,IT,2005-05-01,1,57993,152.0,7721.0
2026-07-17,IT,2022-07-01,1,58287,148.0,1472.0
2026-07-17,IT,2017-10-01,1,62175,130.0,3206.0
2026-07-17,IT,2018-10-01,1,70788,95.0,2831.0
2026-07-17,IT,1980-01-01,1,50665,199.0,16999.0
2026-07-17,IT,2025-11-01,1,135580,31.0,252.0
2026-07-17,IT,2018-02-01,1,58587,147.0,3080.0
2026-07-17,IT,2023-05-01,1,54937,165.0,1155.0
2026-07-17,IT,2023-07-01,1,57996,151.0,1106.0
2026-07-17,IT,2022-05-01,1,136113,30.0,1533.0
2026-07-17,IT,2024-02-01,1,61681,132.0,896.0
2026-07-17,IT,2013-06-01,1,53171,177.0,4791.0
2026-07-17,IT,1993-01-01,1,61091,135.0,12250.0
2026-07-17,IT,2024-09-01,1,63081,124.0,672.0
2026-07-17,IT,2006-09-01,1,50889,196.0,7230.0
2026-07-17,IT,2016-04-01,1,57255,156.0,3738.0
2026-07-17,IT,2013-01-01,1,91894,61.0,4945.0
2026-07-17,IT,2018-11-01,1,52690,183.0,2786.0
2026-07-17,IT,2020-10-01,1,68918,102.0,2086.0
2026-07-17,IT,2011-12-01,1,54852,166.0,5324.0
2026-07-17,IT,2017-05-01,1,89309,65.0,3360.0
2026-07-17,IT,2018-04-01,1,52219,186.0,3010.0
2026-07-17,IT,2020-09-01,1,50581,200.0,2121.0
2026-07-17,IT,2022-06-01,1,73554,92.0,1505.0
2026-07-17,IT,2024-05-01,1,64920,113.0,791.0
2026-07-17,IT,2016-09-01,1,64803,116.0,3598.0
2026-07-17,IT,2012-12-01,1,67488,105.0,4970.0
2026-07-17,IT,2019-06-01,1,69393,98.0,2576.0
2026-07-17,IT,2017-11-01,1,52211,187.0,3157.0
2026-07-17,IT,1983-06-01,1,65352,110.0,15736.0
2026-07-17,IT,2016-10-01,1,59519,144.0,3556.0
2026-07-17,IT,2012-10-01,1,58178,149.0,5029.0
2026-07-17,IT,2014-08-01,1,65188,111.0,4364.0
2026-07-17,IT,2017-03-01,1,51400,194.0,3409.0
2026-07-17,IT,2018-01-01,1,63832,121.0,3101.0
2026-07-17,IT,2023-06-01,1,52670,185.0,1134.0
2026-07-17,IT,1998-01-01,1,81717,74.0,10424.0
2026-07-17,IT,2016-06-01,1,55677,161.0,3675.0
2026-07-17,IT,2024-08-01,1,51836,191.0,707.0
2026-07-17,IT,2020-06-01,2,107564,174.0,2223.5
2026-07-17,IT,1982-11-01,2,151341,88.0,15935.0
2026-07-17,IT,2025-02-01,2,212202,69.5,519.0
2026-07-17,IT,2025-10-01,2,181139,74.5,269.5
2026-07-17,IT,2021-02-01,2,199892,82.5,1981.0
2026-07-17,IT,2012-01-01,2,185248,85.5,5311.0
2026-07-17,IT,2024-12-01,2,139549,111.0,579.0
2026-07-17,IT,2025-05-01,3,172837,159.0,436.6666666666667
2026-07-17,IT,1995-01-01,3,247946,122.0,11520.0
2026-07-17,IT,2023-11-01,3,167711,164.0,973.0
2026-07-17,IT,2025-08-01,3,239466,98.33333333333333,329.0
2026-07-17,IT,2019-03-01,3,209235,99.33333333333333,2669.3333333333335
2026-07-17,IT,2025-06-01,3,181847,138.0,401.6666666666667
2026-07-17,IT,2024-10-01,3,202636,120.66666666666666,630.0
2026-07-17,IT,2025-07-01,3,217797,96.66666666666667,364.0
2026-07-17,IT,2024-11-01,4,272937,133.5,601.25
2026-07-17,IT,2025-09-01,4,296738,98.75,299.75
2026-07-17,IT,2025-03-01,4,397824,81.25,476.0
2026-07-17,IT,2025-04-01,6,481437,95.0,458.8333333333333
2026-07-17,IT,2024-06-01,6,360303,147.5,764.3333333333334
2026-07-17,IT,2026-03-01,7,825794,68.0,122.0
2026-07-17,IT,2025-01-01,9,978807,75.88888888888889,558.0
2026-07-17,IT,2026-07-01,11,1029238,91.81818181818181,6.090909090909091
2026-07-17,IT,2026-06-01,13,1415067,62.92307692307693,35.46153846153847
2026-07-17,IT,2026-02-01,13,1226578,93.61538461538461,145.53846153846155
2026-07-17,IT,2026-05-01,14,1879056,57.857142857142854,61.85714285714286
2026-07-17,IT,2026-01-01,14,1354772,96.14285714285715,180.99999999999997
2026-07-17,IT,2026-04-01,14,1603146,68.14285714285714,95.71428571428572
2026-07-08,IT,2017-10-01,1,73317,79.0,3197.0
2026-07-08,IT,2023-06-01,1,51517,173.0,1132.0
2026-07-08,IT,2014-08-01,1,65568,104.0,4355.0
2026-07-08,IT,2023-01-01,1,49613,193.0,1258.0
2026-07-08,IT,2018-04-01,1,58474,132.0,3001.0
2026-07-08,IT,2018-02-01,1,77797,72.0,3071.0
2026-07-08,IT,2017-05-01,1,91542,53.0,3351.0
2026-07-08,IT,2025-12-01,1,49577,194.0,216.0
2026-07-08,IT,2024-05-01,1,86306,57.0,782.0
2026-07-08,IT,2012-10-01,1,61768,117.0,5020.0
2026-07-08,IT,2025-11-01,1,112389,35.0,243.0
2026-07-08,IT,2021-10-01,1,58693,130.0,1720.0
2026-07-08,IT,1993-01-01,1,74294,77.0,12241.0
2026-07-08,IT,2005-05-01,1,50338,184.0,7712.0
2026-07-08,IT,2024-09-01,1,73493,78.0,663.0
2026-07-08,IT,2012-12-01,1,53299,163.0,4961.0
2026-07-08,IT,2026-07-01,1,50296,185.0,1.0
2026-07-08,IT,2018-10-01,1,69019,88.0,2822.0
2026-07-08,IT,2020-09-01,1,56403,144.0,2112.0
2026-07-08,IT,2016-04-01,1,49901,191.0,3729.0
2026-07-08,IT,2008-06-01,1,53734,160.0,6593.0
2026-07-08,IT,2016-10-01,1,52302,166.0,3547.0
2026-07-08,IT,2016-01-01,1,60823,120.0,3820.0
2026-07-08,IT,1992-01-01,1,52920,164.0,12607.0
2026-07-08,IT,1999-01-01,1,62380,115.0,10050.0
2026-07-08,IT,2018-11-01,1,50052,188.0,2777.0
2026-07-08,IT,2022-07-01,1,48966,200.0,1463.0
2026-07-08,IT,2017-03-01,1,49976,190.0,3400.0
2026-07-08,IT,2013-06-01,1,59075,129.0,4782.0
2026-07-08,IT,2011-04-01,1,63963,107.0,5549.0
2026-07-08,IT,2000-10-01,1,50294,186.0,9388.0
2026-07-08,IT,2016-06-01,1,49392,197.0,3666.0
2026-07-08,IT,2019-04-01,1,63479,112.0,2651.0
2026-07-08,IT,2013-01-01,1,96544,47.0,4936.0
2026-07-08,IT,2022-09-01,1,67170,97.0,1391.0
2026-07-08,IT,2023-07-01,1,51608,172.0,1097.0
2026-07-08,IT,2022-06-01,1,67328,95.0,1496.0
2026-07-08,IT,1983-06-01,1,59452,127.0,15727.0
2026-07-08,IT,2020-12-01,1,51094,179.0,2042.0
2026-07-08,IT,1996-06-01,1,49099,199.0,10994.0
2026-07-08,IT,2022-05-01,1,83394,60.0,1524.0
2026-07-08,IT,1998-01-01,2,121411,133.0,10415.0
2026-07-08,IT,2025-02-01,2,186583,78.0,510.0
2026-07-08,IT,2018-01-01,2,112354,145.0,3092.0
2026-07-08,IT,2016-09-01,2,112759,144.5,3589.0
2026-07-08,IT,1982-11-01,2,159685,69.5,15926.0
2026-07-08,IT,2024-02-01,2,102705,176.5,880.0
2026-07-08,IT,2012-01-01,2,174472,76.0,5302.0
2026-07-08,IT,2024-12-01,2,118988,134.0,570.0
2026-07-08,IT,2020-06-01,2,108127,157.0,2214.5
2026-07-08,IT,2023-02-01,2,105929,164.0,1240.5
2026-07-08,IT,2025-10-01,2,162845,76.5,260.5
2026-07-08,IT,2021-02-01,2,183621,86.0,1972.0
2026-07-08,IT,2025-06-01,3,169459,144.66666666666666,392.6666666666667
2026-07-08,IT,2024-11-01,3,211362,110.0,593.3333333333334
2026-07-08,IT,2019-03-01,3,215873,88.66666666666667,2660.3333333333335
2026-07-08,IT,2023-11-01,3,175168,135.0,964.0
2026-07-08,IT,2025-08-01,3,233883,87.0,320.0
2026-07-08,IT,2025-07-01,3,193505,107.66666666666667,355.0
2026-07-08,IT,2024-10-01,4,262783,114.0,621.0
2026-07-08,IT,1995-01-01,4,254119,136.0,11511.0
2026-07-08,IT,2025-03-01,4,364803,93.25,467.0
2026-07-08,IT,2025-05-01,4,223132,154.75,416.25
2026-07-08,IT,2025-01-01,5,467366,61.4,549.0
2026-07-08,IT,2024-06-01,5,320847,119.6,758.2
2026-07-08,IT,2025-09-01,5,343831,114.2,289.6
2026-07-08,IT,2025-04-01,6,490597,79.83333333333333,449.8333333333333
2026-07-08,IT,2026-03-01,8,803258,83.75,113.62500000000001
2026-07-08,IT,2026-02-01,13,1193968,81.00000000000001,136.07692307692307
2026-07-08,IT,2026-05-01,14,1747989,61.64285714285715,52.78571428571429
2026-07-08,IT,2026-01-01,14,1439948,72.71428571428571,172.00000000000003
2026-07-08,IT,2026-04-01,15,1623049,57.2,85.6
2026-07-08,IT,2026-06-01,16,1537828,83.3125,26.5625
2026-06-12,IT,1987-08-01,1,54236,195.0,14165.0
2026-06-12,IT,1998-01-01,1,67416,129.0,10389.0
2026-06-12,IT,2011-12-01,1,66584,131.0,5289.0
2026-06-12,IT,2011-04-01,1,103043,55.0,5523.0
2026-06-12,IT,2023-05-01,1,54754,191.0,1120.0
2026-06-12,IT,2022-09-01,1,80182,83.0,1365.0
2026-06-12,IT,2016-04-01,1,61191,152.0,3703.0
2026-06-12,IT,2014-01-01,1,55614,184.0,4545.0
2026-06-12,IT,2022-07-01,1,57671,174.0,1437.0
2026-06-12,IT,2010-05-01,1,60188,160.0,5856.0
2026-06-12,IT,2023-02-01,1,58406,165.0,1218.0
2026-06-12,IT,2018-01-01,1,54653,192.0,3066.0
2026-06-12,IT,2023-06-01,1,54652,193.0,1099.0
2026-06-12,IT,2020-10-01,1,59620,162.0,2051.0
2026-06-12,IT,2024-09-01,1,80247,82.0,637.0
2026-06-12,IT,2005-05-01,1,55283,187.0,7686.0
2026-06-12,IT,2022-05-01,1,124892,35.0,1498.0
2026-06-12,IT,2020-09-01,1,71391,117.0,2086.0
2026-06-12,IT,2024-05-01,1,53872,199.0,756.0
2026-06-12,IT,2020-06-01,1,57826,171.0,2185.0
2026-06-12,IT,2018-10-01,1,93833,62.0,2796.0
2026-06-12,IT,2016-01-01,1,72821,111.0,3794.0
2026-06-12,IT,2015-05-01,1,54326,194.0,4035.0
2026-06-12,IT,1993-01-01,1,65421,133.0,12215.0
2026-06-12,IT,2014-08-01,1,67822,126.0,4329.0
2026-06-12,IT,2022-06-01,1,73890,108.0,1470.0
2026-06-12,IT,2025-12-01,1,61168,153.0,190.0
2026-06-12,IT,2024-02-01,1,62681,147.0,861.0
2026-06-12,IT,2005-06-01,1,65129,136.0,7672.0
2026-06-12,IT,2017-03-01,1,57678,173.0,3374.0
2026-06-12,IT,1983-06-01,1,63195,144.0,15701.0
2026-06-12,IT,2019-06-01,1,55058,190.0,2541.0
2026-06-12,IT,2018-11-01,1,67018,130.0,2751.0
2026-06-12,IT,2017-11-01,1,77927,92.0,3122.0
2026-06-12,IT,2019-10-01,1,56748,177.0,2416.0
2026-06-12,IT,2017-05-01,1,94239,61.0,3325.0
2026-06-12,IT,2016-10-01,1,59912,161.0,3521.0
2026-06-12,IT,2013-01-01,1,109949,47.0,4910.0
2026-06-12,IT,2025-11-01,1,104276,51.0,217.0
2026-06-12,IT,2012-10-01,1,67470,128.0,4994.0
2026-06-12,IT,2025-05-01,2,135834,129.5,385.0
2026-06-12,IT,1995-01-01,2,126120,147.5,11485.0
2026-06-12,IT,1982-11-01,2,235298,41.5,15900.0
2026-06-12,IT,2021-02-01,2,194807,109.0,1946.0
2026-06-12,IT,2025-10-01,2,164206,74.5,234.5
2026-06-12,IT,2024-11-01,2,194654,97.0,567.5
2026-06-12,IT,2024-12-01,2,133762,141.0,544.0
2026-06-12,IT,2025-08-01,2,168743,110.5,290.5
2026-06-12,IT,2025-02-01,2,215833,109.5,484.0
2026-06-12,IT,2012-01-01,2,238045,50.5,5276.0
2026-06-12,IT,2019-03-01,3,228615,98.0,2634.3333333333335
2026-06-12,IT,2025-07-01,3,246073,92.33333333333333,329.0
2026-06-12,IT,2024-10-01,3,200194,137.66666666666666,595.0
2026-06-12,IT,2025-03-01,3,398265,50.666666666666664,441.0
2026-06-12,IT,2025-06-01,4,262352,139.5,364.25
2026-06-12,IT,2024-06-01,5,332748,136.6,722.6
2026-06-12,IT,2025-09-01,5,383688,111.0,265.2
2026-06-12,IT,2025-01-01,6,649025,66.33333333333333,523.0
2026-06-12,IT,2025-04-01,7,651925,77.71428571428571,423.2857142857143
2026-06-12,IT,2026-03-01,8,971210,86.125,87.62500000000001
2026-06-12,IT,2026-01-01,10,1012452,90.9,145.6
2026-06-12,IT,2026-02-01,13,1415198,77.15384615384617,110.07692307692308
2026-06-12,IT,2026-04-01,20,2318108,67.69999999999999,60.0
2026-06-12,IT,2026-05-01,21,2378609,92.33333333333334,24.61904761904762
2026-06-12,IT,2026-06-01,28,2782095,95.67857142857144,2.0000000000000004
2026-07-09,IT,2011-04-01,1,65771,106.0,5550.0
2026-07-09,IT,2020-09-01,1,58078,140.0,2113.0
2026-07-09,IT,2011-12-01,1,50395,199.0,5316.0
2026-07-09,IT,2020-12-01,1,51448,181.0,2043.0
2026-07-09,IT,2018-11-01,1,52691,174.0,2778.0
2026-07-09,IT,2016-10-01,1,55194,157.0,3548.0
2026-07-09,IT,1993-01-01,1,74331,77.0,12242.0
2026-07-09,IT,2024-09-01,1,72173,83.0,664.0
2026-07-09,IT,2016-04-01,1,52770,172.0,3730.0
2026-07-09,IT,2018-04-01,1,55056,160.0,3002.0
2026-07-09,IT,2009-03-01,1,53652,168.0,6314.0
2026-07-09,IT,2013-01-01,1,102167,43.0,4937.0
2026-07-09,IT,2017-03-01,1,52231,177.0,3401.0
2026-07-09,IT,1999-01-01,1,60851,127.0,10051.0
2026-07-09,IT,2018-02-01,1,78150,71.0,3072.0
2026-07-09,IT,2008-06-01,1,52058,178.0,6594.0
2026-07-09,IT,1992-01-01,1,55952,149.0,12608.0
2026-07-09,IT,2023-07-01,1,55399,155.0,1098.0
2026-07-09,IT,2023-01-01,1,52715,173.0,1259.0
2026-07-09,IT,1983-06-01,1,61874,122.0,15728.0
2026-07-09,IT,2022-06-01,1,69433,90.0,1497.0
2026-07-09,IT,2021-10-01,1,57325,144.0,1721.0
2026-07-09,IT,2016-01-01,1,62774,118.0,3821.0
2026-07-09,IT,2012-12-01,1,51803,179.0,4962.0
2026-07-09,IT,2017-05-01,1,87689,55.0,3352.0
2026-07-09,IT,2024-05-01,1,88706,54.0,783.0
2026-07-09,IT,2018-10-01,1,67806,97.0,2823.0
2026-07-09,IT,2005-05-01,1,51006,189.0,7713.0
2026-07-09,IT,2022-09-01,1,65102,107.0,1392.0
2026-07-09,IT,2012-10-01,1,59677,135.0,5021.0
2026-07-09,IT,2017-10-01,1,71785,84.0,3198.0
2026-07-09,IT,2022-05-01,1,86226,58.0,1525.0
2026-07-09,IT,2013-06-01,1,60365,128.0,4783.0
2026-07-09,IT,2025-11-01,1,114121,33.0,244.0
2026-07-09,IT,2014-08-01,1,64313,113.0,4356.0
2026-07-09,IT,2022-07-01,1,50726,194.0,1464.0
2026-07-09,IT,1982-11-01,2,158825,70.5,15927.0
2026-07-09,IT,2020-06-01,2,114369,145.0,2215.5
2026-07-09,IT,2024-11-01,2,165239,67.0,591.0
2026-07-09,IT,2012-01-01,2,179522,75.5,5303.0
2026-07-09,IT,2025-10-01,2,165670,77.0,261.5
2026-07-09,IT,2025-02-01,2,191087,78.0,511.0
2026-07-09,IT,1998-01-01,2,123877,131.0,10416.0
2026-07-09,IT,2023-02-01,2,107628,166.0,1241.5
2026-07-09,IT,2024-02-01,2,105993,174.0,881.0
2026-07-09,IT,2019-04-01,2,114542,155.5,2652.0
2026-07-09,IT,2016-09-01,2,124081,123.0,3590.0
2026-07-09,IT,2019-03-01,3,216594,89.33333333333333,2661.3333333333335
2026-07-09,IT,2025-06-01,3,181296,129.33333333333334,393.6666666666667
2026-07-09,IT,2025-08-01,3,239415,88.66666666666667,321.0
2026-07-09,IT,2018-01-01,3,177906,138.0,3093.0
2026-07-09,IT,2025-05-01,3,179501,134.33333333333334,421.3333333333333
2026-07-09,IT,2023-11-01,3,186389,122.33333333333333,965.0
2026-07-09,IT,2024-12-01,3,175401,153.0,574.0
2026-07-09,IT,2025-07-01,3,200941,102.0,356.0
2026-07-09,IT,2021-02-01,3,251384,114.0,1973.0
2026-07-09,IT,2025-03-01,4,370393,88.75,468.0
2026-07-09,IT,1995-01-01,4,252220,144.75,11512.0
2026-07-09,IT,2024-10-01,4,271776,112.25,622.0
2026-07-09,IT,2025-09-01,5,354056,111.4,290.6
2026-07-09,IT,2025-01-01,5,479374,58.8,550.0
2026-07-09,IT,2024-06-01,6,376942,129.66666666666669,756.3333333333334
2026-07-09,IT,2025-04-01,7,556284,95.14285714285715,451.4285714285714
2026-07-09,IT,2026-03-01,8,814593,82.24999999999999,114.62500000000001
2026-07-09,IT,2026-02-01,13,1220682,81.76923076923077,137.07692307692307
2026-07-09,IT,2026-05-01,14,1782713,62.71428571428572,53.78571428571429
2026-07-09,IT,2026-01-01,15,1491310,87.60000000000001,172.13333333333333
2026-07-09,IT,2026-04-01,15,1628150,59.93333333333333,86.60000000000001
2026-07-09,IT,2026-06-01,15,1391177,85.46666666666667,27.999999999999996
2026-06-06,IT,2005-11-01,1,53018,182.0,7495.0
2026-06-06,IT,2019-11-01,1,51755,195.0,2382.0
2026-06-06,IT,2025-12-01,1,63748,120.0,184.0
2026-06-06,IT,2016-04-01,1,65792,112.0,3697.0
2026-06-06,IT,2013-01-01,1,111447,43.0,4904.0
2026-06-06,IT,2016-09-01,1,52127,191.0,3557.0
2026-06-06,IT,2017-05-01,1,97954,56.0,3319.0
2026-06-06,IT,2012-10-01,1,63250,124.0,4988.0
2026-06-06,IT,2023-01-01,1,53885,179.0,1226.0
2026-06-06,IT,2022-09-01,1,82350,77.0,1359.0
2026-06-06,IT,2011-12-01,1,65005,116.0,5283.0
2026-06-06,IT,2024-04-01,1,54132,176.0,792.0
2026-06-06,IT,2022-06-01,1,80630,80.0,1464.0
2026-06-06,IT,2018-06-01,1,53947,177.0,2899.0
2026-06-06,IT,2019-06-01,1,56640,151.0,2535.0
2026-06-06,IT,1993-01-01,1,62384,130.0,12209.0
2026-06-06,IT,1998-01-01,1,67657,108.0,10383.0
2026-06-06,IT,2016-01-01,1,80431,81.0,3788.0
2026-06-06,IT,2016-10-01,1,60734,138.0,3515.0
2026-06-06,IT,2008-06-01,1,54889,169.0,6561.0
2026-06-06,IT,1983-06-01,1,61580,135.0,15695.0
2026-06-06,IT,2017-03-01,1,67858,107.0,3368.0
2026-06-06,IT,2024-08-01,1,54642,171.0,666.0
2026-06-06,IT,2006-09-01,1,55421,164.0,7189.0
2026-06-06,IT,2005-06-01,1,53185,181.0,7666.0
2026-06-06,IT,2022-07-01,1,62189,131.0,1431.0
2026-06-06,IT,2011-04-01,1,108013,46.0,5517.0
2026-06-06,IT,2020-10-01,1,63012,125.0,2045.0
2026-06-06,IT,1995-01-01,1,55112,167.0,11479.0
2026-06-06,IT,2005-05-01,1,58798,143.0,7680.0
2026-06-06,IT,2022-05-01,1,134809,30.0,1492.0
2026-06-06,IT,2025-11-01,1,98616,55.0,211.0
2026-06-06,IT,2018-11-01,1,67898,106.0,2745.0
2026-06-06,IT,2014-08-01,1,63574,122.0,4323.0
2026-06-06,IT,2018-10-01,1,97603,58.0,2790.0
2026-06-06,IT,2017-11-01,1,63601,121.0,3116.0
2026-06-06,IT,1996-10-01,1,55430,163.0,10813.0
2026-06-06,IT,2020-06-01,1,53014,183.0,2179.0
2026-06-06,IT,2023-06-01,1,59597,141.0,1093.0
2026-06-06,IT,2017-08-01,1,52141,190.0,3207.0
2026-06-06,IT,2020-09-01,1,67943,105.0,2080.0
2026-06-06,IT,2024-02-01,2,120852,141.0,848.0
2026-06-06,IT,2018-01-01,2,107235,178.5,3060.0
2026-06-06,IT,2024-09-01,2,122368,144.0,634.5
2026-06-06,IT,2025-08-01,2,172032,97.0,284.5
2026-06-06,IT,2025-10-01,2,173769,70.5,228.5
2026-06-06,IT,2019-10-01,2,112933,162.0,2416.5
2026-06-06,IT,2024-10-01,2,143928,96.0,589.0
2026-06-06,IT,2012-01-01,2,234177,66.0,5270.0
2026-06-06,IT,1987-08-01,2,116039,154.5,14159.0
2026-06-06,IT,2023-05-01,2,107105,180.0,1121.0
2026-06-06,IT,2021-02-01,2,209429,91.0,1940.0
2026-06-06,IT,2024-11-01,3,222535,120.0,561.3333333333334
2026-06-06,IT,2024-06-01,3,206391,112.0,722.0
2026-06-06,IT,1982-11-01,3,312871,74.33333333333333,15894.0
2026-06-06,IT,2025-07-01,3,250068,75.66666666666667,323.0
2026-06-06,IT,2019-03-01,3,234141,87.33333333333333,2628.3333333333335
2026-06-06,IT,2025-02-01,3,269613,128.0,478.3333333333333
2026-06-06,IT,2024-12-01,3,187580,150.0,541.0
2026-06-06,IT,2025-03-01,3,387860,58.33333333333333,435.0
2026-06-06,IT,2025-06-01,4,319150,97.5,358.25
2026-06-06,IT,2025-05-01,4,256969,131.75,381.0
2026-06-06,IT,2025-09-01,5,382982,96.2,259.2
2026-06-06,IT,2025-01-01,6,692163,52.83333333333333,517.0
2026-06-06,IT,2026-06-01,6,1021295,76.66666666666667,1.3333333333333333
2026-06-06,IT,2025-04-01,8,702264,83.49999999999999,417.875
2026-06-06,IT,2026-03-01,8,1003349,76.875,81.625
2026-06-06,IT,2026-01-01,14,1231654,111.21428571428572,136.0
2026-06-06,IT,2026-02-01,14,1575708,69.64285714285715,105.21428571428572
2026-06-06,IT,2026-04-01,20,2459347,64.2,54.35
2026-06-06,IT,2026-05-01,23,2441937,99.56521739130434,17.999999999999993
2026-06-07,IT,1995-01-01,1,47220,168.0,11480.0
2026-06-07,IT,2005-05-01,1,48295,157.0,7681.0
2026-06-07,IT,2013-01-01,1,97396,42.0,4905.0
2026-06-07,IT,2022-05-01,1,113683,30.0,1493.0
2026-06-07,IT,2020-10-01,1,52636,133.0,2046.0
2026-06-07,IT,2020-09-01,1,54186,123.0,2081.0
2026-06-07,IT,2005-06-01,1,52252,136.0,7667.0
2026-06-07,IT,2025-11-01,1,83086,56.0,212.0
2026-06-07,IT,2019-06-01,1,46685,174.0,2536.0
2026-06-07,IT,2023-06-01,1,53243,127.0,1094.0
2026-06-07,IT,2015-05-01,1,44671,195.0,4030.0
2026-06-07,IT,2008-06-01,1,47901,163.0,6562.0
2026-06-07,IT,1998-01-01,1,59445,100.0,10384.0
2026-06-07,IT,2022-07-01,1,52964,130.0,1432.0
2026-06-07,IT,1996-10-01,1,48681,154.0,10814.0
2026-06-07,IT,2018-06-01,1,45348,184.0,2900.0
2026-06-07,IT,2016-10-01,1,52492,134.0,3516.0
2026-06-07,IT,2014-08-01,1,55035,118.0,4324.0
2026-06-07,IT,2018-01-01,1,48545,156.0,3061.0
2026-06-07,IT,1983-06-01,1,54441,122.0,15696.0
2026-06-07,IT,2017-03-01,1,55591,115.0,3369.0
2026-06-07,IT,2017-05-01,1,83990,54.0,3320.0
2026-06-07,IT,2025-12-01,1,54822,120.0,185.0
2026-06-07,IT,2016-01-01,1,67331,84.0,3789.0
2026-06-07,IT,2006-09-01,1,46145,177.0,7190.0
2026-06-07,IT,2024-04-01,1,44586,196.0,793.0
2026-06-07,IT,2023-01-01,1,47116,171.0,1227.0
2026-06-07,IT,2018-10-01,1,84022,53.0,2791.0
2026-06-07,IT,2024-08-01,1,48117,160.0,667.0
2026-06-07,IT,2019-09-01,1,45853,180.0,2459.0
2026-06-07,IT,2020-12-01,1,45034,189.0,2011.0
2026-06-07,IT,2022-09-01,1,71512,74.0,1360.0
2026-06-07,IT,2023-05-01,1,47480,166.0,1115.0
2026-06-07,IT,1993-01-01,1,58998,102.0,12210.0
2026-06-07,IT,2018-11-01,1,49076,149.0,2746.0
2026-06-07,IT,2022-06-01,1,62644,90.0,1465.0
2026-06-07,IT,2005-11-01,1,44691,194.0,7496.0
2026-06-07,IT,2017-11-01,1,63701,89.0,3117.0
2026-06-07,IT,2016-09-01,1,44370,199.0,3558.0
2026-06-07,IT,2023-11-01,1,48289,158.0,933.0
2026-06-07,IT,2011-04-01,1,86989,50.0,5518.0
2026-06-07,IT,2016-04-01,1,55284,117.0,3698.0
2026-06-07,IT,2011-12-01,1,54737,121.0,5284.0
2026-06-07,IT,2012-10-01,1,51922,137.0,4989.0
2026-06-07,IT,2024-09-01,2,100446,154.0,635.5
2026-06-07,IT,2012-01-01,2,205766,53.0,5271.0
2026-06-07,IT,1987-08-01,2,99040,153.5,14160.0
2026-06-07,IT,2020-06-01,2,90079,188.5,2183.5
2026-06-07,IT,2021-02-01,2,174839,95.0,1941.0
2026-06-07,IT,2025-08-01,2,144820,95.0,285.5
2026-06-07,IT,2024-02-01,2,103487,141.5,849.0
2026-06-07,IT,2024-11-01,2,151383,90.0,562.5
2026-06-07,IT,2024-10-01,2,123425,93.5,590.0
2026-06-07,IT,2019-10-01,2,96724,162.0,2417.5
2026-06-07,IT,2025-02-01,2,179936,95.0,479.0
2026-06-07,IT,2025-03-01,3,322823,55.66666666666667,436.0
2026-06-07,IT,2025-10-01,3,196718,106.33333333333334,228.66666666666666
2026-06-07,IT,2024-12-01,3,163589,137.33333333333334,542.0
2026-06-07,IT,2019-03-01,3,196065,88.0,2629.3333333333335
2026-06-07,IT,2025-07-01,3,200646,84.33333333333333,324.0
2026-06-07,IT,1982-11-01,3,267227,76.33333333333333,15895.0
2026-06-07,IT,2025-06-01,4,273918,94.75,359.25
2026-06-07,IT,2025-05-01,4,215393,140.25,387.25
2026-06-07,IT,2026-06-01,5,789793,45.6,2.6
2026-06-07,IT,2025-09-01,5,325940,96.8,260.2
2026-06-07,IT,2025-01-01,6,577481,56.5,518.0
2026-06-07,IT,2024-06-01,6,314641,148.33333333333334,719.6666666666667
2026-06-07,IT,2025-04-01,8,605025,84.25,418.875
2026-06-07,IT,2026-03-01,8,850777,77.0,82.62500000000001
2026-06-07,IT,2026-02-01,14,1354470,72.35714285714286,106.21428571428571
2026-06-07,IT,2026-01-01,14,1081345,106.21428571428571,138.0
2026-06-07,IT,2026-04-01,20,2039130,64.9,55.349999999999994
2026-06-07,IT,2026-05-01,21,1948717,94.57142857142857,19.238095238095234
2026-06-09,IT,1995-01-01,1,53790,153.0,11482.0
2026-06-09,IT,2008-06-01,1,49268,192.0,6564.0
2026-06-09,IT,2018-10-01,1,90724,55.0,2793.0
2026-06-09,IT,2022-05-01,1,112372,37.0,1495.0
2026-06-09,IT,2020-09-01,1,58944,125.0,2083.0
2026-06-09,IT,2023-01-01,1,51076,178.0,1229.0
2026-06-09,IT,2006-09-01,1,50978,179.0,7192.0
2026-06-09,IT,2014-08-01,1,62177,113.0,4326.0
2026-06-09,IT,2019-06-01,1,52764,166.0,2538.0
2026-06-09,IT,1983-06-01,1,61747,116.0,15698.0
2026-06-09,IT,2017-03-01,1,57607,133.0,3371.0
2026-06-09,IT,2016-01-01,1,71991,86.0,3791.0
2026-06-09,IT,1993-01-01,1,63197,108.0,12212.0
2026-06-09,IT,2014-01-01,1,52988,164.0,4542.0
2026-06-09,IT,2022-06-01,1,73166,80.0,1467.0
2026-06-09,IT,2023-06-01,1,54261,150.0,1096.0
2026-06-09,IT,2012-10-01,1,59987,121.0,4991.0
2026-06-09,IT,2017-11-01,1,73838,79.0,3119.0
2026-06-09,IT,2016-10-01,1,58858,127.0,3518.0
2026-06-09,IT,2023-11-01,1,53476,157.0,935.0
2026-06-09,IT,2016-09-01,1,53443,158.0,3560.0
2026-06-09,IT,1987-08-01,1,51970,175.0,14162.0
2026-06-09,IT,2020-10-01,1,54713,147.0,2048.0
2026-06-09,IT,2018-06-01,1,52815,165.0,2902.0
2026-06-09,IT,2025-12-01,1,54265,149.0,187.0
2026-06-09,IT,2024-08-01,1,54217,151.0,669.0
2026-06-09,IT,2023-05-01,1,50007,186.0,1117.0
2026-06-09,IT,2022-09-01,1,80088,69.0,1362.0
2026-06-09,IT,2024-02-01,1,56720,137.0,858.0
2026-06-09,IT,2011-12-01,1,60452,118.0,5286.0
2026-06-09,IT,2005-05-01,1,48992,196.0,7683.0
2026-06-09,IT,1998-01-01,1,68461,97.0,10386.0
2026-06-09,IT,2025-11-01,1,83442,67.0,214.0
2026-06-09,IT,2017-05-01,1,87485,59.0,3322.0
2026-06-09,IT,2022-07-01,1,53128,162.0,1434.0
2026-06-09,IT,2016-04-01,1,55130,144.0,3700.0
2026-06-09,IT,2018-11-01,1,58653,129.0,2748.0
2026-06-09,IT,2005-06-01,1,60119,120.0,7669.0
2026-06-09,IT,2015-05-01,1,59373,123.0,4032.0
2026-06-09,IT,2011-04-01,1,97174,50.0,5520.0
2026-06-09,IT,1996-10-01,1,50021,185.0,10816.0
2026-06-09,IT,2024-09-01,1,66946,100.0,634.0
2026-06-09,IT,2024-10-01,2,136313,95.5,592.0
2026-06-09,IT,2021-02-01,2,195659,95.5,1943.0
2026-06-09,IT,2025-08-01,2,162242,91.5,287.5
2026-06-09,IT,2020-06-01,2,106962,160.5,2185.5
2026-06-09,IT,2013-01-01,2,159565,119.0,4907.0
2026-06-09,IT,2012-01-01,2,232981,41.5,5273.0
2026-06-09,IT,2018-01-01,2,103291,173.0,3063.0
2026-06-09,IT,2025-02-01,2,190249,98.0,481.0
2026-06-09,IT,2025-03-01,3,354015,53.66666666666667,438.0
2026-06-09,IT,2025-10-01,3,206940,108.66666666666666,230.66666666666666
2026-06-09,IT,2024-12-01,3,169288,157.0,544.0
2026-06-09,IT,2024-11-01,3,231264,123.33333333333334,563.0
2026-06-09,IT,1982-11-01,3,264715,91.33333333333333,15897.0
2026-06-09,IT,2019-10-01,3,155705,171.33333333333334,2417.3333333333335
2026-06-09,IT,2019-03-01,3,213683,87.33333333333333,2631.3333333333335
2026-06-09,IT,2025-07-01,4,267024,116.5,329.5
2026-06-09,IT,2025-06-01,4,286205,104.0,361.25
2026-06-09,IT,2025-05-01,4,230346,153.75,389.25
2026-06-09,IT,2025-09-01,5,373440,89.2,262.2
2026-06-09,IT,2024-06-01,5,305242,128.8,723.6
2026-06-09,IT,2025-01-01,6,602747,61.166666666666664,520.0
2026-06-09,IT,2026-06-01,7,969365,67.0,4.428571428571429
2026-06-09,IT,2025-04-01,8,671223,78.5,420.875
2026-06-09,IT,2026-03-01,8,882938,84.75,84.62500000000001
2026-06-09,IT,2026-02-01,14,1399534,73.57142857142858,108.21428571428571
2026-06-09,IT,2026-01-01,15,1228184,110.46666666666665,139.33333333333334
2026-06-09,IT,2026-05-01,20,2135308,88.65,21.749999999999996
2026-06-09,IT,2026-04-01,20,2231713,62.40000000000001,57.349999999999994
2026-06-03,IT,1998-01-01,1,66668,95.0,10380.0
2026-06-03,IT,2008-06-01,1,48509,183.0,6558.0
2026-06-03,IT,1983-06-01,1,54852,139.0,15692.0
2026-06-03,IT,2023-02-01,1,50877,170.0,1209.0
2026-06-03,IT,2012-10-01,1,57700,122.0,4985.0
2026-06-03,IT,2018-10-01,1,97128,48.0,2787.0
2026-06-03,IT,2024-08-01,1,56915,126.0,663.0
2026-06-03,IT,2017-05-01,1,86544,60.0,3316.0
2026-06-03,IT,2006-09-01,1,53472,147.0,7186.0
2026-06-03,IT,2020-12-01,1,46565,200.0,2007.0
2026-06-03,IT,2020-06-01,1,50695,171.0,2176.0
2026-06-03,IT,2020-09-01,1,62088,109.0,2077.0
2026-06-03,IT,2022-07-01,1,52563,154.0,1428.0
2026-06-03,IT,2025-11-01,1,81277,64.0,208.0
2026-06-03,IT,2022-09-01,1,80223,65.0,1356.0
2026-06-03,IT,2018-01-01,1,48372,184.0,3057.0
2026-06-03,IT,2016-09-01,1,55034,137.0,3554.0
2026-06-03,IT,2019-06-01,1,48839,181.0,2532.0
2026-06-03,IT,2018-06-01,1,52418,158.0,2896.0
2026-06-03,IT,2018-04-01,1,46737,197.0,2966.0
2026-06-03,IT,2022-05-01,1,104513,43.0,1489.0
2026-06-03,IT,2016-10-01,1,53163,150.0,3512.0
2026-06-03,IT,2022-11-01,1,46939,195.0,1286.0
2026-06-03,IT,2018-11-01,1,62583,107.0,2742.0
2026-06-03,IT,2016-01-01,1,87523,59.0,3785.0
2026-06-03,IT,2024-04-01,1,47603,188.0,789.0
2026-06-03,IT,2011-12-01,1,53178,149.0,5280.0
2026-06-03,IT,2023-11-01,1,46907,196.0,929.0
2026-06-03,IT,1993-01-01,1,56335,131.0,12206.0
2026-06-03,IT,2023-01-01,1,48705,182.0,1223.0
2026-06-03,IT,2016-04-01,1,56994,124.0,3694.0
2026-06-03,IT,2017-03-01,1,58570,118.0,3365.0
2026-06-03,IT,2025-12-01,1,56865,128.0,181.0
2026-06-03,IT,2020-10-01,1,53217,148.0,2042.0
2026-06-03,IT,2017-11-01,1,55680,134.0,3113.0
2026-06-03,IT,2011-04-01,1,100244,46.0,5514.0
2026-06-03,IT,2014-08-01,1,59618,111.0,4320.0
2026-06-03,IT,2022-06-01,1,74093,79.0,1461.0
2026-06-03,IT,2012-01-01,2,201971,66.5,5267.0
2026-06-03,IT,2024-02-01,2,103661,160.5,845.0
2026-06-03,IT,2013-01-01,2,157426,114.5,4901.0
2026-06-03,IT,2025-02-01,2,190380,85.0,475.0
2026-06-03,IT,2021-02-01,2,182421,80.5,1937.0
2026-06-03,IT,2025-08-01,2,166133,78.0,281.5
2026-06-03,IT,2024-09-01,2,116375,132.0,631.5
2026-06-03,IT,2023-06-01,2,110073,143.5,1093.5
2026-06-03,IT,1987-08-01,2,106005,153.5,14156.0
2026-06-03,IT,2024-11-01,3,194359,120.33333333333333,557.0
2026-06-03,IT,2019-03-01,3,214364,84.66666666666667,2625.3333333333335
2026-06-03,IT,2025-10-01,3,210868,98.33333333333333,224.66666666666666
2026-06-03,IT,1982-11-01,3,278504,69.33333333333333,15891.0
2026-06-03,IT,2025-03-01,3,353814,48.66666666666667,432.0
2026-06-03,IT,2019-10-01,3,156848,159.0,2411.3333333333335
2026-06-03,IT,2024-10-01,3,176541,131.0,586.0
2026-06-03,IT,2025-05-01,3,174511,148.66666666666666,378.3333333333333
2026-06-03,IT,2025-07-01,3,213399,90.0,320.0
2026-06-03,IT,2024-06-01,4,232003,128.75,715.5
2026-06-03,IT,2025-06-01,4,283441,105.25,355.25
2026-06-03,IT,2024-12-01,5,271408,152.2,539.0
2026-06-03,IT,2025-09-01,5,369159,86.2,256.2
2026-06-03,IT,2025-01-01,6,576468,59.666666666666664,514.0
2026-06-03,IT,2026-03-01,7,823712,60.57142857142856,80.14285714285714
2026-06-03,IT,2025-04-01,8,648324,84.25,414.875
2026-06-03,IT,2026-02-01,13,1386052,63.76923076923077,100.99999999999999
2026-06-03,IT,2026-01-01,15,1200088,107.86666666666666,132.4
2026-06-03,IT,2026-04-01,21,2364682,64.38095238095237,51.47619047619047
2026-06-03,IT,2026-05-01,28,2634052,97.75000000000001,14.250000000000002
2026-07-04,IT,2017-08-01,1,51316,196.0,3235.0
2026-07-04,IT,2024-09-01,1,77339,81.0,659.0
2026-07-04,IT,2013-01-01,1,95479,53.0,4932.0
2026-07-04,IT,1998-01-01,1,63233,123.0,10411.0
2026-07-04,IT,2022-06-01,1,75395,84.0,1492.0
2026-07-04,IT,2018-11-01,1,55440,163.0,2773.0
2026-07-04,IT,2020-10-01,1,53563,178.0,2073.0
2026-07-04,IT,2016-04-01,1,55943,159.0,3725.0
2026-07-04,IT,2017-03-01,1,52710,182.0,3396.0
2026-07-04,IT,2005-11-01,1,57947,146.0,7523.0
2026-07-04,IT,2025-11-01,1,131660,28.0,239.0
2026-07-04,IT,2019-06-01,1,51681,191.0,2563.0
2026-07-04,IT,2020-09-01,1,62093,127.0,2108.0
2026-07-04,IT,2011-04-01,1,72441,94.0,5545.0
2026-07-04,IT,2012-10-01,1,55461,162.0,5016.0
2026-07-04,IT,2018-06-01,1,51162,199.0,2955.0
2026-07-04,IT,2014-08-01,1,59410,136.0,4351.0
2026-07-04,IT,2013-06-01,1,58856,140.0,4778.0
2026-07-04,IT,2016-10-01,1,57489,149.0,3543.0
2026-07-04,IT,2022-07-01,1,57753,147.0,1459.0
2026-07-04,IT,1999-01-01,1,55592,160.0,10046.0
2026-07-04,IT,2022-05-01,1,100008,50.0,1520.0
2026-07-04,IT,1993-01-01,1,65726,113.0,12237.0
2026-07-04,IT,1996-06-01,1,65732,112.0,10990.0
2026-07-04,IT,2023-05-01,1,58936,139.0,1142.0
2026-07-04,IT,2024-05-01,1,67759,106.0,778.0
2026-07-04,IT,2019-04-01,1,58251,141.0,2647.0
2026-07-04,IT,2023-07-01,1,52328,187.0,1093.0
2026-07-04,IT,2011-12-01,1,58235,142.0,5311.0
2026-07-04,IT,2023-02-01,1,69226,100.0,1240.0
2026-07-04,IT,2017-11-01,1,53897,173.0,3144.0
2026-07-04,IT,2005-05-01,1,56366,157.0,7708.0
2026-07-04,IT,1983-06-01,1,58173,143.0,15723.0
2026-07-04,IT,2017-05-01,1,83181,68.0,3347.0
2026-07-04,IT,2018-10-01,1,68905,101.0,2818.0
2026-07-04,IT,2016-01-01,1,62904,125.0,3816.0
2026-07-04,IT,2018-01-01,1,53621,176.0,3088.0
2026-07-04,IT,2018-02-01,1,56585,156.0,3067.0
2026-07-04,IT,2025-12-01,1,52538,183.0,212.0
2026-07-04,IT,2016-09-01,1,52372,186.0,3585.0
2026-07-04,IT,2022-09-01,1,65794,111.0,1387.0
2026-07-04,IT,2020-12-01,1,52716,181.0,2038.0
2026-07-04,IT,1995-01-01,2,139656,105.0,11507.0
2026-07-04,IT,2023-11-01,2,108327,171.5,960.0
2026-07-04,IT,1982-11-01,2,175800,64.0,15922.0
2026-07-04,IT,2020-06-01,2,113682,159.0,2210.5
2026-07-04,IT,2012-01-01,2,197612,67.5,5298.0
2026-07-04,IT,2025-10-01,2,174290,70.0,256.5
2026-07-04,IT,2021-02-01,2,178239,100.0,1968.0
2026-07-04,IT,2025-02-01,2,213737,70.0,506.0
2026-07-04,IT,2024-02-01,2,107958,176.0,876.0
2026-07-04,IT,2019-03-01,3,220070,90.0,2656.3333333333335
2026-07-04,IT,2024-11-01,3,237489,95.0,585.6666666666666
2026-07-04,IT,2025-07-01,3,226572,85.0,351.0
2026-07-04,IT,2025-08-01,3,250824,104.66666666666666,316.0
2026-07-04,IT,2024-12-01,3,198089,123.33333333333333,569.0
2026-07-04,IT,2025-06-01,4,250831,129.75,386.25
2026-07-04,IT,2025-03-01,4,375710,92.5,463.0
2026-07-04,IT,2024-10-01,4,292745,103.5,617.0
2026-07-04,IT,2025-05-01,4,236714,146.25,414.0
2026-07-04,IT,2025-09-01,6,412271,119.66666666666667,284.83333333333337
2026-07-04,IT,2025-01-01,6,583868,75.83333333333333,545.0
2026-07-04,IT,2025-04-01,7,555741,96.42857142857143,445.2857142857143
2026-07-04,IT,2024-06-01,8,514005,128.75,749.2500000000001
2026-07-04,IT,2026-03-01,8,912235,76.5,109.62500000000001
2026-07-04,IT,2026-02-01,13,1296105,78.76923076923076,132.07692307692307
2026-07-04,IT,2026-01-01,14,1618997,65.71428571428571,167.99999999999997
2026-07-04,IT,2026-05-01,14,1891704,57.285714285714285,48.78571428571429
2026-07-04,IT,2026-04-01,16,1778916,75.62500000000001,81.375
2026-07-04,IT,2026-06-01,17,1659941,91.6470588235294,20.117647058823525
2026-07-18,IT,2016-06-01,1,55749,160.0,3676.0
2026-07-18,IT,2013-06-01,1,54724,164.0,4792.0
2026-07-18,IT,2020-10-01,1,81608,73.0,2087.0
2026-07-18,IT,2016-04-01,1,58089,145.0,3739.0
2026-07-18,IT,2022-09-01,1,63197,120.0,1401.0
2026-07-18,IT,2012-10-01,1,56196,158.0,5030.0
2026-07-18,IT,2011-12-01,1,56504,157.0,5325.0
2026-07-18,IT,2023-02-01,1,54917,163.0,1254.0
2026-07-18,IT,2017-05-01,1,92224,59.0,3361.0
2026-07-18,IT,2012-12-01,1,60995,131.0,4971.0
2026-07-18,IT,2023-07-01,1,57565,150.0,1107.0
2026-07-18,IT,2024-09-01,1,61011,129.0,673.0
2026-07-18,IT,2018-04-01,1,49775,197.0,3011.0
2026-07-18,IT,2018-01-01,1,57820,147.0,3102.0
2026-07-18,IT,2016-09-01,1,56621,154.0,3599.0
2026-07-18,IT,1993-01-01,1,66062,108.0,12251.0
2026-07-18,IT,1999-01-01,1,62559,122.0,10060.0
2026-07-18,IT,2019-06-01,1,85420,69.0,2577.0
2026-07-18,IT,2020-09-01,1,54240,170.0,2122.0
2026-07-18,IT,1980-01-01,1,51168,187.0,17000.0
2026-07-18,IT,2022-07-01,1,58550,141.0,1473.0
2026-07-18,IT,2011-04-01,1,64974,113.0,5559.0
2026-07-18,IT,2020-06-01,1,50086,193.0,2228.0
2026-07-18,IT,2020-12-01,1,49862,195.0,2052.0
2026-07-18,IT,2023-05-01,1,55411,162.0,1156.0
2026-07-18,IT,2006-09-01,1,51724,184.0,7231.0
2026-07-18,IT,2024-02-01,1,69859,97.0,897.0
2026-07-18,IT,2005-05-01,1,65256,112.0,7722.0
2026-07-18,IT,2024-05-01,1,67445,106.0,792.0
2026-07-18,IT,2023-03-01,1,52646,178.0,1219.0
2026-07-18,IT,2013-01-01,1,88832,63.0,4946.0
2026-07-18,IT,2016-01-01,1,59793,135.0,3830.0
2026-07-18,IT,2009-05-01,1,49772,198.0,6266.0
2026-07-18,IT,2020-02-01,1,57721,148.0,2331.0
2026-07-18,IT,2024-07-01,1,49702,199.0,729.0
2026-07-18,IT,2017-10-01,1,59973,134.0,3207.0
2026-07-18,IT,2018-10-01,1,68340,102.0,2832.0
2026-07-18,IT,2014-08-01,1,62972,121.0,4365.0
2026-07-18,IT,2016-10-01,1,56595,155.0,3557.0
2026-07-18,IT,2023-10-01,1,58458,142.0,1009.0
2026-07-18,IT,2022-06-01,1,75226,89.0,1506.0
2026-07-18,IT,1983-06-01,1,61229,127.0,15737.0
2026-07-18,IT,1998-01-01,1,79209,80.0,10425.0
2026-07-18,IT,2025-11-01,1,140518,28.0,253.0
2026-07-18,IT,1982-11-01,2,156673,83.5,15936.0
2026-07-18,IT,2025-02-01,2,222177,72.0,520.0
2026-07-18,IT,2021-02-01,2,183699,108.5,1982.0
2026-07-18,IT,2023-11-01,2,106525,175.0,974.0
2026-07-18,IT,2012-01-01,2,179967,89.5,5312.0
2026-07-18,IT,2025-10-01,2,174293,75.5,270.5
2026-07-18,IT,2024-12-01,2,143457,98.0,580.0
2026-07-18,IT,2024-10-01,2,159096,79.5,631.0
2026-07-18,IT,2024-11-01,3,219841,106.66666666666667,603.3333333333334
2026-07-18,IT,2022-05-01,3,300678,113.0,1534.0
2026-07-18,IT,1995-01-01,3,240369,115.66666666666667,11521.0
2026-07-18,IT,2019-03-01,3,213231,96.33333333333333,2670.3333333333335
2026-07-18,IT,2025-08-01,3,237728,105.66666666666667,330.0
2026-07-18,IT,2025-07-01,3,220970,90.66666666666667,365.0
2026-07-18,IT,2025-03-01,4,383080,85.0,477.0
2026-07-18,IT,2025-05-01,4,222661,163.75,428.0
2026-07-18,IT,2025-06-01,4,230505,149.0,400.25
2026-07-18,IT,2025-09-01,4,275444,111.5,300.75
2026-07-18,IT,2025-04-01,6,484834,89.83333333333334,459.8333333333333
2026-07-18,IT,2024-06-01,6,367178,139.83333333333331,765.3333333333334
2026-07-18,IT,2026-03-01,8,894008,82.0,123.62500000000001
2026-07-18,IT,2025-01-01,9,1268708,48.0,559.0
2026-07-18,IT,2026-04-01,13,1536342,60.84615384615385,96.53846153846155
2026-07-18,IT,2026-02-01,13,1243070,91.38461538461539,146.53846153846155
2026-07-18,IT,2026-01-01,13,1256223,99.38461538461537,181.9230769230769
2026-07-18,IT,2026-06-01,14,1448516,73.64285714285714,35.92857142857143
2026-07-18,IT,2026-05-01,14,1867271,61.142857142857146,62.85714285714286
2026-07-03,IT,2024-09-01,1,69028,108.0,658.0
2026-07-03,IT,1996-06-01,1,63910,128.0,10989.0
2026-07-03,IT,2022-06-01,1,74562,89.0,1491.0
2026-07-03,IT,2022-09-01,1,68703,109.0,1386.0
2026-07-03,IT,1983-06-01,1,61836,137.0,15722.0
2026-07-03,IT,2016-04-01,1,55307,177.0,3724.0
2026-07-03,IT,1999-01-01,1,56323,171.0,10045.0
2026-07-03,IT,2018-10-01,1,72235,96.0,2817.0
2026-07-03,IT,2011-04-01,1,75715,85.0,5544.0
2026-07-03,IT,2011-12-01,1,57570,163.0,5310.0
2026-07-03,IT,1993-01-01,1,69697,106.0,12236.0
2026-07-03,IT,2023-07-01,1,55403,176.0,1092.0
2026-07-03,IT,2023-02-01,1,72155,97.0,1239.0
2026-07-03,IT,2017-03-01,1,52754,193.0,3395.0
2026-07-03,IT,2025-11-01,1,126012,31.0,238.0
2026-07-03,IT,2020-09-01,1,64946,121.0,2107.0
2026-07-03,IT,2018-11-01,1,58256,155.0,2772.0
2026-07-03,IT,2012-10-01,1,57374,165.0,5015.0
2026-07-03,IT,2022-07-01,1,57216,166.0,1458.0
2026-07-03,IT,2023-05-01,1,57568,164.0,1141.0
2026-07-03,IT,2017-11-01,1,53189,190.0,3143.0
2026-07-03,IT,2025-12-01,1,54553,180.0,211.0
2026-07-03,IT,2019-09-01,1,52491,197.0,2485.0
2026-07-03,IT,2018-01-01,1,54180,182.0,3087.0
2026-07-03,IT,2016-09-01,1,54627,179.0,3584.0
2026-07-03,IT,2020-10-01,1,53643,186.0,2072.0
2026-07-03,IT,2013-06-01,1,64022,127.0,4777.0
2026-07-03,IT,2024-05-01,1,59564,147.0,777.0
2026-07-03,IT,2014-08-01,1,61912,136.0,4350.0
2026-07-03,IT,2022-05-01,1,97311,52.0,1519.0
2026-07-03,IT,2005-05-01,1,53963,184.0,7707.0
2026-07-03,IT,2005-11-01,1,56879,169.0,7522.0
2026-07-03,IT,2013-01-01,1,101437,49.0,4931.0
2026-07-03,IT,2016-10-01,1,57806,159.0,3542.0
2026-07-03,IT,2024-02-01,1,53604,187.0,882.0
2026-07-03,IT,2020-06-01,1,61057,139.0,2213.0
2026-07-03,IT,2016-01-01,1,67910,113.0,3815.0
2026-07-03,IT,1998-01-01,2,118046,155.0,10410.0
2026-07-03,IT,2025-10-01,2,181753,70.0,255.5
2026-07-03,IT,2021-02-01,2,180632,102.5,1967.0
2026-07-03,IT,2025-02-01,2,210495,70.0,505.0
2026-07-03,IT,1982-11-01,2,171636,69.0,15921.0
2026-07-03,IT,2023-11-01,2,112347,169.5,959.0
2026-07-03,IT,2017-05-01,2,135637,135.5,3346.0
2026-07-03,IT,2012-01-01,2,192965,80.0,5297.0
2026-07-03,IT,1995-01-01,2,143502,113.5,11506.0
2026-07-03,IT,2019-03-01,3,212012,102.33333333333333,2655.3333333333335
2026-07-03,IT,2025-07-01,3,221224,93.0,350.0
2026-07-03,IT,2025-08-01,3,257355,95.0,315.0
2026-07-03,IT,2025-06-01,3,200774,117.66666666666667,387.6666666666667
2026-07-03,IT,2024-12-01,4,253362,143.75,569.5
2026-07-03,IT,2024-11-01,4,297641,115.75,587.25
2026-07-03,IT,2024-10-01,4,309354,92.0,616.0
2026-07-03,IT,2025-03-01,4,384028,88.25,462.0
2026-07-03,IT,2025-05-01,4,246160,143.75,413.0
2026-07-03,IT,2026-07-01,5,290325,163.6,0.4
2026-07-03,IT,2025-04-01,6,507446,86.5,444.8333333333333
2026-07-03,IT,2025-01-01,6,575312,79.16666666666666,544.0
2026-07-03,IT,2024-06-01,7,461864,122.28571428571429,748.1428571428572
2026-07-03,IT,2025-09-01,7,481815,130.14285714285714,283.28571428571433
2026-07-03,IT,2026-03-01,8,901746,77.12499999999999,108.62500000000001
2026-07-03,IT,2026-02-01,13,1294522,82.3076923076923,131.07692307692307
2026-07-03,IT,2026-01-01,14,1688143,61.357142857142854,167.00000000000003
2026-07-03,IT,2026-05-01,14,1900275,54.57142857142858,47.78571428571429
2026-07-03,IT,2026-04-01,16,1813668,71.18750000000001,80.375
2026-07-03,IT,2026-06-01,17,1745899,80.6470588235294,19.529411764705884
2026-06-01,IT,2024-04-01,1,50088,173.0,787.0
2026-06-01,IT,2020-06-01,1,52925,157.0,2174.0
2026-06-01,IT,2025-12-01,1,64024,106.0,179.0
2026-06-01,IT,2014-08-01,1,59738,122.0,4318.0
2026-06-01,IT,2019-06-01,1,52043,161.0,2530.0
2026-06-01,IT,2020-05-01,1,48845,184.0,2211.0
2026-06-01,IT,2023-05-01,1,53947,151.0,1109.0
2026-06-01,IT,2022-11-01,1,48958,182.0,1284.0
2026-06-01,IT,2022-06-01,1,76018,77.0,1459.0
2026-06-01,IT,2017-11-01,1,53041,155.0,3111.0
2026-06-01,IT,1983-06-01,1,62458,112.0,15690.0
2026-06-01,IT,2005-06-01,1,50512,172.0,7661.0
2026-06-01,IT,2020-09-01,1,60604,119.0,2075.0
2026-06-01,IT,2023-11-01,1,52118,160.0,927.0
2026-06-01,IT,1998-01-01,1,65918,100.0,10378.0
2026-06-01,IT,2018-11-01,1,60409,120.0,2740.0
2026-06-01,IT,2017-05-01,1,89826,57.0,3314.0
2026-06-01,IT,2020-03-01,1,48050,188.0,2272.0
2026-06-01,IT,2016-04-01,1,58346,123.0,3692.0
2026-06-01,IT,2018-10-01,1,95175,50.0,2785.0
2026-06-01,IT,2018-06-01,1,55391,142.0,2894.0
2026-06-01,IT,2016-09-01,1,53662,153.0,3552.0
2026-06-01,IT,2023-06-01,1,58113,125.0,1088.0
2026-06-01,IT,2022-07-01,1,57455,128.0,1426.0
2026-06-01,IT,1996-10-01,1,47363,195.0,10808.0
2026-06-01,IT,2011-12-01,1,63135,109.0,5278.0
2026-06-01,IT,2018-01-01,1,56113,138.0,3055.0
2026-06-01,IT,2020-12-01,1,47757,193.0,2005.0
2026-06-01,IT,2020-10-01,1,57963,126.0,2040.0
2026-06-01,IT,2006-09-01,1,54049,150.0,7184.0
2026-06-01,IT,2024-02-01,1,57100,132.0,850.0
2026-06-01,IT,2022-09-01,1,75548,78.0,1354.0
2026-06-01,IT,2023-02-01,1,49317,178.0,1207.0
2026-06-01,IT,2012-10-01,1,62297,113.0,4983.0
2026-06-01,IT,2011-04-01,1,103297,44.0,5512.0
2026-06-01,IT,1993-01-01,1,59919,121.0,12204.0
2026-06-01,IT,2022-05-01,1,115015,34.0,1487.0
2026-06-01,IT,2016-01-01,1,81232,68.0,3783.0
2026-06-01,IT,2016-10-01,1,57264,131.0,3510.0
2026-06-01,IT,2005-11-01,1,48569,185.0,7490.0
2026-06-01,IT,2011-06-01,1,47345,197.0,5463.0
2026-06-01,IT,2017-03-01,1,62459,111.0,3363.0
2026-06-01,IT,2025-11-01,1,85419,61.0,206.0
2026-06-01,IT,2005-05-01,1,51287,167.0,7675.0
2026-06-01,IT,2013-01-01,2,160012,112.5,4899.0
2026-06-01,IT,2021-02-01,2,188796,84.0,1935.0
2026-06-01,IT,2025-08-01,2,165261,97.0,279.5
2026-06-01,IT,2024-09-01,2,122046,125.5,629.5
2026-06-01,IT,1987-08-01,2,115982,131.5,14154.0
2026-06-01,IT,2025-02-01,2,196691,93.0,473.0
2026-06-01,IT,2012-01-01,2,222557,61.5,5265.0
2026-06-01,IT,2024-11-01,3,203743,113.66666666666667,555.0
2026-06-01,IT,2019-03-01,3,219445,84.66666666666667,2623.3333333333335
2026-06-01,IT,2024-10-01,3,174460,137.0,584.0
2026-06-01,IT,2025-10-01,3,214555,103.0,222.66666666666666
2026-06-01,IT,2025-03-01,3,361525,51.333333333333336,430.0
2026-06-01,IT,2019-10-01,3,153613,168.0,2409.3333333333335
2026-06-01,IT,2024-06-01,4,229364,146.0,713.75
2026-06-01,IT,2025-05-01,4,227471,142.25,379.75
2026-06-01,IT,2025-06-01,4,301399,90.0,353.25
2026-06-01,IT,1982-11-01,4,359825,87.75,15889.0
2026-06-01,IT,2025-07-01,4,281863,102.25,321.5
2026-06-01,IT,2024-12-01,5,273386,162.2,537.0
2026-06-01,IT,2025-01-01,6,607891,58.0,512.0
2026-06-01,IT,2025-09-01,6,415269,109.33333333333334,254.33333333333334
2026-06-01,IT,2026-03-01,7,854229,62.28571428571429,78.14285714285714
2026-06-01,IT,2025-04-01,9,682470,98.22222222222223,413.22222222222223
2026-06-01,IT,2026-02-01,13,1461778,59.84615384615385,99.0
2026-06-01,IT,2026-01-01,14,1110925,110.57142857142857,131.00000000000003
2026-06-01,IT,2026-04-01,21,2354746,69.57142857142856,49.47619047619047
2026-06-01,IT,2026-05-01,22,2265742,76.31818181818181,13.454545454545453
2026-07-18,IT,2026-07-01,10,819219,102.70000000000002,9.0
2026-06-27,IT,2000-10-01,1,51063,198.0,9377.0
2026-06-27,IT,2024-07-01,1,53909,176.0,708.0
2026-06-27,IT,2022-09-01,1,71242,97.0,1380.0
2026-06-27,IT,2018-06-01,1,52112,187.0,2920.0
2026-06-27,IT,1993-01-01,1,80438,75.0,12230.0
2026-06-27,IT,2016-04-01,1,59063,148.0,3718.0
2026-06-27,IT,2024-02-01,1,59983,141.0,876.0
2026-06-27,IT,2013-06-01,1,53415,180.0,4771.0
2026-06-27,IT,2018-01-01,1,56595,159.0,3081.0
2026-06-27,IT,2019-10-01,1,54883,169.0,2444.0
2026-06-27,IT,2025-11-01,1,134919,24.0,232.0
2026-06-27,IT,2011-12-01,1,67481,111.0,5304.0
2026-06-27,IT,2005-05-01,1,59253,146.0,7701.0
2026-06-27,IT,2021-02-01,1,157995,16.0,1961.0
2026-06-27,IT,2016-10-01,1,58222,155.0,3536.0
2026-06-27,IT,1996-10-01,1,54495,173.0,10834.0
2026-06-27,IT,2025-12-01,1,53282,181.0,205.0
2026-06-27,IT,2011-04-01,1,75876,87.0,5538.0
2026-06-27,IT,2025-02-01,1,153480,20.0,493.0
2026-06-27,IT,2023-06-01,1,56978,157.0,1121.0
2026-06-27,IT,2013-01-01,1,104615,52.0,4925.0
2026-06-27,IT,2018-10-01,1,71122,98.0,2811.0
2026-06-27,IT,2022-06-01,1,69331,104.0,1485.0
2026-06-27,IT,2024-09-01,1,75653,88.0,652.0
2026-06-27,IT,2019-09-01,1,51834,188.0,2479.0
2026-06-27,IT,2023-02-01,1,70988,100.0,1233.0
2026-06-27,IT,2012-10-01,1,56081,163.0,5009.0
2026-06-27,IT,2019-06-01,1,54987,167.0,2556.0
2026-06-27,IT,2018-11-01,1,53603,178.0,2766.0
2026-06-27,IT,1983-06-01,1,62925,127.0,15716.0
2026-06-27,IT,2020-10-01,1,52689,184.0,2066.0
2026-06-27,IT,2020-09-01,1,58968,150.0,2101.0
2026-06-27,IT,2017-05-01,1,84557,68.0,3340.0
2026-06-27,IT,2017-03-01,1,54353,174.0,3389.0
2026-06-27,IT,2022-05-01,1,123633,31.0,1513.0
2026-06-27,IT,2014-08-01,1,60906,135.0,4344.0
2026-06-27,IT,2017-11-01,1,63023,125.0,3137.0
2026-06-27,IT,2022-07-01,1,58983,149.0,1452.0
2026-06-27,IT,2016-01-01,1,68957,105.0,3809.0
2026-06-27,IT,1982-11-01,2,191869,59.5,15915.0
2026-06-27,IT,2023-05-01,2,102184,196.5,1142.0
2026-06-27,IT,2020-06-01,2,125021,133.0,2203.5
2026-06-27,IT,2023-11-01,2,114275,158.0,953.0
2026-06-27,IT,2025-10-01,2,152321,84.0,249.5
2026-06-27,IT,2016-09-01,2,107629,178.5,3578.0
2026-06-27,IT,1998-01-01,2,117692,154.5,10404.0
2026-06-27,IT,2012-01-01,2,212603,60.5,5291.0
2026-06-27,IT,2025-03-01,3,339371,62.666666666666664,456.0
2026-06-27,IT,2025-05-01,3,183841,134.66666666666666,402.3333333333333
2026-06-27,IT,2025-08-01,3,257154,97.33333333333333,309.0
2026-06-27,IT,2025-07-01,3,234046,81.66666666666667,344.0
2026-06-27,IT,2019-03-01,3,213641,99.33333333333333,2649.3333333333335
2026-06-27,IT,1995-01-01,3,172789,155.33333333333334,11500.0
2026-06-27,IT,2024-11-01,4,300251,123.75,579.5
2026-06-27,IT,2024-10-01,4,278892,120.25,610.0
2026-06-27,IT,2024-12-01,4,240323,150.75,562.75
2026-06-27,IT,2025-06-01,4,244418,138.0,379.25
2026-06-27,IT,2025-09-01,6,415954,126.66666666666666,279.16666666666663
2026-06-27,IT,2025-01-01,6,597328,73.0,538.0
2026-06-27,IT,2025-04-01,7,604408,79.71428571428571,438.2857142857143
2026-06-27,IT,2026-03-01,8,959124,78.875,102.62500000000001
2026-06-27,IT,2024-06-01,8,487412,143.75,743.1250000000001
2026-06-27,IT,2026-05-01,13,1791921,56.61538461538461,41.61538461538461
2026-06-27,IT,2026-02-01,13,1341663,76.0,125.07692307692308
2026-06-27,IT,2026-01-01,16,1694947,78.8125,160.25
2026-06-27,IT,2026-04-01,16,1916140,66.18749999999999,74.6875
2026-06-27,IT,2026-06-01,18,1799242,81.1111111111111,15.5
2026-07-07,IT,2016-04-01,1,50198,181.0,3728.0
2026-07-07,IT,2018-01-01,1,51451,168.0,3091.0
2026-07-07,IT,2000-10-01,1,48533,194.0,9387.0
2026-07-07,IT,1993-01-01,1,63954,106.0,12240.0
2026-07-07,IT,2025-11-01,1,109829,36.0,242.0
2026-07-07,IT,2018-10-01,1,70093,85.0,2821.0
2026-07-07,IT,1983-06-01,1,55348,138.0,15726.0
2026-07-07,IT,2022-06-01,1,66884,94.0,1495.0
2026-07-07,IT,2012-10-01,1,55435,136.0,5019.0
2026-07-07,IT,2024-05-01,1,73337,75.0,781.0
2026-07-07,IT,2016-01-01,1,58385,125.0,3819.0
2026-07-07,IT,1998-01-01,1,65130,98.0,10414.0
2026-07-07,IT,2017-05-01,1,83951,58.0,3350.0
2026-07-07,IT,2020-09-01,1,58159,127.0,2111.0
2026-07-07,IT,1996-06-01,1,51378,170.0,10993.0
2026-07-07,IT,2005-11-01,1,54800,145.0,7526.0
2026-07-07,IT,2022-07-01,1,49469,189.0,1462.0
2026-07-07,IT,2018-11-01,1,53158,158.0,2776.0
2026-07-07,IT,2018-02-01,1,68071,93.0,3070.0
2026-07-07,IT,2022-05-01,1,83383,61.0,1523.0
2026-07-07,IT,2022-09-01,1,65806,97.0,1390.0
2026-07-07,IT,1999-01-01,1,54536,146.0,10049.0
2026-07-07,IT,2011-12-01,1,50255,180.0,5314.0
2026-07-07,IT,2014-08-01,1,60369,116.0,4354.0
2026-07-07,IT,2013-06-01,1,61120,114.0,4781.0
2026-07-07,IT,2016-10-01,1,52571,160.0,3546.0
2026-07-07,IT,2021-10-01,1,56336,133.0,1719.0
2026-07-07,IT,2023-07-01,1,48886,191.0,1096.0
2026-07-07,IT,2017-10-01,1,75614,71.0,3196.0
2026-07-07,IT,2020-06-01,1,53558,152.0,2217.0
2026-07-07,IT,2023-05-01,1,50818,175.0,1145.0
2026-07-07,IT,2024-09-01,1,71136,81.0,662.0
2026-07-07,IT,2017-03-01,1,50987,173.0,3399.0
2026-07-07,IT,2019-09-01,1,50513,177.0,2489.0
2026-07-07,IT,2005-05-01,1,49686,187.0,7711.0
2026-07-07,IT,2026-07-01,1,52221,163.0,0.0
2026-07-07,IT,2011-04-01,1,64666,101.0,5548.0
2026-07-07,IT,2013-01-01,1,91776,49.0,4935.0
2026-07-07,IT,2020-10-01,1,48277,199.0,2076.0
2026-07-07,IT,2023-11-01,2,102282,170.5,963.0
2026-07-07,IT,2012-01-01,2,167242,87.5,5301.0
2026-07-07,IT,2019-04-01,2,123936,122.0,2650.0
2026-07-07,IT,2025-02-01,2,192603,66.5,509.0
2026-07-07,IT,2021-02-01,2,171565,94.0,1971.0
2026-07-07,IT,2025-10-01,2,157002,77.5,259.5
2026-07-07,IT,2016-09-01,2,100377,181.0,3588.0
2026-07-07,IT,1982-11-01,2,156756,71.5,15925.0
2026-07-07,IT,2024-02-01,2,100874,178.5,879.0
2026-07-07,IT,2023-02-01,2,124452,112.5,1239.5
2026-07-07,IT,2025-03-01,3,296356,69.66666666666666,466.0
2026-07-07,IT,2025-07-01,3,199602,95.0,354.0
2026-07-07,IT,2025-08-01,3,235520,84.0,319.0
2026-07-07,IT,2025-06-01,3,177770,128.33333333333334,391.6666666666667
2026-07-07,IT,2024-11-01,3,208470,110.33333333333333,588.6666666666666
2026-07-07,IT,2019-03-01,3,211192,88.33333333333333,2659.3333333333335
2026-07-07,IT,2024-12-01,3,173762,139.66666666666666,572.0
2026-07-07,IT,1995-01-01,3,203618,120.0,11510.0
2026-07-07,IT,2024-10-01,4,252712,117.25,620.0
2026-07-07,IT,2025-05-01,5,274851,149.0,415.6
2026-07-07,IT,2025-01-01,5,464188,60.0,548.0
2026-07-07,IT,2025-09-01,6,383268,124.00000000000001,287.83333333333337
2026-07-07,IT,2025-04-01,6,471245,85.66666666666667,448.8333333333333
2026-07-07,IT,2024-06-01,7,418493,134.28571428571428,752.1428571428572
2026-07-07,IT,2026-03-01,8,809965,78.75,112.62500000000001
2026-07-07,IT,2026-02-01,13,1176432,81.15384615384616,135.07692307692307
2026-07-07,IT,2026-01-01,14,1419740,73.0,171.00000000000003
2026-07-07,IT,2026-05-01,14,1763332,58.142857142857146,51.78571428571429
2026-07-07,IT,2026-04-01,16,1658666,66.43749999999999,84.375
2026-07-07,IT,2026-06-01,19,1683735,98.57894736842103,23.736842105263158
2026-06-30,IT,2016-10-01,1,51972,160.0,3539.0
2026-06-30,IT,2022-05-01,1,102908,45.0,1516.0
2026-06-30,IT,2000-10-01,1,47649,195.0,9380.0
2026-06-30,IT,2022-06-01,1,64677,100.0,1488.0
2026-06-30,IT,2017-05-01,1,74392,73.0,3343.0
2026-06-30,IT,2025-12-01,1,52371,159.0,208.0
2026-06-30,IT,2018-06-01,1,48357,189.0,2923.0
2026-06-30,IT,1983-06-01,1,62063,108.0,15719.0
2026-06-30,IT,2024-05-01,1,48068,191.0,774.0
2026-06-30,IT,2012-12-01,1,46918,199.0,4953.0
2026-06-30,IT,2018-01-01,1,51879,164.0,3084.0
2026-06-30,IT,2017-03-01,1,48759,186.0,3392.0
2026-06-30,IT,2022-07-01,1,50036,177.0,1455.0
2026-06-30,IT,2011-04-01,1,68951,85.0,5541.0
2026-06-30,IT,1993-01-01,1,57852,129.0,12233.0
2026-06-30,IT,2024-07-01,1,47744,194.0,711.0
2026-06-30,IT,2018-10-01,1,66476,92.0,2814.0
2026-06-30,IT,2025-11-01,1,109215,35.0,235.0
2026-06-30,IT,2025-02-01,1,129467,21.0,496.0
2026-06-30,IT,2014-08-01,1,52560,157.0,4347.0
2026-06-30,IT,2022-09-01,1,67589,89.0,1383.0
2026-06-30,IT,2013-06-01,1,47929,192.0,4774.0
2026-06-30,IT,2017-11-01,1,57743,131.0,3140.0
2026-06-30,IT,2019-06-01,1,49247,182.0,2559.0
2026-06-30,IT,2020-09-01,1,51008,170.0,2104.0
2026-06-30,IT,2024-02-01,1,49576,180.0,879.0
2026-06-30,IT,2018-11-01,1,51377,166.0,2769.0
2026-06-30,IT,2016-09-01,1,50410,175.0,3581.0
2026-06-30,IT,1998-01-01,1,66346,93.0,10407.0
2026-06-30,IT,2012-10-01,1,51945,161.0,5012.0
2026-06-30,IT,2024-09-01,1,65129,97.0,655.0
2026-06-30,IT,2016-04-01,1,50702,173.0,3721.0
2026-06-30,IT,2016-01-01,1,62724,105.0,3812.0
2026-06-30,IT,2011-12-01,1,54800,141.0,5307.0
2026-06-30,IT,2023-02-01,1,73075,78.0,1236.0
2026-06-30,IT,2020-06-01,2,118652,122.0,2206.5
2026-06-30,IT,2023-11-01,2,108044,145.5,956.0
2026-06-30,IT,2023-06-01,2,98462,182.5,1120.5
2026-06-30,IT,2013-01-01,2,141902,126.0,4928.0
2026-06-30,IT,2012-01-01,2,181203,70.0,5294.0
2026-06-30,IT,2024-12-01,2,114370,142.0,562.0
2026-06-30,IT,1982-11-01,2,163381,66.5,15918.0
2026-06-30,IT,2025-10-01,2,136126,90.5,252.5
2026-06-30,IT,2021-02-01,2,185476,107.0,1964.0
2026-06-30,IT,2019-03-01,3,184499,113.0,2652.3333333333335
2026-06-30,IT,2025-08-01,3,236831,89.0,312.0
2026-06-30,IT,2025-03-01,3,310640,64.0,459.0
2026-06-30,IT,2025-07-01,3,197257,98.33333333333333,347.0
2026-06-30,IT,2025-05-01,3,167482,141.0,405.3333333333333
2026-06-30,IT,1995-01-01,3,160379,157.0,11503.0
2026-06-30,IT,2025-06-01,4,217106,147.75,382.25
2026-06-30,IT,2024-10-01,4,275134,95.5,613.0
2026-06-30,IT,2024-11-01,5,337152,121.6,584.4
2026-06-30,IT,2025-01-01,5,461419,60.0,541.0
2026-06-30,IT,2025-04-01,8,587939,99.75,441.875
2026-06-30,IT,2026-03-01,8,827835,83.62499999999999,105.62500000000001
2026-06-30,IT,2025-09-01,8,515258,123.25000000000001,280.87500000000006
2026-06-30,IT,2024-06-01,8,470024,127.00000000000001,746.1250000000001
2026-06-30,IT,2026-02-01,13,1159077,85.30769230769232,128.07692307692307
2026-06-30,IT,2026-05-01,14,1688191,57.78571428571428,44.78571428571429
2026-06-30,IT,2026-04-01,16,1728405,62.4375,77.375
2026-06-30,IT,2026-01-01,18,1751917,84.05555555555557,161.8888888888889
2026-06-30,IT,2026-06-01,18,1635917,79.83333333333334,18.5
2026-06-18,IT,2005-11-01,1,49840,189.0,7507.0
2026-06-18,IT,2018-06-01,1,49271,196.0,2939.0
2026-06-18,IT,2024-08-01,1,53813,153.0,678.0
2026-06-18,IT,2016-04-01,1,52229,163.0,3709.0
2026-06-18,IT,2011-04-01,1,80491,68.0,5529.0
2026-06-18,IT,1983-06-01,1,56250,138.0,15707.0
2026-06-18,IT,2017-05-01,1,84876,62.0,3331.0
2026-06-18,IT,2019-06-01,1,49608,194.0,2547.0
2026-06-18,IT,2022-07-01,1,56622,135.0,1443.0
2026-06-18,IT,2025-11-01,1,96974,49.0,223.0
2026-06-18,IT,2025-12-01,1,51996,165.0,196.0
2026-06-18,IT,2014-08-01,1,59743,123.0,4335.0
2026-06-18,IT,2005-06-01,1,57987,128.0,7678.0
2026-06-18,IT,2022-06-01,1,74981,75.0,1476.0
2026-06-18,IT,2021-05-01,1,48611,199.0,1847.0
2026-06-18,IT,2013-01-01,1,99976,46.0,4916.0
2026-06-18,IT,2023-09-01,1,53071,158.0,993.0
2026-06-18,IT,2016-10-01,1,57803,129.0,3527.0
2026-06-18,IT,2024-09-01,1,59264,124.0,643.0
2026-06-18,IT,2016-09-01,1,49728,191.0,3569.0
2026-06-18,IT,2018-10-01,1,85598,61.0,2802.0
2026-06-18,IT,2024-05-01,1,48512,200.0,762.0
2026-06-18,IT,2023-02-01,1,65742,104.0,1224.0
2026-06-18,IT,2019-10-01,1,51443,172.0,2435.0
2026-06-18,IT,2012-10-01,1,57160,131.0,5000.0
2026-06-18,IT,1993-01-01,1,70098,85.0,12221.0
2026-06-18,IT,2018-11-01,1,56303,137.0,2757.0
2026-06-18,IT,2023-06-01,1,50095,184.0,1105.0
2026-06-18,IT,2013-06-01,1,51807,167.0,4762.0
2026-06-18,IT,2020-09-01,1,62630,115.0,2092.0
2026-06-18,IT,2022-09-01,1,74414,77.0,1371.0
2026-06-18,IT,2014-01-01,1,56951,133.0,4551.0
2026-06-18,IT,1996-10-01,1,50230,182.0,10825.0
2026-06-18,IT,2016-01-01,1,64248,109.0,3800.0
2026-06-18,IT,1984-12-01,1,51659,168.0,15174.0
2026-06-18,IT,2017-11-01,1,66235,99.0,3128.0
2026-06-18,IT,2005-05-01,1,53825,152.0,7692.0
2026-06-18,IT,2023-05-01,1,49635,193.0,1133.0
2026-06-18,IT,2022-05-01,1,109834,35.0,1504.0
2026-06-18,IT,2020-10-01,1,49942,188.0,2057.0
2026-06-18,IT,1998-01-01,1,70516,83.0,10395.0
2026-06-18,IT,2023-01-01,1,49833,190.0,1238.0
2026-06-18,IT,2011-12-01,1,53460,154.0,5295.0
2026-06-18,IT,2020-06-01,2,106624,155.5,2194.5
2026-06-18,IT,2025-10-01,2,150327,75.5,240.5
2026-06-18,IT,2024-02-01,2,104131,168.0,860.0
2026-06-18,IT,2012-01-01,2,201774,53.5,5282.0
2026-06-18,IT,2021-02-01,2,184252,91.0,1952.0
2026-06-18,IT,1995-01-01,2,113705,134.5,11491.0
2026-06-18,IT,2025-02-01,2,189271,92.0,490.0
2026-06-18,IT,1982-11-01,2,199610,45.5,15906.0
2026-06-18,IT,2025-08-01,2,178668,84.5,296.5
2026-06-18,IT,2025-05-01,3,165401,158.33333333333334,393.3333333333333
2026-06-18,IT,2025-07-01,3,217007,92.0,335.0
2026-06-18,IT,2024-12-01,3,170561,152.33333333333334,553.0
2026-06-18,IT,2019-03-01,3,207349,94.66666666666667,2640.3333333333335
2026-06-18,IT,2025-03-01,3,350638,49.0,447.0
2026-06-18,IT,2024-11-01,4,289563,113.0,572.25
2026-06-18,IT,2025-06-01,4,234390,143.25,370.25
2026-06-18,IT,2024-10-01,4,279330,100.0,601.0
2026-06-18,IT,2025-09-01,6,428217,103.83333333333333,270.16666666666663
2026-06-18,IT,2025-01-01,6,563505,67.5,529.0
2026-06-18,IT,2025-04-01,7,564037,80.28571428571429,429.2857142857143
2026-06-18,IT,2026-03-01,8,890810,81.625,93.62500000000001
2026-06-18,IT,2024-06-01,8,451445,150.25,733.2500000000001
2026-06-18,IT,2026-06-01,12,1264130,58.08333333333333,10.416666666666666
2026-06-18,IT,2026-01-01,14,1212054,101.0714285714286,151.0
2026-06-18,IT,2026-02-01,14,1336169,81.35714285714285,117.21428571428571
2026-06-18,IT,2026-05-01,17,1956833,73.70588235294117,31.41176470588235
2026-06-18,IT,2026-04-01,19,2037155,68.57894736842105,65.84210526315789
2026-06-02,IT,2023-06-01,1,55403,115.0,1089.0
2026-06-02,IT,2022-06-01,1,69385,76.0,1460.0
2026-06-02,IT,2017-05-01,1,82277,56.0,3315.0
2026-06-02,IT,2016-10-01,1,54438,121.0,3511.0
2026-06-02,IT,2025-12-01,1,59901,100.0,180.0
2026-06-02,IT,2020-06-01,1,49952,151.0,2175.0
2026-06-02,IT,2005-05-01,1,50159,149.0,7676.0
2026-06-02,IT,2022-09-01,1,74607,69.0,1355.0
2026-06-02,IT,2025-11-01,1,78983,61.0,207.0
2026-06-02,IT,2005-11-01,1,45131,190.0,7491.0
2026-06-02,IT,2016-09-01,1,51523,142.0,3553.0
2026-06-02,IT,2024-08-01,1,45051,191.0,662.0
2026-06-02,IT,2018-06-01,1,51801,140.0,2895.0
2026-06-02,IT,2017-03-01,1,57491,111.0,3364.0
2026-06-02,IT,2017-11-01,1,58649,105.0,3112.0
2026-06-02,IT,2018-10-01,1,92014,46.0,2786.0
2026-06-02,IT,2016-01-01,1,79093,60.0,3784.0
2026-06-02,IT,2019-06-01,1,46729,172.0,2531.0
2026-06-02,IT,2023-02-01,1,45306,188.0,1208.0
2026-06-02,IT,2020-12-01,1,48386,162.0,2006.0
2026-06-02,IT,1983-06-01,1,57524,110.0,15691.0
2026-06-02,IT,2005-06-01,1,49516,156.0,7662.0
2026-06-02,IT,2008-06-01,1,45816,183.0,6557.0
2026-06-02,IT,1996-10-01,1,45311,187.0,10809.0
2026-06-02,IT,2016-04-01,1,50428,147.0,3693.0
2026-06-02,IT,2022-05-01,1,105803,34.0,1488.0
2026-06-02,IT,2018-09-01,1,44586,193.0,2811.0
2026-06-02,IT,2022-07-01,1,49933,152.0,1427.0
2026-06-02,IT,2006-09-01,1,47497,168.0,7185.0
2026-06-02,IT,2018-11-01,1,53591,126.0,2741.0
2026-06-02,IT,2013-04-01,1,44416,195.0,4789.0
2026-06-02,IT,2022-11-01,1,46459,177.0,1285.0
2026-06-02,IT,2013-01-01,1,100948,40.0,4900.0
2026-06-02,IT,2020-09-01,1,53439,128.0,2076.0
2026-06-02,IT,1998-01-01,1,63851,87.0,10379.0
2026-06-02,IT,1993-01-01,1,59686,101.0,12205.0
2026-06-02,IT,2014-08-01,1,58767,104.0,4319.0
2026-06-02,IT,1972-01-01,1,44062,199.0,19876.0
2026-06-02,IT,1995-01-01,1,48692,160.0,11475.0
2026-06-02,IT,2011-12-01,1,53876,124.0,5279.0
2026-06-02,IT,2018-01-01,1,49913,153.0,3056.0
2026-06-02,IT,2012-10-01,1,54874,118.0,4984.0
2026-06-02,IT,2011-04-01,1,89635,50.0,5513.0
2026-06-02,IT,2023-01-01,1,45815,184.0,1222.0
2026-06-02,IT,2020-10-01,1,50042,150.0,2041.0
2026-06-02,IT,2024-04-01,1,46519,175.0,788.0
2026-06-02,IT,2024-09-01,2,109531,136.0,630.5
2026-06-02,IT,2012-01-01,2,204308,52.5,5266.0
2026-06-02,IT,2024-10-01,2,120326,100.0,585.0
2026-06-02,IT,2023-05-01,2,93629,176.5,1113.5
2026-06-02,IT,2023-11-01,2,92411,180.5,928.0
2026-06-02,IT,1987-08-01,2,108002,131.0,14155.0
2026-06-02,IT,2024-02-01,2,96656,164.5,844.0
2026-06-02,IT,2025-08-01,2,155535,86.0,280.5
2026-06-02,IT,2025-02-01,2,177338,88.5,474.0
2026-06-02,IT,2021-02-01,2,176275,78.5,1936.0
2026-06-02,IT,2024-11-01,3,189617,119.66666666666667,556.0
2026-06-02,IT,2025-03-01,3,323221,54.33333333333333,431.0
2026-06-02,IT,2019-10-01,3,147257,158.66666666666666,2410.3333333333335
2026-06-02,IT,2025-10-01,3,196725,104.66666666666667,223.66666666666666
2026-06-02,IT,2019-03-01,3,202271,81.0,2624.3333333333335
2026-06-02,IT,2025-07-01,3,191204,94.33333333333333,319.0
2026-06-02,IT,2025-05-01,4,215819,142.25,382.25
2026-06-02,IT,1982-11-01,4,333817,86.75,15890.0
2026-06-02,IT,2024-06-01,4,217444,134.0,714.75
2026-06-02,IT,2025-06-01,4,283172,89.0,354.25
2026-06-02,IT,2025-09-01,5,346151,92.8,255.2
2026-06-02,IT,2024-12-01,5,254512,152.8,538.0
2026-06-02,IT,2025-01-01,6,542668,65.66666666666667,513.0
2026-06-02,IT,2026-03-01,7,779367,66.14285714285714,79.14285714285715
2026-06-02,IT,2025-04-01,8,604210,82.25,413.87499999999994
2026-06-02,IT,2026-02-01,13,1361436,63.61538461538462,100.0
2026-06-02,IT,2026-01-01,14,1071231,105.64285714285715,132.0
2026-06-02,IT,2026-04-01,19,2068119,57.84210526315789,50.94736842105264
2026-06-02,IT,2026-05-01,22,2005353,82.72727272727272,14.454545454545457
2026-06-22,IT,2023-05-01,1,48293,177.0,1130.0
2026-06-22,IT,2023-11-01,1,46772,192.0,948.0
2026-06-22,IT,2012-10-01,1,53877,137.0,5004.0
2026-06-22,IT,2022-09-01,1,68592,82.0,1375.0
2026-06-22,IT,2016-01-01,1,61148,103.0,3804.0
2026-06-22,IT,2022-05-01,1,101135,37.0,1508.0
2026-06-22,IT,1998-01-01,1,65928,87.0,10399.0
2026-06-22,IT,2011-04-01,1,74894,74.0,5533.0
2026-06-22,IT,2024-08-01,1,49952,162.0,682.0
2026-06-22,IT,2019-10-01,1,46299,199.0,2426.0
2026-06-22,IT,2016-10-01,1,53501,143.0,3531.0
2026-06-22,IT,2018-06-01,1,49416,170.0,2943.0
2026-06-22,IT,2014-08-01,1,58237,121.0,4339.0
2026-06-22,IT,2018-01-01,1,48403,175.0,3076.0
2026-06-22,IT,2022-06-01,1,60477,107.0,1480.0
2026-06-22,IT,2024-09-01,1,60421,108.0,647.0
2026-06-22,IT,2023-02-01,1,61642,100.0,1228.0
2026-06-22,IT,2017-03-01,1,47740,181.0,3384.0
2026-06-22,IT,1996-10-01,1,46723,193.0,10829.0
2026-06-22,IT,2005-11-01,1,46616,194.0,7511.0
2026-06-22,IT,1993-01-01,1,64325,91.0,12225.0
2026-06-22,IT,2018-11-01,1,53077,145.0,2761.0
2026-06-22,IT,2005-05-01,1,47612,183.0,7696.0
2026-06-22,IT,2022-07-01,1,48002,180.0,1447.0
2026-06-22,IT,2025-12-01,1,49857,165.0,200.0
2026-06-22,IT,2024-02-01,1,48257,178.0,871.0
2026-06-22,IT,2018-10-01,1,79026,69.0,2806.0
2026-06-22,IT,2013-01-01,1,92064,53.0,4920.0
2026-06-22,IT,2017-05-01,1,76517,73.0,3335.0
2026-06-22,IT,2023-06-01,1,46562,196.0,1109.0
2026-06-22,IT,2016-04-01,1,46411,197.0,3713.0
2026-06-22,IT,1983-06-01,1,56764,126.0,15711.0
2026-06-22,IT,2020-09-01,1,59268,113.0,2096.0
2026-06-22,IT,2013-06-01,1,49020,172.0,4766.0
2026-06-22,IT,2000-10-01,1,47540,184.0,9372.0
2026-06-22,IT,2017-11-01,1,55379,134.0,3132.0
2026-06-22,IT,2011-12-01,1,51598,155.0,5299.0
2026-06-22,IT,2025-11-01,1,99165,44.0,227.0
2026-06-22,IT,2025-02-01,2,166962,110.5,494.0
2026-06-22,IT,2025-10-01,2,139998,80.0,244.5
2026-06-22,IT,1982-11-01,2,181066,53.0,15910.0
2026-06-22,IT,2021-02-01,2,169889,94.5,1956.0
2026-06-22,IT,2025-08-01,2,162254,92.5,300.5
2026-06-22,IT,2012-01-01,2,180051,77.5,5286.0
2026-06-22,IT,1995-01-01,2,111712,130.5,11495.0
2026-06-22,IT,2020-06-01,2,101678,159.5,2198.5
2026-06-22,IT,2019-03-01,3,183417,116.66666666666667,2644.3333333333335
2026-06-22,IT,2025-07-01,3,200600,92.66666666666667,339.0
2026-06-22,IT,2025-05-01,3,154245,163.33333333333334,402.3333333333333
2026-06-22,IT,2024-12-01,3,160376,150.0,557.0
2026-06-22,IT,2025-03-01,3,312758,61.66666666666667,451.0
2026-06-22,IT,2024-11-01,4,263065,119.25,576.25
2026-06-22,IT,2025-06-01,4,223521,136.5,374.25
2026-06-22,IT,2024-10-01,4,284041,87.0,605.0
2026-06-22,IT,2024-06-01,5,273494,139.8,734.0
2026-06-22,IT,2025-01-01,6,504035,79.66666666666667,533.0
2026-06-22,IT,2025-04-01,7,515678,86.57142857142857,433.2857142857143
2026-06-22,IT,2026-03-01,8,834289,80.375,97.62500000000001
2026-06-22,IT,2025-09-01,8,515938,115.5,272.87499999999994
2026-06-22,IT,2026-02-01,14,1211277,89.00000000000001,121.21428571428571
2026-06-22,IT,2026-05-01,15,1734064,73.06666666666668,36.00000000000001
2026-06-22,IT,2026-01-01,16,1320371,99.3125,153.5
2026-06-22,IT,2026-04-01,19,1903468,72.31578947368423,69.21052631578947
2026-06-22,IT,2026-06-01,21,1918762,72.6190476190476,9.61904761904762
2026-06-04,IT,2016-01-01,1,86989,61.0,3786.0
2026-06-04,IT,2016-09-01,1,55456,147.0,3555.0
2026-06-04,IT,2016-10-01,1,56813,133.0,3513.0
2026-06-04,IT,2016-04-01,1,56794,135.0,3695.0
2026-06-04,IT,2018-11-01,1,63826,107.0,2743.0
2026-06-04,IT,2018-01-01,1,49614,191.0,3058.0
2026-06-04,IT,2024-08-01,1,56887,132.0,664.0
2026-06-04,IT,2023-01-01,1,50390,183.0,1224.0
2026-06-04,IT,2017-11-01,1,54686,154.0,3114.0
2026-06-04,IT,2020-06-01,1,50177,188.0,2177.0
2026-06-04,IT,2017-05-01,1,85625,63.0,3317.0
2026-06-04,IT,2026-06-01,1,398465,1.0,0.0
2026-06-04,IT,2025-12-01,1,56202,138.0,182.0
2026-06-04,IT,2022-07-01,1,53765,159.0,1429.0
2026-06-04,IT,2019-11-01,1,49858,189.0,2380.0
2026-06-04,IT,2019-06-01,1,50982,178.0,2533.0
2026-06-04,IT,2022-09-01,1,80201,71.0,1357.0
2026-06-04,IT,1983-06-01,1,58205,127.0,15693.0
2026-06-04,IT,2018-04-01,1,49491,193.0,2967.0
2026-06-04,IT,2022-05-01,1,109848,41.0,1490.0
2026-06-04,IT,2000-10-01,1,48836,197.0,9354.0
2026-06-04,IT,2008-06-01,1,51547,175.0,6559.0
2026-06-04,IT,2012-10-01,1,59968,118.0,4986.0
2026-06-04,IT,2020-09-01,1,56794,134.0,2078.0
2026-06-04,IT,2023-05-01,1,50225,186.0,1112.0
2026-06-04,IT,2017-03-01,1,59302,123.0,3366.0
2026-06-04,IT,1998-01-01,1,66819,96.0,10381.0
2026-06-04,IT,2011-04-01,1,102653,47.0,5515.0
2026-06-04,IT,2025-11-01,1,81902,69.0,209.0
2026-06-04,IT,2018-10-01,1,98263,50.0,2788.0
2026-06-04,IT,2005-05-01,1,48548,199.0,7678.0
2026-06-04,IT,2006-09-01,1,53457,163.0,7187.0
2026-06-04,IT,2022-06-01,1,78885,75.0,1462.0
2026-06-04,IT,2024-04-01,1,50221,187.0,790.0
2026-06-04,IT,2011-12-01,1,55514,143.0,5281.0
2026-06-04,IT,2014-08-01,1,61027,114.0,4321.0
2026-06-04,IT,2023-02-01,1,49647,190.0,1210.0
2026-06-04,IT,2020-10-01,1,54807,152.0,2043.0
2026-06-04,IT,2018-06-01,1,53021,168.0,2897.0
2026-06-04,IT,1987-08-01,2,108454,156.0,14157.0
2026-06-04,IT,2019-10-01,2,109978,148.5,2408.0
2026-06-04,IT,2024-09-01,2,117336,138.5,632.5
2026-06-04,IT,2025-02-01,2,192394,88.5,476.0
2026-06-04,IT,2021-02-01,2,196099,78.5,1938.0
2026-06-04,IT,2013-01-01,2,158359,113.5,4902.0
2026-06-04,IT,2024-02-01,2,102505,180.5,846.0
2026-06-04,IT,2023-06-01,2,115472,133.0,1094.5
2026-06-04,IT,2012-01-01,2,212260,61.5,5268.0
2026-06-04,IT,2025-08-01,2,169881,84.0,282.5
2026-06-04,IT,2023-11-01,2,102328,180.0,930.0
2026-06-04,IT,1982-11-01,3,285357,73.33333333333333,15892.0
2026-06-04,IT,2025-05-01,3,188246,137.33333333333334,379.3333333333333
2026-06-04,IT,2025-10-01,3,217095,101.0,225.66666666666666
2026-06-04,IT,2024-10-01,3,187895,121.33333333333333,587.0
2026-06-04,IT,2025-07-01,3,216555,91.0,321.0
2026-06-04,IT,2019-03-01,3,224456,80.66666666666667,2626.3333333333335
2026-06-04,IT,2025-03-01,3,354271,58.0,433.0
2026-06-04,IT,2024-11-01,4,265696,121.25,558.25
2026-06-04,IT,2025-06-01,4,285284,108.25,356.25
2026-06-04,IT,2024-12-01,4,229388,146.25,538.75
2026-06-04,IT,2024-06-01,4,236219,133.25,716.5
2026-06-04,IT,2025-09-01,5,371599,90.2,257.2
2026-06-04,IT,2025-01-01,6,602570,58.5,515.0
2026-06-04,IT,2026-03-01,7,849395,58.85714285714286,81.14285714285715
2026-06-04,IT,2025-04-01,8,668797,82.62500000000001,415.875
2026-06-04,IT,2026-02-01,14,1472490,73.50000000000001,101.78571428571429
2026-06-04,IT,2026-01-01,16,1298641,109.0,133.75
2026-06-04,IT,2026-04-01,21,2417986,65.80952380952382,52.47619047619047
2026-06-04,IT,2026-05-01,24,2482657,85.125,15.874999999999996
