chart_date,country,chart_track_id,track_name,artist_names_text,chart_event,chart_rank,streams
2026-06-23,IT,5omIW7YOPhA6CULhkdz6jE,Paradiso Artificiale,"Tedua, Baby Gang, Kid Yugi",entry,198,47539
2026-06-23,IT,69VAE3LA7jn5rGAsdflMOS,EL PIBE DE ORO,"Geolier, Poison Beatz",entry,184,48555
2026-06-23,IT,3Vac8kKIqOTCEE3nuaIcec,Pilé,Mauvais djo,entry,177,49480
2026-06-23,IT,7kktKNHgINrBczPUGoG38p,Bang Bang,Sfera Ebbasta,entry,182,48611
2026-06-23,IT,311m4sWQq8MZZROimkSGF7,Ginevra,"Luchè, Geolier",entry,186,48514
2026-06-23,IT,6hkOqJ5mE093AQf2lbZnsG,The One That Got Away,Katy Perry,entry,195,47672
2026-06-23,IT,6MZbnl9hKMgYweTqBZdLyW,64 BARRE DI TERRORE (Red Bull 64 Bars),Kid Yugi,entry,16,155507
2026-06-23,IT,0NwuXciw6eQc4edjwSBnV3,Non Abbiamo Età,Luchè,entry,194,47771
2026-06-23,IT,3oyJa5AEBL1gS3ALTo0rWg,Tu cosa fai questa sera,"Noemi, Vito Salamanca",entry,189,48195
2026-06-23,IT,1K9qAxGT4cWUicf2OezSen,VETRI NERI,"AVA, ANNA, Capo Plaza",exit,177,48293
2026-06-23,IT,1vkDKchOzwZM4rXsJTdtGs,XXDONO,"Tiziano Ferro, Lazza",exit,190,46900
2026-06-23,IT,0xEgDBXYO9gGzmxCFWKxNg,CRUDELIA - I nervi,Marracash,exit,199,46299
2026-06-23,IT,3ZFTkvIE7kyPt6Nu3PEa7V,Hips Don't Lie,"Shakira, Wyclef Jean",exit,194,46616
2026-06-23,IT,4qycYIAF967ij8lKoxCyqt,Maledetta primavera,Loretta Goggi,exit,183,47612
2026-06-23,IT,6Lc0La3OwOmAouQjbID4uX,Nera,Irama,exit,170,49416
2026-06-23,IT,1CPZ5BxNNd0n0nF4Orb9JS,Golden,"HUNTR/X, EJae, AUDREY NUNA, REI AMI, KPop Demon Hunters Cast",exit,176,48334
2026-06-23,IT,3Eh8NAQVV8b1EzgKang5ne,Diversi,Shiva,exit,196,46562
2026-06-23,IT,5yvVYFDUpbnjcnRBgjwTzM,Dracula - JENNIE Remix,"Tame Impala, JENNIE",exit,191,46782
2026-06-05,IT,4rDCRcln8WCHWPRt0YTFLs,MUCHACHA,"Aissa, Rvfv, Kreamly",entry,198,52589
2026-06-05,IT,7lwRULBv1wRCY4sTBHOUNy,PARTENOPE,"Merk & Kremont, Serena Brancale, The Kolors",entry,150,58780
2026-06-05,IT,3xPMN6Ojy4uV0jicQf5dYZ,AYAYAY,"Sfera Ebbasta, DYSTINCT",entry,17,169129
2026-06-05,IT,6TWbY1dq8eYtFiMiGdBlOa,Free Your Mind,"Prospa, Cloonee",entry,196,52757
2026-06-05,IT,5eVWsjUs8OUajXFUWk9fXo,Devo Andare Con Le Mie Winx,"G.Mineiro, Rhove, Flatpearl, Succo",entry,39,117770
2026-06-05,IT,4hJSzUREpdDo8uhgEflbHr,Sally,Vasco Rossi,entry,186,54400
2026-06-05,IT,0gkV0FyCdrJqwyrFW7NsEQ,Come mai,883,entry,148,59021
2026-06-05,IT,5BAJMdCQqax0oBQigQTl5h,Dove e quando,Benji & Fede,entry,199,52387
2026-06-05,IT,3L9wipeeSlOjBGHVJyykhd,Cuore di latta,Bresh,entry,56,103295
2026-06-05,IT,45vry78xJDOxCzW6oPbLyN,Cuore rotto,Tony Boy,entry,1,592983
2026-06-05,IT,0V5wQoMnbw7YvGjIjVVVkS,Umore marea,Bresh,entry,167,56664
2026-06-05,IT,2mdrVnxEnPR6iFijakkxQS,QLOO*,"Young Cister, Kreamly",entry,195,52845
2026-06-05,IT,5ALOxyMNUQfAwaFTYYvoc9,Relax,Bresh,entry,130,63293
2026-06-05,IT,66umGLEmn0B3CFp1lBT7lN,Tutto a puttane,Bresh,entry,79,82763
2026-06-05,IT,6S2MIE3XINNCiFYWshMXyV,Dopo il mare,Bresh,entry,87,79655
2026-06-05,IT,1XzHasEgB7QoXXtoD3sUKY,E Allora,"G.Mineiro, Flatpearl, Succo",entry,157,57826
2026-06-05,IT,5uPaqMMt59KGrdKIitDRqa,"I Knew It, I Knew You",Taylor Swift,entry,65,94625
2026-06-05,IT,05wb6MEyJeG2z1MVCIXxC8,15 Piani,Sfera Ebbasta,exit,198,48762
2026-06-05,IT,7zivIUyCw9MmYftdcayXnN,Uno squillo,Capo Plaza,exit,193,49491
2026-06-05,IT,2ceJa7d62wQ3eRBK589ALG,Gotham,"Shiva, Kid Yugi",exit,179,50777
2026-06-05,IT,1bXER40RxwNWTf9fnQOY64,Prima che,nayt,exit,200,48453
2026-06-05,IT,7z3PblAN3dH1JMewiRydkZ,GIRLS,The Kid LAROI,exit,181,50561
2026-06-05,IT,2QKgQOxXoIGq711vdah54G,Volare,Tedua,exit,180,50577
2026-06-05,IT,4qycYIAF967ij8lKoxCyqt,Maledetta primavera,Loretta Goggi,exit,199,48548
2026-06-05,IT,7fH13hSOyNoeiDGbjEnTUC,Brivido,"Guè, Marracash",exit,185,50235
2026-06-05,IT,3cGuiySfwJPXqvE15OiEEg,Tran Tran,Sfera Ebbasta,exit,191,49614
2026-06-05,IT,5W5lGzvUR9jWQ7kyz9rr4T,TUTTO È POSSIBILE,"Geolier, Pino Daniele",exit,177,51029
2026-06-05,IT,1ljOXO8cgSa8qntDVlP9uu,Bullet Ballet,"Kid Yugi, Artie 5ive",exit,195,48962
2026-06-05,IT,60a0Rd6pjrkxjPbaKzXjfq,In the End,Linkin Park,exit,197,48836
2026-06-05,IT,15ZWSMDQMfBKVn4zurLX7k,Amaro,Pinguini Tattici Nucleari,exit,161,53649
2026-06-05,IT,5pYy054Wcuj9CFdDIxZSVU,Menomale che c'è il mare,"Olly, Juli",exit,190,49647
2026-06-05,IT,1yDx5sCkmpCX0NZ3ilC1UE,Bacio di Giuda,"Shiva, Tiziano Ferro",exit,192,49542
2026-06-05,IT,2YVIDa7ZPLtce3VLGNcxvv,LE RAGAZZE,"CLARA, sangiovanni",exit,196,48911
2026-06-05,IT,1CqQgE0m019MYN0WnxwtL6,Cadillac,"Guè, TonyPitony, Shablo",exit,146,55467
2026-06-30,IT,3w73qvCSGWPCx7w1UMIh6e,Lo So Che,Capo Plaza,entry,197,47227
2026-06-30,IT,3Eh8NAQVV8b1EzgKang5ne,Diversi,Shiva,entry,193,47754
2026-06-30,IT,4pD1Wit3m1IHA7Ixgww9b6,Una canzone d'amore,883,entry,171,50738
2026-06-30,IT,5gTuH5Jl8PVUitsFzFslWu,Certe notti,Ligabue,entry,187,48748
2026-06-30,IT,1A1xTBtNnJ09JNINiLjdOK,ALTROVE,Ultimo,entry,191,48068
2026-06-30,IT,5nPbKG04fhLkIAjcPFaZq7,I Adore You,"HUGEL, Topic, Arash, Daecolm",entry,194,47744
2026-06-30,IT,5g7sDjBhZ4I3gcFIpkrLuI,Locked out of Heaven,Bruno Mars,entry,199,46918
2026-06-30,IT,6ErRedGqcOC4HmUEfUneiY,Dio Esiste,Shiva,exit,177,47616
2026-06-30,IT,4JKX37OcxWbq2qL0eyVYs2,Parapluie,"Rhove, Madfingerz",exit,179,47454
2026-06-30,IT,2ceJa7d62wQ3eRBK589ALG,Gotham,"Shiva, Kid Yugi",exit,182,47147
2026-06-30,IT,3qBtltssunsFuzn6DxXI0b,Margarita (con Marracash),"Elodie, Marracash",exit,196,45357
2026-06-30,IT,0xEgDBXYO9gGzmxCFWKxNg,CRUDELIA - I nervi,Marracash,exit,200,44918
2026-06-30,IT,1nLGeFQuY7PFxrou3ezEvP,Rossetto e caffè,Sal Da Vinci,exit,199,45058
2026-06-30,IT,4ySxBjhmdnkeFUqhKxW3cY,Visiera A Becco,Sfera Ebbasta,exit,190,45943
2026-06-27,IT,5oJVfPUHsD7A8bZtKVqgL2,L'ULTIMA POESIA,"Geolier, Ultimo, Takagi & Ketra",entry,175,54106
2026-06-27,IT,4ObR0HIDnDfycaxGTALioH,CHE SOLE OGGI,"Geolier, Dat Boi Dee",entry,199,50853
2026-06-27,IT,435NOlfzITSEghoaUNRle3,PHANTOM,"Geolier, 50 Cent",entry,129,61767
2026-06-27,IT,41lOxc6ARYZPXpKeMWcHsD,Islanda,Pinguini Tattici Nucleari,entry,191,51598
2026-06-27,IT,4ySxBjhmdnkeFUqhKxW3cY,Visiera A Becco,Sfera Ebbasta,entry,197,51183
2026-06-27,IT,4z9xPVz2Sii4dhM7yhxOpj,IO T’O GIUR’,"Geolier, Sfera Ebbasta",entry,190,51726
2026-06-27,IT,4pD1Wit3m1IHA7Ixgww9b6,Una canzone d'amore,883,entry,170,54700
2026-06-27,IT,4hJSzUREpdDo8uhgEflbHr,Sally,Vasco Rossi,entry,173,54495
2026-06-27,IT,1K9qAxGT4cWUicf2OezSen,VETRI NERI,"AVA, ANNA, Capo Plaza",entry,193,51374
2026-06-27,IT,3QAU2pj4LUKf7yaTgANlQV,ITALODISCO,The Kolors,entry,200,50810
2026-06-27,IT,5BAJMdCQqax0oBQigQTl5h,Dove e quando,Benji & Fede,entry,169,54883
2026-06-27,IT,6swHvavSroD4ur3Q18MjYz,Una volta ancora,"Fred De Palma, Ana Mena",entry,188,51834
2026-06-27,IT,3FrbT8aqk9xHtTfQc9Z3IR,VVS CARTIER,"Sfera Ebbasta, Shiva",exit,188,53471
2026-06-27,IT,3M5e1yWYMKQPE0IUePwdBt,QUESTA INSENSATA VOGLIA DI TE,Ultimo,exit,197,52616
2026-06-27,IT,36TnyBCBhUUSrSy1pTKasT,ANTIDROGA,"Emma, Fabri Fibra",exit,107,69333
2026-06-27,IT,7nRFsITVaSHko2Fw2Gcy59,Destri,Gazzelle,exit,182,53983
2026-06-27,IT,4JKX37OcxWbq2qL0eyVYs2,Parapluie,"Rhove, Madfingerz",exit,113,68129
2026-06-27,IT,5g7sDjBhZ4I3gcFIpkrLuI,Locked out of Heaven,Bruno Mars,exit,192,53092
2026-06-27,IT,6EGUow6OQ28at9wB2TTvyo,FaXXX,"Tedua, Latrelle",exit,171,55751
2026-06-27,IT,6DfdaRmIddhoXWX20DWBYy,NAPOLETANA,Niky Savage,exit,185,53896
2026-06-27,IT,0kHTkvGavvk2MjBTSUtOZx,Ricchi x Sempre,Sfera Ebbasta,exit,179,54164
2026-06-27,IT,1EVOcQcJeAbtmzmuYnI14C,Occhi color mare,"Olly, Juli",exit,200,52055
2026-06-27,IT,0pjqXWOiT5xMh2ua6sq4dl,Così così,"Olly, Juli",exit,196,52680
2026-06-27,IT,4Cd1cCCqG3nlf07i5A0IPH,Yakuza,"Elodie, Sfera Ebbasta, Rvssian",exit,191,53100
2026-06-20,IT,5BAJMdCQqax0oBQigQTl5h,Dove e quando,Benji & Fede,entry,174,55014
2026-06-20,IT,3FrbT8aqk9xHtTfQc9Z3IR,VVS CARTIER,"Sfera Ebbasta, Shiva",entry,188,52981
2026-06-20,IT,6Ahg1hncxUdK0ICqU03BCu,Superclassico,Ernia,entry,199,51675
2026-06-20,IT,5MJc4IVIt17xEt6angtZcq,BUIO DAVANTI,Lazza,entry,181,53958
2026-06-20,IT,4Cd1cCCqG3nlf07i5A0IPH,Yakuza,"Elodie, Sfera Ebbasta, Rvssian",entry,183,53721
2026-06-20,IT,6swHvavSroD4ur3Q18MjYz,Una volta ancora,"Fred De Palma, Ana Mena",entry,189,52949
2026-06-20,IT,0NwuXciw6eQc4edjwSBnV3,Non Abbiamo Età,Luchè,entry,187,53028
2026-06-20,IT,46eu3SBuFCXWsPT39Yg3tJ,Don't Stop 'Til You Get Enough - Single Version,Michael Jackson,entry,190,52909
2026-06-20,IT,6Lc0La3OwOmAouQjbID4uX,Nera,Irama,entry,168,56113
2026-06-20,IT,4b4Dg5WN3jNjTE2I9XkUsY,È festa,"Olly, Juli",entry,198,51707
2026-06-20,IT,1A1xTBtNnJ09JNINiLjdOK,ALTROVE,Ultimo,entry,185,53121
2026-06-20,IT,2Q4Z2js0C6DDUVc7GuLGdF,SESSO E SAMBA,"Tony Effe, Gaia",entry,178,54416
2026-06-20,IT,0RYqzVMfEjbDr1CTL7fta5,L'universo tranne noi,Max Pezzali,entry,186,53066
2026-06-20,IT,3mqxRagFK2tlhXQC8tHnuC,Agitare coca cola,Tommaso Paradiso,exit,115,71093
2026-06-20,IT,1ypwNj8eK2qAMDEs4EiIIX,Miss You - Bonus Track,"Oliver Tree, Robin Schulz",exit,182,55236
2026-06-20,IT,0FhB5LAmIn6iFg4b2XL1hJ,Goya,"Fabri Fibra, Pinguini Tattici Nucleari",exit,69,92686
2026-06-20,IT,22pDDaPCT3zthpC73iy5ui,Selena Gomez,Lubi,exit,143,62017
2026-06-20,IT,3lFI8rgdb6ScFGyxin4Dh7,Coscienza,Shiva,exit,195,53498
2026-06-20,IT,66umGLEmn0B3CFp1lBT7lN,Tutto a puttane,Bresh,exit,163,58509
2026-06-20,IT,6ErRedGqcOC4HmUEfUneiY,Dio Esiste,Shiva,exit,185,54614
2026-06-20,IT,0rjVRGqVuNwnGCxwBkBZXd,FELLINI,"Ernia, Kid Yugi",exit,196,53493
2026-06-20,IT,5yvVYFDUpbnjcnRBgjwTzM,Dracula - JENNIE Remix,"Tame Impala, JENNIE",exit,192,53720
2026-06-20,IT,20jbSiX29FDX4oQxBXyUEi,hate that i made you love me,Ariana Grande,exit,181,55366
2026-06-20,IT,1zrEskyOLXViiYdZgggiUI,DAL TACCO,RRARI DAL TACCO,exit,197,53475
2026-06-20,IT,2RkZ5LkEzeHGRsmDqKwmaJ,Ordinary,Alex Warren,exit,188,54199
2026-06-20,IT,3GIMiT4lX02eNHR9rnGgQv,CI SIAMO DETTI TUTTO,Ultimo,exit,80,87447
2026-06-18,IT,5oJVfPUHsD7A8bZtKVqgL2,L'ULTIMA POESIA,"Geolier, Ultimo, Takagi & Ketra",entry,197,49001
2026-06-18,IT,2n4L2a5xgpJmPdLzDl3mE6,Maladie,Mauvais djo,entry,15,158710
2026-06-18,IT,1A1xTBtNnJ09JNINiLjdOK,ALTROVE,Ultimo,entry,200,48512
2026-06-18,IT,0RYqzVMfEjbDr1CTL7fta5,L'universo tranne noi,Max Pezzali,entry,167,51807
2026-06-18,IT,5qqabIl2vWzo9ApSC317sa,Wonderwall - Remastered,Oasis,entry,130,57664
2026-06-18,IT,2YVIDa7ZPLtce3VLGNcxvv,LE RAGAZZE,"CLARA, sangiovanni",entry,192,49649
2026-06-18,IT,6Lc0La3OwOmAouQjbID4uX,Nera,Irama,entry,196,49271
2026-06-18,IT,4hJSzUREpdDo8uhgEflbHr,Sally,Vasco Rossi,entry,182,50230
2026-06-18,IT,75Y6WgUldQN8mipAVLy8KJ,Quei ricordi là,"Olly, Juli",entry,146,54826
2026-06-18,IT,4Js31maTathTS2flQOQr2c,Fragole,"Achille Lauro, Rose Villain",entry,193,49635
2026-06-18,IT,5eSC7faDYHxnklPjcxZjD6,BRAVI A CADERE - I polmoni,Marracash,exit,198,48206
2026-06-18,IT,1rIKgCH4H52lrvDcz50hS8,Lush Life,Zara Larsson,exit,178,50927
2026-06-18,IT,4RTMLSmkfK9kqKlmTPGRzo,La tana del granchio,Bresh,exit,188,49593
2026-06-18,IT,0j4gmizuiIh5k7F62XISiF,Take 6,Shiva,exit,193,48780
2026-06-18,IT,1K9qAxGT4cWUicf2OezSen,VETRI NERI,"AVA, ANNA, Capo Plaza",exit,187,49687
2026-06-18,IT,60a0Rd6pjrkxjPbaKzXjfq,In the End,Linkin Park,exit,190,49438
2026-06-18,IT,5WssaPhjCCUFBMk9PpnHYj,Anche Stasera,Sfera Ebbasta,exit,185,49779
2026-06-18,IT,3CbcXXMMV42h0WZ9zIf4d8,Maladie,Mauvais djo,exit,16,153885
2026-06-18,IT,0xEgDBXYO9gGzmxCFWKxNg,CRUDELIA - I nervi,Marracash,exit,189,49486
2026-06-18,IT,1zrEskyOLXViiYdZgggiUI,DAL TACCO,RRARI DAL TACCO,exit,182,50325
2026-06-11,IT,19DHPlTC2gx1j4jrFzNbwL,30ºC,ANNA,entry,178,50755
2026-06-11,IT,4pD1Wit3m1IHA7Ixgww9b6,Una canzone d'amore,883,entry,158,52850
2026-06-11,IT,347HJzwbn0cmrxJUmAXj5c,MAI PER SEMPRE,"Geolier, Dardust",entry,179,50556
2026-06-11,IT,1A1xTBtNnJ09JNINiLjdOK,ALTROVE,Ultimo,entry,190,49219
2026-06-11,IT,69VAE3LA7jn5rGAsdflMOS,EL PIBE DE ORO,"Geolier, Poison Beatz",entry,197,48819
2026-06-11,IT,0kosUz0jePvjiz4ctmR6wL,Dai Dai,"Shakira, Burna Boy",entry,175,51100
2026-06-11,IT,6bN41HjY008ggroMFxNLaa,Calcolatrici,Sfera Ebbasta,entry,198,48656
2026-06-11,IT,1QcmAp6Ev2HuYxKujUwnw0,il filo rosso,Alfa,entry,199,48649
2026-06-11,IT,5W5lGzvUR9jWQ7kyz9rr4T,TUTTO È POSSIBILE,"Geolier, Pino Daniele",entry,194,48963
2026-06-11,IT,4X4R6qsIicxIQIFbnDcJLO,Scarabocchi,"Olly, Juli",entry,157,52912
2026-06-11,IT,6Lc0La3OwOmAouQjbID4uX,Nera,Irama,entry,187,49682
2026-06-11,IT,5pYy054Wcuj9CFdDIxZSVU,Menomale che c'è il mare,"Olly, Juli",entry,165,52204
2026-06-11,IT,3xkHsmpQCBMytMJNiDf3Ii,Beautiful Things,Benson Boone,entry,191,49052
2026-06-11,IT,3oTuTpF1F3A7rEC6RKsMRz,Raindance,"Dave, Tems",exit,181,50860
2026-06-11,IT,1IkzT4wzFJRbFOmKOSqTen,EPISODIO D'AMORE,"Geolier, Takagi & Ketra, Dat Boi Dee",exit,180,50943
2026-06-11,IT,3IvxmTprJJTfr0M4dwSTpP,ROMANZO CRIMINALE,"Yunes LaGrintaa, Kassimi, Nabi, Néza, Lucifer",exit,190,49304
2026-06-11,IT,5wpNF7XLTW4gLyU0NjVOL8,Bottiglie Vuote,"Pinguini Tattici Nucleari, Max Pezzali",exit,182,50762
2026-06-11,IT,5eSC7faDYHxnklPjcxZjD6,BRAVI A CADERE - I polmoni,Marracash,exit,199,48738
2026-06-11,IT,56n5UQJ0SDVaxwQNnu90ee,Eroina,"Kid Yugi, Tutti Fenomeni",exit,194,49094
2026-06-11,IT,1mea3bSkSGXuIRvnydlB5b,Viva La Vida,Coldplay,exit,192,49268
2026-06-11,IT,0kHTkvGavvk2MjBTSUtOZx,Ricchi x Sempre,Sfera Ebbasta,exit,198,48823
2026-06-11,IT,0fea68AdmYNygeTGI4RC18,LA CANCIÓN,"J Balvin, Bad Bunny",exit,166,52764
2026-06-11,IT,4Cd1cCCqG3nlf07i5A0IPH,Yakuza,"Elodie, Sfera Ebbasta, Rvssian",exit,195,49007
2026-06-11,IT,5BAJMdCQqax0oBQigQTl5h,Dove e quando,Benji & Fede,exit,159,53409
2026-06-11,IT,5nEdwtSv0qqeE0l4o1lR4q,(When You Gonna) Give It Up to Me,"Sean Paul, Keyshia Cole",exit,179,50978
2026-06-11,IT,4hJSzUREpdDo8uhgEflbHr,Sally,Vasco Rossi,exit,185,50021
2026-06-19,IT,3M5e1yWYMKQPE0IUePwdBt,QUESTA INSENSATA VOGLIA DI TE,Ultimo,entry,76,88815
2026-06-19,IT,65NhK0RCouuwOg031RO9rl,CUORE DI PLASTICA,Ultimo,entry,62,101428
2026-06-19,IT,3mqxRagFK2tlhXQC8tHnuC,Agitare coca cola,Tommaso Paradiso,entry,115,71093
2026-06-19,IT,43pI6fNu7Ukh6VFkE6oyLw,AVEVAMO CENT'ANNI,Ultimo,entry,65,98384
2026-06-19,IT,4kkbhtfbTCp3JN4H7zu9ny,IL GIORNO CHE ASPETTAVO,Ultimo,entry,14,189465
2026-06-19,IT,3d56FH7ZlHf9tjojZSwv8U,WHITE GIRL WASTED,ANNA,entry,3,297441
2026-06-19,IT,0pjqXWOiT5xMh2ua6sq4dl,Così così,"Olly, Juli",entry,151,61122
2026-06-19,IT,3GIMiT4lX02eNHR9rnGgQv,CI SIAMO DETTI TUTTO,Ultimo,entry,80,87447
2026-06-19,IT,1EVOcQcJeAbtmzmuYnI14C,Occhi color mare,"Olly, Juli",entry,168,57714
2026-06-19,IT,720PSWBbm4UVzHdxRJeqZY,IO NON SO,Ultimo,entry,58,104810
2026-06-19,IT,1zrEskyOLXViiYdZgggiUI,DAL TACCO,RRARI DAL TACCO,entry,197,53475
2026-06-19,IT,1dhMyPqkX3Q0PvlLyUFSvI,M'AMA NON M'AMA,Madame,entry,23,142163
2026-06-19,IT,4TTJpJqCoG1HrXhnNENqAp,Bandito,"Dipinto, Fresh Beatz",entry,55,106569
2026-06-19,IT,5K9vZRUGLvnASW667N9bFb,QUALCOSA DI BELLO,Ultimo,entry,42,118221
2026-06-19,IT,1K9qAxGT4cWUicf2OezSen,VETRI NERI,"AVA, ANNA, Capo Plaza",entry,186,54607
2026-06-19,IT,77uiPp5CwS14DPThQSLsNs,QUANDO DORME LA CITTÀ,Ultimo,entry,36,126729
2026-06-19,IT,1rIKgCH4H52lrvDcz50hS8,Lush Life,Zara Larsson,entry,200,53205
2026-06-19,IT,0FhB5LAmIn6iFg4b2XL1hJ,Goya,"Fabri Fibra, Pinguini Tattici Nucleari",entry,69,92686
2026-06-19,IT,22pDDaPCT3zthpC73iy5ui,Selena Gomez,Lubi,entry,143,62017
2026-06-19,IT,7kktKNHgINrBczPUGoG38p,Bang Bang,Sfera Ebbasta,exit,191,49728
2026-06-19,IT,2YVIDa7ZPLtce3VLGNcxvv,LE RAGAZZE,"CLARA, sangiovanni",exit,192,49649
2026-06-19,IT,1A1xTBtNnJ09JNINiLjdOK,ALTROVE,Ultimo,exit,200,48512
2026-06-19,IT,5MJc4IVIt17xEt6angtZcq,BUIO DAVANTI,Lazza,exit,169,51582
2026-06-19,IT,4EoJ151oQ5jY48z4RhSE96,the cure,Olivia Rodrigo,exit,114,63297
2026-06-19,IT,0eu4C55hL6x29mmeAjytzC,Life Goes On,Oliver Tree,exit,199,48611
2026-06-19,IT,7nRFsITVaSHko2Fw2Gcy59,Destri,Gazzelle,exit,160,52771
2026-06-19,IT,4CQNELF3U3gyNcI6sLr6yK,Guasto D'Amore,"Bresh, SHUNE",exit,190,49833
2026-06-19,IT,46eu3SBuFCXWsPT39Yg3tJ,Don't Stop 'Til You Get Enough - Single Version,Michael Jackson,exit,180,50557
2026-06-19,IT,0O5KcmgOeEgublW6ySQ6Vc,Amelie,Kid Yugi,exit,175,51264
2026-06-19,IT,7Hc6qcJG4NtyZgbNvQyd8U,drop dead,Olivia Rodrigo,exit,185,50072
2026-06-19,IT,5oJVfPUHsD7A8bZtKVqgL2,L'ULTIMA POESIA,"Geolier, Ultimo, Takagi & Ketra",exit,197,49001
2026-06-19,IT,148uoUpRp6FJK5qYoXijwm,Notte prima degli esami,Antonello Venditti,exit,168,51659
2026-06-19,IT,6Lc0La3OwOmAouQjbID4uX,Nera,Irama,exit,196,49271
2026-06-19,IT,5BAJMdCQqax0oBQigQTl5h,Dove e quando,Benji & Fede,exit,172,51443
2026-06-19,IT,3Eh8NAQVV8b1EzgKang5ne,Diversi,Shiva,exit,184,50095
2026-06-19,IT,6Ahg1hncxUdK0ICqU03BCu,Superclassico,Ernia,exit,155,53459
2026-06-19,IT,41lOxc6ARYZPXpKeMWcHsD,Islanda,Pinguini Tattici Nucleari,exit,195,49318
2026-06-19,IT,0RYqzVMfEjbDr1CTL7fta5,L'universo tranne noi,Max Pezzali,exit,167,51807
2026-06-08,IT,5omIW7YOPhA6CULhkdz6jE,Paradiso Artificiale,"Tedua, Baby Gang, Kid Yugi",entry,195,47084
2026-06-08,IT,3IvxmTprJJTfr0M4dwSTpP,ROMANZO CRIMINALE,"Yunes LaGrintaa, Kassimi, Nabi, Néza, Lucifer",entry,179,49301
2026-06-08,IT,2DkiFEQ1ihXcYKaIRsfGFp,LEI,Marracash,entry,198,46702
2026-06-08,IT,4M6eMu2CMR9MxO2c3MQgaI,Logico #1,Cesare Cremonini,entry,194,47138
2026-06-08,IT,56n5UQJ0SDVaxwQNnu90ee,Eroina,"Kid Yugi, Tutti Fenomeni",entry,184,48909
2026-06-08,IT,66umGLEmn0B3CFp1lBT7lN,Tutto a puttane,Bresh,entry,181,49126
2026-06-08,IT,7jUJ2RmT4PFHHq4goMWqm3,Chic,Izi,entry,193,47243
2026-06-08,IT,5MJc4IVIt17xEt6angtZcq,BUIO DAVANTI,Lazza,entry,188,48390
2026-06-08,IT,4gYOPsRynx7hXQm5q47o04,La violenza Necessaria,"Kid Yugi, Shiva",entry,197,46848
2026-06-08,IT,168t3ud7jZIslO0P5ZDKnj,Felpa Nera,"Tedua, ANNA",entry,185,48856
2026-06-08,IT,2mdrVnxEnPR6iFijakkxQS,QLOO*,"Young Cister, Kreamly",entry,199,46477
2026-06-08,IT,5pYy054Wcuj9CFdDIxZSVU,Menomale che c'è il mare,"Olly, Juli",entry,167,50705
2026-06-08,IT,0y7D9JFF6APyFc18atzG9n,Splinter Cell,"G.Mineiro, Flatpearl, Jiz, Succo",entry,9,218547
2026-06-08,IT,1IkzT4wzFJRbFOmKOSqTen,EPISODIO D'AMORE,"Geolier, Takagi & Ketra, Dat Boi Dee",entry,163,51190
2026-06-08,IT,3ZFTkvIE7kyPt6Nu3PEa7V,Hips Don't Lie,"Shakira, Wyclef Jean",exit,194,44691
2026-06-08,IT,3xkHsmpQCBMytMJNiDf3Ii,Beautiful Things,Benson Boone,exit,196,44586
2026-06-08,IT,2ceJa7d62wQ3eRBK589ALG,Gotham,"Shiva, Kid Yugi",exit,192,44929
2026-06-08,IT,41lOxc6ARYZPXpKeMWcHsD,Islanda,Pinguini Tattici Nucleari,exit,188,45066
2026-06-08,IT,0MLu1cFYL4ikdRTdasCQT9,M' Manc (con Geolier & Sfera Ebbasta),"Shablo, Geolier, Sfera Ebbasta",exit,187,45083
2026-06-08,IT,6swHvavSroD4ur3Q18MjYz,Una volta ancora,"Fred De Palma, Ana Mena",exit,180,45853
2026-06-08,IT,3KsGBiWVuybY3Zm7LDKuqK,Splinter Cell,"G.Mineiro, Flatpearl, Jiz, Succo",exit,10,185964
2026-06-08,IT,2gSNBigeWMVtY3QBIvPAEc,Bad - 2012 Remaster,Michael Jackson,exit,179,45959
2026-06-08,IT,4hJSzUREpdDo8uhgEflbHr,Sally,Vasco Rossi,exit,154,48681
2026-06-08,IT,0bKDQionn4VKcgNKbs4SWX,Pastello Bianco,Pinguini Tattici Nucleari,exit,189,45034
2026-06-08,IT,19DHPlTC2gx1j4jrFzNbwL,30ºC,ANNA,exit,198,44529
2026-06-08,IT,5gTuH5Jl8PVUitsFzFslWu,Certe notti,Ligabue,exit,168,47220
2026-06-08,IT,1QcmAp6Ev2HuYxKujUwnw0,il filo rosso,Alfa,exit,173,46896
2026-06-08,IT,4qycYIAF967ij8lKoxCyqt,Maledetta primavera,Loretta Goggi,exit,157,48295
2026-06-29,IT,4z9xPVz2Sii4dhM7yhxOpj,IO T’O GIUR’,"Geolier, Sfera Ebbasta",entry,178,47484
2026-06-29,IT,3FrbT8aqk9xHtTfQc9Z3IR,VVS CARTIER,"Sfera Ebbasta, Shiva",entry,181,47201
2026-06-29,IT,60a0Rd6pjrkxjPbaKzXjfq,In the End,Linkin Park,entry,186,46290
2026-06-29,IT,7fH13hSOyNoeiDGbjEnTUC,Brivido,"Guè, Marracash",entry,194,45430
2026-06-29,IT,7xQvWfPyfhYBx6oFaMvr03,PHANTOM,"Geolier, 50 Cent",entry,124,56149
2026-06-29,IT,1rIKgCH4H52lrvDcz50hS8,Lush Life,Zara Larsson,entry,175,47712
2026-06-29,IT,7z3PblAN3dH1JMewiRydkZ,GIRLS,The Kid LAROI,entry,150,51248
2026-06-29,IT,09wmUkefYD7B2IWpHP6v3P,Gilgamesh,Kid Yugi,entry,187,46175
2026-06-29,IT,1EVOcQcJeAbtmzmuYnI14C,Occhi color mare,"Olly, Juli",entry,192,45717
2026-06-29,IT,3qBtltssunsFuzn6DxXI0b,Margarita (con Marracash),"Elodie, Marracash",entry,196,45357
2026-06-29,IT,0xEgDBXYO9gGzmxCFWKxNg,CRUDELIA - I nervi,Marracash,entry,200,44918
2026-06-29,IT,7dFfkSJrAHnUdKM5jaUOLt,Tristano e Isotta,Kid Yugi,entry,180,47426
2026-06-29,IT,2ceJa7d62wQ3eRBK589ALG,Gotham,"Shiva, Kid Yugi",entry,182,47147
2026-06-29,IT,0pjqXWOiT5xMh2ua6sq4dl,Così così,"Olly, Juli",entry,198,45131
2026-06-29,IT,1yOrvnfHb2t8CmMdfcBHTl,Pilé - Gospel,"Mauvais djo, Kano Choir",entry,176,47699
2026-06-29,IT,6ErRedGqcOC4HmUEfUneiY,Dio Esiste,Shiva,entry,177,47616
2026-06-29,IT,3M5e1yWYMKQPE0IUePwdBt,QUESTA INSENSATA VOGLIA DI TE,Ultimo,entry,197,45139
2026-06-29,IT,1b8tFExEyHyxTzrrlQAsu4,Marmellata #25,Cesare Cremonini,exit,197,44659
2026-06-29,IT,6lrlFMu06aGPDH0phlCnct,Per dimenticare,Zero Assoluto,exit,161,47697
2026-06-29,IT,4pD1Wit3m1IHA7Ixgww9b6,Una canzone d'amore,883,exit,166,47419
2026-06-29,IT,5gTuH5Jl8PVUitsFzFslWu,Certe notti,Ligabue,exit,170,47258
2026-06-29,IT,2Q4Z2js0C6DDUVc7GuLGdF,SESSO E SAMBA,"Tony Effe, Gaia",exit,155,49176
2026-06-29,IT,4Cd1cCCqG3nlf07i5A0IPH,Yakuza,"Elodie, Sfera Ebbasta, Rvssian",exit,174,46755
2026-06-29,IT,695AOnYHYnvHIMaTNKjkA5,Felicità puttana,Thegiornalisti,exit,193,45082
2026-06-29,IT,4hJSzUREpdDo8uhgEflbHr,Sally,Vasco Rossi,exit,180,46183
2026-06-29,IT,20MwAekzD46VMJP0JmjmhS,Con un deca,883,exit,191,45242
2026-06-29,IT,5nPbKG04fhLkIAjcPFaZq7,I Adore You,"HUGEL, Topic, Arash, Daecolm",exit,200,44495
2026-06-29,IT,41lOxc6ARYZPXpKeMWcHsD,Islanda,Pinguini Tattici Nucleari,exit,173,46823
2026-06-29,IT,36TnyBCBhUUSrSy1pTKasT,ANTIDROGA,"Emma, Fabri Fibra",exit,181,46077
2026-06-29,IT,2YVIDa7ZPLtce3VLGNcxvv,LE RAGAZZE,"CLARA, sangiovanni",exit,192,45173
2026-06-29,IT,4MzXwWMhyBbmu6hOcLVD49,DÁKITI,"Bad Bunny, JHAYCO",exit,198,44608
2026-06-29,IT,4qycYIAF967ij8lKoxCyqt,Maledetta primavera,Loretta Goggi,exit,142,50753
2026-06-29,IT,5BAJMdCQqax0oBQigQTl5h,Dove e quando,Benji & Fede,exit,171,47180
2026-06-29,IT,435NOlfzITSEghoaUNRle3,PHANTOM,"Geolier, 50 Cent",exit,126,53956
2026-07-10,IT,36TnyBCBhUUSrSy1pTKasT,ANTIDROGA,"Emma, Fabri Fibra",entry,141,62525
2026-07-10,IT,07qo9gnLM488CUr0EtgIA1,Poetica,Cesare Cremonini,entry,198,52488
2026-07-10,IT,3d56FH7ZlHf9tjojZSwv8U,WHITE GIRL WASTED,ANNA,entry,1,345209
2026-07-10,IT,3fBHfKPOuaZ99tZOMg9Cgw,RAFFAELLA FICO,"Le-one, Higashi",entry,153,60300
2026-07-10,IT,4D1aJZlCbzptGSDsyV1qVo,BENIHANA,ANNA,entry,31,149701
2026-07-10,IT,3Bi5pa92S8MUZkhuwfmCUQ,U LIKE ME,ANNA,entry,32,149045
2026-07-10,IT,0il2Hwwf6U8haOn1rMwUak,Bam Bam Bambina,Elettra Lamborghini,entry,182,54858
2026-07-10,IT,40UibIQfdcyLJDgfDDA2MR,SCONTROSA,ANNA,entry,6,265995
2026-07-10,IT,2MBfz73GRofl4nPbCcIr6L,DON'T TELL NOBODY,ANNA,entry,10,231135
2026-07-10,IT,1K9qAxGT4cWUicf2OezSen,VETRI NERI,"AVA, ANNA, Capo Plaza",entry,183,54752
2026-07-10,IT,3nZ1pM1DxcfAAf9QxIhnpo,SAFARI,ANNA,entry,7,252785
2026-07-10,IT,3WHGTXMRVYZumkDVokfk56,HOT POT (interlude),ANNA,entry,35,145345
2026-07-10,IT,4dB88qTUCkjYQn0ZxIZCuW,CATALANO,ANNA,entry,16,205793
2026-07-10,IT,6mwHTWc7bdlBsiR6s6QFGl,CUORE IN OFF,ANNA,entry,17,199435
2026-07-10,IT,3bFUhrjNmC3179e2R5lqjp,VELENO,ANNA,entry,26,158684
2026-07-10,IT,3nWODsWETh5zUu3sLuJ2kv,CRYSTAL COLLO,ANNA,entry,20,180041
2026-07-10,IT,55wR6hA738HnTk4F1z23oR,HONEY,ANNA,entry,14,220231
2026-07-10,IT,2qPmfC6698p228q3F1Zlbk,SONO IO IL PASS,ANNA,entry,4,295594
2026-07-10,IT,4Cd1cCCqG3nlf07i5A0IPH,Yakuza,"Elodie, Sfera Ebbasta, Rvssian",entry,145,61831
2026-07-10,IT,4uzXo3sUkY7xXelBvj1L7A,MILLION DOLLAR BABE,ANNA,entry,2,328240
2026-07-10,IT,4MzXwWMhyBbmu6hOcLVD49,DÁKITI,"Bad Bunny, JHAYCO",entry,193,53340
2026-07-10,IT,0OHD6Ask31KqVqxge0OwlG,Vieni nel mio cuore,Ultimo,exit,185,51307
2026-07-10,IT,5Z0Mx6SeUAFA2rgZB9t1Nu,Serpenti A Sonagli,Sfera Ebbasta,exit,166,54104
2026-07-10,IT,4pD1Wit3m1IHA7Ixgww9b6,Una canzone d'amore,883,exit,183,51346
2026-07-10,IT,5gTuH5Jl8PVUitsFzFslWu,Certe notti,Ligabue,exit,150,55775
2026-07-10,IT,1QcmAp6Ev2HuYxKujUwnw0,il filo rosso,Alfa,exit,161,54747
2026-07-10,IT,49j6SvuvWfbEKZKzsHCdLJ,stupid song,Olivia Rodrigo,exit,200,50088
2026-07-10,IT,4ZAjcfbt84O79SGc0jWqu7,ITALIA STARTER PACK,J-AX,exit,170,53160
2026-07-10,IT,1jhHPnmgZepKU8qX4VhRZ0,Rondini Al Guinzaglio,Ultimo,exit,197,50401
2026-07-10,IT,4CQNELF3U3gyNcI6sLr6yK,Guasto D'Amore,"Bresh, SHUNE",exit,173,52715
2026-07-10,IT,75Y6WgUldQN8mipAVLy8KJ,Quei ricordi là,"Olly, Juli",exit,164,54453
2026-07-10,IT,4HDX2Orm48gaWCyg9F5ZAs,BELLA DAVVERO,Ultimo,exit,162,54704
2026-07-10,IT,0O5KcmgOeEgublW6ySQ6Vc,Amelie,Kid Yugi,exit,188,51233
2026-07-10,IT,0bKDQionn4VKcgNKbs4SWX,Pastello Bianco,Pinguini Tattici Nucleari,exit,181,51448
2026-07-10,IT,4JGozY7PWUikJ3qJ1Egef8,Nessun rimpianto,883,exit,175,52590
2026-07-10,IT,1rIKgCH4H52lrvDcz50hS8,Lush Life,Zara Larsson,exit,177,52231
2026-07-10,IT,4qycYIAF967ij8lKoxCyqt,Maledetta primavera,Loretta Goggi,exit,189,51006
2026-07-10,IT,7qjZnBKE73H4Oxkopwulqe,back to friends,sombr,exit,152,55658
2026-07-10,IT,0xju4u3DFjOy1fhITDPZ6B,Depresso fortunato,"Olly, Juli",exit,198,50398
2026-07-10,IT,4TQmmasocRmAr8QC0Uchsf,Bottiglie Privè,Sfera Ebbasta,exit,176,52494
2026-07-10,IT,0UvCh63URrLFcPkKt99hHd,Don't Look Back in Anger - Remastered,Oasis,exit,195,50599
2026-07-10,IT,1mea3bSkSGXuIRvnydlB5b,Viva La Vida,Coldplay,exit,178,52058
2026-07-18,IT,3tt9i3Hhzq84dPS8H7iSiJ,La Bachata,Manuel Turizo,entry,178,52646
2026-07-18,IT,311m4sWQq8MZZROimkSGF7,Ginevra,"Luchè, Geolier",entry,188,50723
2026-07-18,IT,4RIoOQSJUih7XWXbdxut8W,ROMANTICA,Ultimo,entry,17,169904
2026-07-18,IT,0bKDQionn4VKcgNKbs4SWX,Pastello Bianco,Pinguini Tattici Nucleari,entry,195,49862
2026-07-18,IT,1CPZ5BxNNd0n0nF4Orb9JS,Golden,"HUNTR/X, EJae, AUDREY NUNA, REI AMI, KPop Demon Hunters Cast",entry,181,52206
2026-07-18,IT,6lrlFMu06aGPDH0phlCnct,Per dimenticare,Zero Assoluto,entry,198,49772
2026-07-18,IT,3mqxRagFK2tlhXQC8tHnuC,Agitare coca cola,Tommaso Paradiso,entry,176,53077
2026-07-18,IT,5nPbKG04fhLkIAjcPFaZq7,I Adore You,"HUGEL, Topic, Arash, Daecolm",entry,199,49702
2026-07-18,IT,0SqqAgdovOE24BzxIClpjw,Yo Perreo Sola,Bad Bunny,entry,148,57721
2026-07-18,IT,0l0vcZMU7AOeQmUIREoI2U,Qué Pasaría...,"Rauw Alejandro, Bad Bunny",entry,138,59015
2026-07-18,IT,4vF4VnzL47EVsZZEVsEfbF,VACCI PIANO,"Emma, Rkomi",entry,191,50396
2026-07-18,IT,3k3NWokhRRkEPhCzPmV8TW,Ojitos Lindos,"Bad Bunny, Bomba Estéreo",entry,143,58454
2026-07-18,IT,6mwHTWc7bdlBsiR6s6QFGl,CUORE IN OFF,ANNA,entry,200,49676
2026-07-18,IT,7jyZ2rWp2xRk1xvRQaRa5N,LA COSTIERA AMALFITANA,"Fabio Rovazzi, Arisa, Nino D'Angelo",entry,172,54150
2026-07-18,IT,2TH65lNHgvLxCKXM3apjxI,Callaita,"Bad Bunny, Tainy",entry,183,51780
2026-07-18,IT,7oJtUqvumujVKarcXa1SPj,a me mi piace,"Alfa, Manu Chao",entry,177,52740
2026-07-18,IT,4MjDJD8cW7iVeWInc2Bdyj,MONACO,Bad Bunny,entry,142,58458
2026-07-18,IT,5pYy054Wcuj9CFdDIxZSVU,Menomale che c'è il mare,"Olly, Juli",entry,163,54917
2026-07-18,IT,3Eh8NAQVV8b1EzgKang5ne,Diversi,Shiva,exit,185,52670
2026-07-18,IT,07qo9gnLM488CUr0EtgIA1,Poetica,Cesare Cremonini,exit,187,52211
2026-07-18,IT,05wb6MEyJeG2z1MVCIXxC8,15 Piani,Sfera Ebbasta,exit,172,53907
2026-07-18,IT,4X4R6qsIicxIQIFbnDcJLO,Scarabocchi,"Olly, Juli",exit,193,51695
2026-07-18,IT,3MCoJ2yjtBmL1CWkBpdYyJ,OLÈ,"Geolier, Kid Yugi",exit,170,54281
2026-07-18,IT,5MJc4IVIt17xEt6angtZcq,BUIO DAVANTI,Lazza,exit,176,53203
2026-07-18,IT,4WFgvKVfEhb3IUAFGrutTR,Love Me Not,Ravyn Lenae,exit,191,51836
2026-07-18,IT,1V8SElaiJmR7SJiGELr6Rc,Peccati,Shiva,exit,197,50807
2026-07-18,IT,3w73qvCSGWPCx7w1UMIh6e,Lo So Che,Capo Plaza,exit,184,52689
2026-07-18,IT,6Ahg1hncxUdK0ICqU03BCu,Superclassico,Ernia,exit,180,53016
2026-07-18,IT,1rIKgCH4H52lrvDcz50hS8,Lush Life,Zara Larsson,exit,194,51400
2026-07-18,IT,3jG1o72wNvvjQn2kDoNsIu,ROMANTICA,Ultimo,exit,12,176938
2026-07-18,IT,5N8XAkHlMe9g6MqVBHB4re,UN UOMO SOLO PUÒ CAMBIARE IL MONDO,"PRACI, 22simba",exit,119,64450
2026-07-18,IT,6GLmGfALwjzCaOiHwgfU7g,Ti dedico il silenzio,Ultimo,exit,147,58587
2026-07-18,IT,3QjM7blH1a157YfP8G33TA,RATATA,Capo Plaza,exit,183,52690
2026-07-18,IT,4Cd1cCCqG3nlf07i5A0IPH,Yakuza,"Elodie, Sfera Ebbasta, Rvssian",exit,198,50665
2026-07-18,IT,3nWODsWETh5zUu3sLuJ2kv,CRYSTAL COLLO,ANNA,exit,192,51710
2026-07-18,IT,36GrJGQRZpCi1Imsnz2NkN,PAO PAO,"Flaco G, Lubi",exit,163,55246
2026-07-04,IT,6Ahg1hncxUdK0ICqU03BCu,Superclassico,Ernia,entry,189,51949
2026-07-04,IT,6sLBJkMyZIkGevtpYgeotT,Piccola Stella,Ultimo,entry,141,58251
2026-07-04,IT,3mqxRagFK2tlhXQC8tHnuC,Agitare coca cola,Tommaso Paradiso,entry,200,51134
2026-07-04,IT,3l4KzIHsh002W3evllH3EF,Incoscienti Giovani,Achille Lauro,entry,185,52438
2026-07-04,IT,0bKDQionn4VKcgNKbs4SWX,Pastello Bianco,Pinguini Tattici Nucleari,entry,181,52716
2026-07-04,IT,1QcmAp6Ev2HuYxKujUwnw0,il filo rosso,Alfa,entry,194,51605
2026-07-04,IT,6GLmGfALwjzCaOiHwgfU7g,Ti dedico il silenzio,Ultimo,entry,156,56585
2026-07-04,IT,1nLGeFQuY7PFxrou3ezEvP,Rossetto e caffè,Sal Da Vinci,entry,192,51673
2026-07-04,IT,1m69ELEgE6k5ZWsap40ozt,Se Preparó,Ozuna,entry,196,51316
2026-07-04,IT,6Lc0La3OwOmAouQjbID4uX,Nera,Irama,entry,199,51162
2026-07-04,IT,1CPZ5BxNNd0n0nF4Orb9JS,Golden,"HUNTR/X, EJae, AUDREY NUNA, REI AMI, KPop Demon Hunters Cast",entry,169,54323
2026-07-04,IT,0fea68AdmYNygeTGI4RC18,LA CANCIÓN,"J Balvin, Bad Bunny",entry,191,51681
2026-07-04,IT,10TkqPWcmci21OmdxRrhlf,MAFIA COCO,"Il Ghost, Paky",exit,188,53319
2026-07-04,IT,381VH1JFj9q08V1OMlPU5m,Le luci della città,Coez,exit,199,52414
2026-07-04,IT,15ZWSMDQMfBKVn4zurLX7k,Amaro,Pinguini Tattici Nucleari,exit,196,52619
2026-07-04,IT,7oTJZG74R9yizgxAUEd6Wm,BOBO,"Promessa, IDUA",exit,189,53217
2026-07-04,IT,49j6SvuvWfbEKZKzsHCdLJ,stupid song,Olivia Rodrigo,exit,183,54123
2026-07-04,IT,1EVOcQcJeAbtmzmuYnI14C,Occhi color mare,"Olly, Juli",exit,195,52637
2026-07-04,IT,0ODFKSdXfQg92EgSVGjf9q,AMERICA INC.,"Gianna Nannini, Marracash",exit,104,70046
2026-07-04,IT,2a9BZHsbrUeOxEbatUdust,NEW YORK,Nabi,exit,167,57097
2026-07-04,IT,3w73qvCSGWPCx7w1UMIh6e,Lo So Che,Capo Plaza,exit,194,52740
2026-07-04,IT,6swHvavSroD4ur3Q18MjYz,Una volta ancora,"Fred De Palma, Ana Mena",exit,197,52491
2026-07-04,IT,3a49TEtsbeAgzZAQH9WiDZ,Danceteria,Madonna,exit,170,56646
2026-07-04,IT,4JGozY7PWUikJ3qJ1Egef8,Nessun rimpianto,883,exit,185,53683
2026-07-07,IT,1VsUaDLGDWdaITdEB8BZmY,Comuni Immortali,Achille Lauro,entry,190,49139
2026-07-07,IT,7ue5uvozLbamg0rjS65FeT,SEXY RAVE,"Fred De Palma, Baby Gang",entry,198,48299
2026-07-07,IT,75Y6WgUldQN8mipAVLy8KJ,Quei ricordi là,"Olly, Juli",entry,166,51544
2026-07-07,IT,4MzXwWMhyBbmu6hOcLVD49,DÁKITI,"Bad Bunny, JHAYCO",entry,199,48277
2026-07-07,IT,10MzYKMwqyVIg08RuG344S,"Labubu (From the Netflix Rap Show ""Nuova Scena"")","Flextony, Tigerplug, Nuova Scena",entry,163,52221
2026-07-07,IT,7oJtUqvumujVKarcXa1SPj,a me mi piace,"Alfa, Manu Chao",entry,179,50322
2026-07-07,IT,1EVOcQcJeAbtmzmuYnI14C,Occhi color mare,"Olly, Juli",entry,178,50390
2026-07-07,IT,1QcmAp6Ev2HuYxKujUwnw0,il filo rosso,Alfa,entry,185,49829
2026-07-07,IT,4ySxBjhmdnkeFUqhKxW3cY,Visiera A Becco,Sfera Ebbasta,entry,200,48074
2026-07-07,IT,41lOxc6ARYZPXpKeMWcHsD,Islanda,Pinguini Tattici Nucleari,entry,197,48350
2026-07-07,IT,0UvCh63URrLFcPkKt99hHd,Don't Look Back in Anger - Remastered,Oasis,entry,182,50143
2026-07-07,IT,20MwAekzD46VMJP0JmjmhS,Con un deca,883,exit,184,47924
2026-07-07,IT,381VH1JFj9q08V1OMlPU5m,Le luci della città,Coez,exit,197,46555
2026-07-07,IT,0O5KcmgOeEgublW6ySQ6Vc,Amelie,Kid Yugi,exit,191,46957
2026-07-07,IT,6Ahg1hncxUdK0ICqU03BCu,Superclassico,Ernia,exit,185,47717
2026-07-07,IT,0NwuXciw6eQc4edjwSBnV3,Non Abbiamo Età,Luchè,exit,194,46683
2026-07-07,IT,5omIW7YOPhA6CULhkdz6jE,Paradiso Artificiale,"Tedua, Baby Gang, Kid Yugi",exit,181,48248
2026-07-07,IT,7dFfkSJrAHnUdKM5jaUOLt,Tristano e Isotta,Kid Yugi,exit,196,46632
2026-07-07,IT,07qo9gnLM488CUr0EtgIA1,Poetica,Cesare Cremonini,exit,187,47471
2026-07-07,IT,4JGozY7PWUikJ3qJ1Egef8,Nessun rimpianto,883,exit,195,46645
2026-07-07,IT,5zVQoMHyELfcHYviXDao3I,MILANO TESTAROSSA,"Artie 5ive, Guè",exit,172,49247
2026-07-07,IT,6lrlFMu06aGPDH0phlCnct,Per dimenticare,Zero Assoluto,exit,198,46390
2026-07-03,IT,6swHvavSroD4ur3Q18MjYz,Una volta ancora,"Fred De Palma, Ana Mena",entry,197,52491
2026-07-03,IT,7oTJZG74R9yizgxAUEd6Wm,BOBO,"Promessa, IDUA",entry,189,53217
2026-07-03,IT,3a49TEtsbeAgzZAQH9WiDZ,Danceteria,Madonna,entry,170,56646
2026-07-03,IT,15ZWSMDQMfBKVn4zurLX7k,Amaro,Pinguini Tattici Nucleari,entry,196,52619
2026-07-03,IT,381VH1JFj9q08V1OMlPU5m,Le luci della città,Coez,entry,199,52414
2026-07-03,IT,2a9BZHsbrUeOxEbatUdust,NEW YORK,Nabi,entry,167,57097
2026-07-03,IT,59D4DOkspUbWyMmbAPQkxZ,VOY A LLeVARTE PA PR,Bad Bunny,entry,200,52192
2026-07-03,IT,0ODFKSdXfQg92EgSVGjf9q,AMERICA INC.,"Gianna Nannini, Marracash",entry,104,70046
2026-07-03,IT,10TkqPWcmci21OmdxRrhlf,MAFIA COCO,"Il Ghost, Paky",entry,188,53319
2026-07-03,IT,4JKX37OcxWbq2qL0eyVYs2,Parapluie,"Rhove, Madfingerz",entry,154,58453
2026-07-03,IT,1VsUaDLGDWdaITdEB8BZmY,Comuni Immortali,Achille Lauro,entry,192,52848
2026-07-03,IT,7oJtUqvumujVKarcXa1SPj,a me mi piace,"Alfa, Manu Chao",entry,198,52476
2026-07-03,IT,6bOwCTgqiUIEuGNdwTDpi5,CHROME HEARTS,"Astro, Nerissima Serpe",exit,193,49409
2026-07-03,IT,7dFfkSJrAHnUdKM5jaUOLt,Tristano e Isotta,Kid Yugi,exit,194,49256
2026-07-03,IT,4kK4uxstY0lTdun71200Al,MALE NECESSARIO,"Fedez, Marco Masini",exit,185,50352
2026-07-03,IT,7agE2kK4XZnjRrbwnVJV1T,Arricchiti,"22simba, Guè",exit,166,52299
2026-07-03,IT,6Ahg1hncxUdK0ICqU03BCu,Superclassico,Ernia,exit,171,51800
2026-07-03,IT,5omIW7YOPhA6CULhkdz6jE,Paradiso Artificiale,"Tedua, Baby Gang, Kid Yugi",exit,179,50767
2026-07-03,IT,0rjVRGqVuNwnGCxwBkBZXd,FELLINI,"Ernia, Kid Yugi",exit,178,50912
2026-07-03,IT,60a0Rd6pjrkxjPbaKzXjfq,In the End,Linkin Park,exit,182,50601
2026-07-03,IT,3Eh8NAQVV8b1EzgKang5ne,Diversi,Shiva,exit,189,49854
2026-07-03,IT,0O5KcmgOeEgublW6ySQ6Vc,Amelie,Kid Yugi,exit,184,50427
2026-07-03,IT,66umGLEmn0B3CFp1lBT7lN,Tutto a puttane,Bresh,exit,170,52072
2026-07-03,IT,0YI32qkEhhUjoGVMGXDm8b,ANELLI E COLLANE,"Artie 5ive, ANNA",exit,188,49859
2026-07-02,IT,0YI32qkEhhUjoGVMGXDm8b,ANELLI E COLLANE,"Artie 5ive, ANNA",entry,188,49859
2026-07-02,IT,3ZFTkvIE7kyPt6Nu3PEa7V,Hips Don't Lie,"Shakira, Wyclef Jean",entry,172,51627
2026-07-02,IT,4MzXwWMhyBbmu6hOcLVD49,DÁKITI,"Bad Bunny, JHAYCO",entry,199,48794
2026-07-02,IT,4kK4uxstY0lTdun71200Al,MALE NECESSARIO,"Fedez, Marco Masini",entry,185,50352
2026-07-02,IT,1rIKgCH4H52lrvDcz50hS8,Lush Life,Zara Larsson,entry,198,48896
2026-07-02,IT,7ue5uvozLbamg0rjS65FeT,SEXY RAVE,"Fred De Palma, Baby Gang",entry,195,49117
2026-07-02,IT,41lOxc6ARYZPXpKeMWcHsD,Islanda,Pinguini Tattici Nucleari,entry,183,50458
2026-07-02,IT,3ip2477VESffCtFkPFT0ov,La Gozadera,"Gente De Zona, Marc Anthony",entry,197,48910
2026-07-02,IT,1A1xTBtNnJ09JNINiLjdOK,ALTROVE,Ultimo,entry,187,49946
2026-07-02,IT,0pjqXWOiT5xMh2ua6sq4dl,Così così,"Olly, Juli",entry,175,51269
2026-07-02,IT,4qycYIAF967ij8lKoxCyqt,Maledetta primavera,Loretta Goggi,entry,200,48646
2026-07-02,IT,0xEgDBXYO9gGzmxCFWKxNg,CRUDELIA - I nervi,Marracash,exit,172,49611
2026-07-02,IT,4hJSzUREpdDo8uhgEflbHr,Sally,Vasco Rossi,exit,188,47296
2026-07-02,IT,1b8tFExEyHyxTzrrlQAsu4,Marmellata #25,Cesare Cremonini,exit,190,47177
2026-07-02,IT,3l4KzIHsh002W3evllH3EF,Incoscienti Giovani,Achille Lauro,exit,200,46431
2026-07-02,IT,0NwuXciw6eQc4edjwSBnV3,Non Abbiamo Età,Luchè,exit,162,51328
2026-07-02,IT,1vkDKchOzwZM4rXsJTdtGs,XXDONO,"Tiziano Ferro, Lazza",exit,189,47225
2026-07-02,IT,7jUJ2RmT4PFHHq4goMWqm3,Chic,Izi,exit,194,46887
2026-07-02,IT,3FrbT8aqk9xHtTfQc9Z3IR,VVS CARTIER,"Sfera Ebbasta, Shiva",exit,175,49413
2026-07-02,IT,1CPZ5BxNNd0n0nF4Orb9JS,Golden,"HUNTR/X, EJae, AUDREY NUNA, REI AMI, KPop Demon Hunters Cast",exit,179,48892
2026-07-02,IT,4JKX37OcxWbq2qL0eyVYs2,Parapluie,"Rhove, Madfingerz",exit,186,47535
2026-07-02,IT,7xQvWfPyfhYBx6oFaMvr03,PHANTOM,"Geolier, 50 Cent",exit,183,48137
2026-07-16,IT,5nEdwtSv0qqeE0l4o1lR4q,(When You Gonna) Give It Up to Me,"Sean Paul, Keyshia Cole",entry,194,48666
2026-07-16,IT,4X4R6qsIicxIQIFbnDcJLO,Scarabocchi,"Olly, Juli",entry,174,51523
2026-07-16,IT,093RgZ7RXHZwIrxZhZYX4Q,Tesla,"Capo Plaza, Sfera Ebbasta, DrefGold",entry,173,51556
2026-07-16,IT,0fea68AdmYNygeTGI4RC18,LA CANCIÓN,"J Balvin, Bad Bunny",entry,155,54117
2026-07-16,IT,41lOxc6ARYZPXpKeMWcHsD,Islanda,Pinguini Tattici Nucleari,entry,186,49375
2026-07-16,IT,311m4sWQq8MZZROimkSGF7,Ginevra,"Luchè, Geolier",entry,193,48690
2026-07-16,IT,4gjmX7aKN7tVt3eqi4aP9P,Luna - Remastered,Gianni Togni,entry,190,48818
2026-07-16,IT,3xkHsmpQCBMytMJNiDf3Ii,Beautiful Things,Benson Boone,entry,199,47897
2026-07-16,IT,19DHPlTC2gx1j4jrFzNbwL,30ºC,ANNA,entry,198,47967
2026-07-16,IT,2a1o6ZejUi8U3wzzOtCOYw,Danza Kuduro,"Don Omar, Lucenzo",entry,200,47808
2026-07-16,IT,0xEgDBXYO9gGzmxCFWKxNg,CRUDELIA - I nervi,Marracash,exit,191,46936
2026-07-16,IT,4dB88qTUCkjYQn0ZxIZCuW,CATALANO,ANNA,exit,186,47579
2026-07-16,IT,5pYy054Wcuj9CFdDIxZSVU,Menomale che c'è il mare,"Olly, Juli",exit,151,52531
2026-07-16,IT,5m765S50ytWrB8hfdcbQds,Gli anni (96),883,exit,187,47495
2026-07-16,IT,2plbrEY59IikOBgBGLjaoe,Die With A Smile,"Lady Gaga, Bruno Mars",exit,161,50764
2026-07-16,IT,7BqBn9nzAq8spo5e7cZ0dJ,Just the Way You Are,Bruno Mars,exit,190,46965
2026-07-16,IT,4D1aJZlCbzptGSDsyV1qVo,BENIHANA,ANNA,exit,192,46728
2026-07-16,IT,4kkbhtfbTCp3JN4H7zu9ny,IL GIORNO CHE ASPETTAVO,Ultimo,exit,200,46392
2026-07-16,IT,4vF4VnzL47EVsZZEVsEfbF,VACCI PIANO,"Emma, Rkomi",exit,153,52096
2026-07-16,IT,6Ahg1hncxUdK0ICqU03BCu,Superclassico,Ernia,exit,198,46500
2026-07-20,IT,5m765S50ytWrB8hfdcbQds,Gli anni (96),883,entry,163,48898
2026-07-20,IT,1rIKgCH4H52lrvDcz50hS8,Lush Life,Zara Larsson,entry,187,45956
2026-07-20,IT,5MJc4IVIt17xEt6angtZcq,BUIO DAVANTI,Lazza,entry,188,45928
2026-07-20,IT,0kHTkvGavvk2MjBTSUtOZx,Ricchi x Sempre,Sfera Ebbasta,entry,175,47638
2026-07-20,IT,5N8XAkHlMe9g6MqVBHB4re,UN UOMO SOLO PUÒ CAMBIARE IL MONDO,"PRACI, 22simba",entry,179,47007
2026-07-20,IT,5nEdwtSv0qqeE0l4o1lR4q,(When You Gonna) Give It Up to Me,"Sean Paul, Keyshia Cole",entry,169,48433
2026-07-20,IT,0NwuXciw6eQc4edjwSBnV3,Non Abbiamo Età,Luchè,entry,199,44841
2026-07-20,IT,3QjM7blH1a157YfP8G33TA,RATATA,Capo Plaza,entry,181,46692
2026-07-20,IT,7dFfkSJrAHnUdKM5jaUOLt,Tristano e Isotta,Kid Yugi,entry,185,45994
2026-07-20,IT,1V8SElaiJmR7SJiGELr6Rc,Peccati,Shiva,entry,200,44607
2026-07-20,IT,6hkOqJ5mE093AQf2lbZnsG,The One That Got Away,Katy Perry,entry,184,46082
2026-07-20,IT,60a0Rd6pjrkxjPbaKzXjfq,In the End,Linkin Park,entry,195,45474
2026-07-20,IT,0O5KcmgOeEgublW6ySQ6Vc,Amelie,Kid Yugi,entry,197,45115
2026-07-20,IT,4CQNELF3U3gyNcI6sLr6yK,Guasto D'Amore,"Bresh, SHUNE",entry,192,45570
2026-07-20,IT,3ZFTkvIE7kyPt6Nu3PEa7V,Hips Don't Lie,"Shakira, Wyclef Jean",entry,149,50149
2026-07-20,IT,4WFgvKVfEhb3IUAFGrutTR,Love Me Not,Ravyn Lenae,entry,167,48542
2026-07-20,IT,0YI32qkEhhUjoGVMGXDm8b,ANELLI E COLLANE,"Artie 5ive, ANNA",entry,193,45508
2026-07-20,IT,6sLBJkMyZIkGevtpYgeotT,Piccola Stella,Ultimo,exit,195,43083
2026-07-20,IT,1IkzT4wzFJRbFOmKOSqTen,EPISODIO D'AMORE,"Geolier, Takagi & Ketra, Dat Boi Dee",exit,172,44790
2026-07-20,IT,05wb6MEyJeG2z1MVCIXxC8,15 Piani,Sfera Ebbasta,exit,177,44318
2026-07-20,IT,1k3pzheXrbtHgvvOsQeMkU,Che fastidio!,Ditonellapiaga,exit,193,43217
2026-07-20,IT,3oyJa5AEBL1gS3ALTo0rWg,Tu cosa fai questa sera,"Noemi, Vito Salamanca",exit,198,42759
2026-07-20,IT,1K9qAxGT4cWUicf2OezSen,VETRI NERI,"AVA, ANNA, Capo Plaza",exit,192,43334
2026-07-20,IT,3tt9i3Hhzq84dPS8H7iSiJ,La Bachata,Manuel Turizo,exit,196,42972
2026-07-20,IT,07qo9gnLM488CUr0EtgIA1,Poetica,Cesare Cremonini,exit,168,45672
2026-07-20,IT,2kZV7d0A4BIN5I8iFBnbqp,16 Marzo,"Achille Lauro, Gow Tribe",exit,165,46539
2026-07-20,IT,4MjDJD8cW7iVeWInc2Bdyj,MONACO,Bad Bunny,exit,183,44093
2026-07-20,IT,0UvCh63URrLFcPkKt99hHd,Don't Look Back in Anger - Remastered,Oasis,exit,197,42826
2026-07-20,IT,4gjmX7aKN7tVt3eqi4aP9P,Luna - Remastered,Gianni Togni,exit,149,48302
2026-07-20,IT,6GLmGfALwjzCaOiHwgfU7g,Ti dedico il silenzio,Ultimo,exit,190,43396
2026-07-20,IT,1QPjHLJWBXvE5Ymck4wtfW,La Cuarta Estrella (Versión Hinchada),PALMITO,exit,174,44527
2026-07-20,IT,69VAE3LA7jn5rGAsdflMOS,EL PIBE DE ORO,"Geolier, Poison Beatz",exit,200,42729
2026-07-20,IT,5EtlojWtD8y7pnoDb80JwP,081,Geolier,exit,186,43891
2026-06-07,IT,3oTuTpF1F3A7rEC6RKsMRz,Raindance,"Dave, Tems",entry,185,45226
2026-06-07,IT,7LSBkEm5LQSkhe6yqqqBPs,Buon Viaggio (Share The Love),Cesare Cremonini,entry,195,44671
2026-06-07,IT,6swHvavSroD4ur3Q18MjYz,Una volta ancora,"Fred De Palma, Ana Mena",entry,180,45853
2026-06-07,IT,5W5lGzvUR9jWQ7kyz9rr4T,TUTTO È POSSIBILE,"Geolier, Pino Daniele",entry,183,45535
2026-06-07,IT,1XzHasEgB7QoXXtoD3sUKY,E Allora,"G.Mineiro, Flatpearl, Succo",entry,151,48856
2026-06-07,IT,5WssaPhjCCUFBMk9PpnHYj,Anche Stasera,Sfera Ebbasta,entry,158,48289
2026-06-07,IT,0bKDQionn4VKcgNKbs4SWX,Pastello Bianco,Pinguini Tattici Nucleari,entry,189,45034
2026-06-07,IT,69VAE3LA7jn5rGAsdflMOS,EL PIBE DE ORO,"Geolier, Poison Beatz",entry,193,44737
2026-06-07,IT,19DHPlTC2gx1j4jrFzNbwL,30ºC,ANNA,entry,198,44529
2026-06-07,IT,7z3PblAN3dH1JMewiRydkZ,GIRLS,The Kid LAROI,entry,182,45767
2026-06-07,IT,0MLu1cFYL4ikdRTdasCQT9,M' Manc (con Geolier & Sfera Ebbasta),"Shablo, Geolier, Sfera Ebbasta",entry,187,45083
2026-06-07,IT,4Cd1cCCqG3nlf07i5A0IPH,Yakuza,"Elodie, Sfera Ebbasta, Rvssian",entry,200,44050
2026-06-07,IT,5M8Z823Sb2BhMpecHksN0T,ANEMA E CORE,Serena Brancale,exit,199,51403
2026-06-07,IT,66umGLEmn0B3CFp1lBT7lN,Tutto a puttane,Bresh,exit,189,52261
2026-06-07,IT,347HJzwbn0cmrxJUmAXj5c,MAI PER SEMPRE,"Geolier, Dardust",exit,192,52062
2026-06-07,IT,0kHTkvGavvk2MjBTSUtOZx,Ricchi x Sempre,Sfera Ebbasta,exit,200,51196
2026-06-07,IT,1m69ELEgE6k5ZWsap40ozt,Se Preparó,Ozuna,exit,190,52141
2026-06-07,IT,56n5UQJ0SDVaxwQNnu90ee,Eroina,"Kid Yugi, Tutti Fenomeni",exit,185,52732
2026-06-07,IT,168t3ud7jZIslO0P5ZDKnj,Felpa Nera,"Tedua, ANNA",exit,186,52699
2026-06-07,IT,2mdrVnxEnPR6iFijakkxQS,QLOO*,"Young Cister, Kreamly",exit,156,56046
2026-06-07,IT,0il2Hwwf6U8haOn1rMwUak,Bam Bam Bambina,Elettra Lamborghini,exit,188,52395
2026-06-07,IT,3L9wipeeSlOjBGHVJyykhd,Cuore di latta,Bresh,exit,194,51846
2026-06-07,IT,1Xm2e1vDwOMeJJioWuG1s7,Soldi in Nero,"Shiva, Sfera Ebbasta",exit,195,51755
2026-06-07,IT,3QAU2pj4LUKf7yaTgANlQV,ITALODISCO,The Kolors,exit,198,51568
2026-06-03,IT,1zrEskyOLXViiYdZgggiUI,DAL TACCO,RRARI DAL TACCO,entry,132,56066
2026-06-03,IT,2YVIDa7ZPLtce3VLGNcxvv,LE RAGAZZE,"CLARA, sangiovanni",entry,190,47322
2026-06-03,IT,0qFzTGufPnqkI4GrAwXCg1,Scendo E Cerco Un’Altra,"G.Mineiro, Flatpearl, Succo",entry,159,52240
2026-06-03,IT,2QKgQOxXoIGq711vdah54G,Volare,Tedua,entry,166,51164
2026-06-03,IT,7zivIUyCw9MmYftdcayXnN,Uno squillo,Capo Plaza,entry,197,46737
2026-06-03,IT,7z3PblAN3dH1JMewiRydkZ,GIRLS,The Kid LAROI,entry,174,50149
2026-06-03,IT,4gYOPsRynx7hXQm5q47o04,La violenza Necessaria,"Kid Yugi, Shiva",entry,194,46968
2026-06-03,IT,2jG4lgrHeFXjRpvl3Cv29E,Uno+Gangsta,"Tedua, Nerissima Serpe",entry,199,46580
2026-06-03,IT,1yDx5sCkmpCX0NZ3ilC1UE,Bacio di Giuda,"Shiva, Tiziano Ferro",entry,185,48097
2026-06-03,IT,6xyco3qjTY4RjPpYFOy7Uj,Ryan Ted Freestyle,Tedua,entry,191,47233
2026-06-03,IT,5omIW7YOPhA6CULhkdz6jE,Paradiso Artificiale,"Tedua, Baby Gang, Kid Yugi",entry,177,49725
2026-06-03,IT,4X4R6qsIicxIQIFbnDcJLO,Scarabocchi,"Olly, Juli",entry,193,47049
2026-06-03,IT,7fH13hSOyNoeiDGbjEnTUC,Brivido,"Guè, Marracash",entry,192,47065
2026-06-03,IT,4UFP9J6zLvb6rnkXByjYtH,ANCELOTTI,Astro,entry,180,48917
2026-06-03,IT,19DHPlTC2gx1j4jrFzNbwL,30ºC,ANNA,exit,197,44263
2026-06-03,IT,2LlQb7Uoj1kKyGhlkBf9aC,Thriller,Michael Jackson,exit,171,46904
2026-06-03,IT,6bN41HjY008ggroMFxNLaa,Calcolatrici,Sfera Ebbasta,exit,198,44076
2026-06-03,IT,695AOnYHYnvHIMaTNKjkA5,Felicità puttana,Thegiornalisti,exit,193,44586
2026-06-03,IT,4Cd1cCCqG3nlf07i5A0IPH,Yakuza,"Elodie, Sfera Ebbasta, Rvssian",exit,181,46286
2026-06-03,IT,2SvXqxiG2ntfkEWvuABT7u,Il mio canto libero,Lucio Battisti,exit,199,44062
2026-06-03,IT,1b8tFExEyHyxTzrrlQAsu4,Marmellata #25,Cesare Cremonini,exit,156,49516
2026-06-03,IT,1K9qAxGT4cWUicf2OezSen,VETRI NERI,"AVA, ANNA, Capo Plaza",exit,157,49257
2026-06-03,IT,3ZFTkvIE7kyPt6Nu3PEa7V,Hips Don't Lie,"Shakira, Wyclef Jean",exit,190,45131
2026-06-03,IT,4qycYIAF967ij8lKoxCyqt,Maledetta primavera,Loretta Goggi,exit,149,50159
2026-06-03,IT,2QjOHCTQ1Jl3zawyYOpxh6,Sweater Weather,The Neighbourhood,exit,195,44416
2026-06-03,IT,4Js31maTathTS2flQOQr2c,Fragole,"Achille Lauro, Rose Villain",exit,196,44372
2026-06-03,IT,4hJSzUREpdDo8uhgEflbHr,Sally,Vasco Rossi,exit,187,45311
2026-06-03,IT,5gTuH5Jl8PVUitsFzFslWu,Certe notti,Ligabue,exit,160,48692
2026-06-16,IT,4pD1Wit3m1IHA7Ixgww9b6,Una canzone d'amore,883,entry,196,48167
2026-06-16,IT,4CQNELF3U3gyNcI6sLr6yK,Guasto D'Amore,"Bresh, SHUNE",entry,172,50222
2026-06-16,IT,75Y6WgUldQN8mipAVLy8KJ,Quei ricordi là,"Olly, Juli",entry,198,48095
2026-06-16,IT,5T7ywazdGIydr6JCW6t02j,Smooth Criminal - 2012 Remaster,Michael Jackson,entry,199,47905
2026-06-16,IT,09wmUkefYD7B2IWpHP6v3P,Gilgamesh,Kid Yugi,entry,186,49263
2026-06-16,IT,2fqbBzhl01hcq6JRYoIo11,UN RICCO E UN POVERO,Geolier,entry,136,56820
2026-06-16,IT,4X4R6qsIicxIQIFbnDcJLO,Scarabocchi,"Olly, Juli",entry,197,48133
2026-06-16,IT,1K9qAxGT4cWUicf2OezSen,VETRI NERI,"AVA, ANNA, Capo Plaza",entry,188,48751
2026-06-16,IT,6EGUow6OQ28at9wB2TTvyo,FaXXX,"Tedua, Latrelle",exit,193,47095
2026-06-16,IT,4kX7xkopoXZCfE1D6fNwl2,honeybee,Olivia Rodrigo,exit,170,49487
2026-06-16,IT,5WssaPhjCCUFBMk9PpnHYj,Anche Stasera,Sfera Ebbasta,exit,191,47145
2026-06-16,IT,6bN41HjY008ggroMFxNLaa,Calcolatrici,Sfera Ebbasta,exit,195,46773
2026-06-16,IT,3w73qvCSGWPCx7w1UMIh6e,Lo So Che,Capo Plaza,exit,200,46459
2026-06-16,IT,0eu4C55hL6x29mmeAjytzC,Life Goes On,Oliver Tree,exit,150,51865
2026-06-16,IT,41lOxc6ARYZPXpKeMWcHsD,Islanda,Pinguini Tattici Nucleari,exit,196,46664
2026-06-16,IT,7kktKNHgINrBczPUGoG38p,Bang Bang,Sfera Ebbasta,exit,188,47655
2026-06-09,IT,0MLu1cFYL4ikdRTdasCQT9,M' Manc (con Geolier & Sfera Ebbasta),"Shablo, Geolier, Sfera Ebbasta",entry,189,49308
2026-06-09,IT,5XOhmBwIBhaj5jg2ZIvRMI,A NAPOLI NON PIOVE,Geolier,entry,184,50051
2026-06-09,IT,0kHTkvGavvk2MjBTSUtOZx,Ricchi x Sempre,Sfera Ebbasta,entry,198,48823
2026-06-09,IT,7fH13hSOyNoeiDGbjEnTUC,Brivido,"Guè, Marracash",entry,200,48684
2026-06-09,IT,7lwRULBv1wRCY4sTBHOUNy,PARTENOPE,"Merk & Kremont, Serena Brancale, The Kolors",entry,122,59734
2026-06-09,IT,5gTuH5Jl8PVUitsFzFslWu,Certe notti,Ligabue,entry,153,53790
2026-06-09,IT,41lOxc6ARYZPXpKeMWcHsD,Islanda,Pinguini Tattici Nucleari,entry,197,48933
2026-06-09,IT,5eSC7faDYHxnklPjcxZjD6,BRAVI A CADERE - I polmoni,Marracash,entry,199,48738
2026-06-09,IT,4qycYIAF967ij8lKoxCyqt,Maledetta primavera,Loretta Goggi,entry,196,48992
2026-06-09,IT,4hJSzUREpdDo8uhgEflbHr,Sally,Vasco Rossi,entry,185,50021
2026-06-09,IT,5pYy054Wcuj9CFdDIxZSVU,Menomale che c'è il mare,"Olly, Juli",exit,167,50705
2026-06-09,IT,2DkiFEQ1ihXcYKaIRsfGFp,LEI,Marracash,exit,198,46702
2026-06-09,IT,5tGZsRaBr98La6avokHGb3,Kalashnikov,"DDM 80146, Whizy",exit,196,47026
2026-06-09,IT,2mdrVnxEnPR6iFijakkxQS,QLOO*,"Young Cister, Kreamly",exit,199,46477
2026-06-09,IT,168t3ud7jZIslO0P5ZDKnj,Felpa Nera,"Tedua, ANNA",exit,185,48856
2026-06-09,IT,7jUJ2RmT4PFHHq4goMWqm3,Chic,Izi,exit,193,47243
2026-06-09,IT,4gYOPsRynx7hXQm5q47o04,La violenza Necessaria,"Kid Yugi, Shiva",exit,197,46848
2026-06-09,IT,5omIW7YOPhA6CULhkdz6jE,Paradiso Artificiale,"Tedua, Baby Gang, Kid Yugi",exit,195,47084
2026-06-09,IT,69VAE3LA7jn5rGAsdflMOS,EL PIBE DE ORO,"Geolier, Poison Beatz",exit,164,51095
2026-06-09,IT,5W5lGzvUR9jWQ7kyz9rr4T,TUTTO È POSSIBILE,"Geolier, Pino Daniele",exit,200,46374
2026-07-12,IT,7nRFsITVaSHko2Fw2Gcy59,Destri,Gazzelle,entry,179,48579
2026-07-12,IT,4CQNELF3U3gyNcI6sLr6yK,Guasto D'Amore,"Bresh, SHUNE",entry,192,46273
2026-07-12,IT,311m4sWQq8MZZROimkSGF7,Ginevra,"Luchè, Geolier",entry,198,45853
2026-07-12,IT,1mea3bSkSGXuIRvnydlB5b,Viva La Vida,Coldplay,entry,199,45851
2026-07-12,IT,0UvCh63URrLFcPkKt99hHd,Don't Look Back in Anger - Remastered,Oasis,entry,165,50742
2026-07-12,IT,5gTuH5Jl8PVUitsFzFslWu,Certe notti,Ligabue,entry,177,48944
2026-07-12,IT,5BAJMdCQqax0oBQigQTl5h,Dove e quando,Benji & Fede,entry,166,50535
2026-07-12,IT,7F54orEV7IMKtKG5X9Ig9y,Nord sud ovest est,883,entry,187,47529
2026-07-12,IT,0fea68AdmYNygeTGI4RC18,LA CANCIÓN,"J Balvin, Bad Bunny",entry,195,46061
2026-07-12,IT,5m765S50ytWrB8hfdcbQds,Gli anni (96),883,entry,145,53013
2026-07-12,IT,55lijDD6OAjLFFUHU9tcDm,WHERE IS MY HUSBAND!,RAYE,exit,183,54026
2026-07-12,IT,00ZvHVUdHcZNAwxGSKTGCk,Salvador Dalì,"Marracash, Guè",exit,179,55074
2026-07-12,IT,4kkbhtfbTCp3JN4H7zu9ny,IL GIORNO CHE ASPETTAVO,Ultimo,exit,173,56455
2026-07-12,IT,3l4KzIHsh002W3evllH3EF,Incoscienti Giovani,Achille Lauro,exit,199,51659
2026-07-12,IT,4JGozY7PWUikJ3qJ1Egef8,Nessun rimpianto,883,exit,195,51929
2026-07-12,IT,3WHGTXMRVYZumkDVokfk56,HOT POT (interlude),ANNA,exit,123,65217
2026-07-12,IT,3Bi5pa92S8MUZkhuwfmCUQ,U LIKE ME,ANNA,exit,120,67133
2026-07-12,IT,4vF4VnzL47EVsZZEVsEfbF,VACCI PIANO,"Emma, Rkomi",exit,185,53866
2026-07-12,IT,6swHvavSroD4ur3Q18MjYz,Una volta ancora,"Fred De Palma, Ana Mena",exit,197,51739
2026-07-12,IT,3QjM7blH1a157YfP8G33TA,RATATA,Capo Plaza,exit,177,55514
2026-06-06,IT,5M8Z823Sb2BhMpecHksN0T,ANEMA E CORE,Serena Brancale,entry,199,51403
2026-06-06,IT,4qycYIAF967ij8lKoxCyqt,Maledetta primavera,Loretta Goggi,entry,143,58798
2026-06-06,IT,1b8tFExEyHyxTzrrlQAsu4,Marmellata #25,Cesare Cremonini,entry,181,53185
2026-06-06,IT,3cGuiySfwJPXqvE15OiEEg,Tran Tran,Sfera Ebbasta,entry,157,56039
2026-06-06,IT,3ZFTkvIE7kyPt6Nu3PEa7V,Hips Don't Lie,"Shakira, Wyclef Jean",entry,182,53018
2026-06-06,IT,41lOxc6ARYZPXpKeMWcHsD,Islanda,Pinguini Tattici Nucleari,entry,197,51592
2026-06-06,IT,1m69ELEgE6k5ZWsap40ozt,Se Preparó,Ozuna,entry,190,52141
2026-06-06,IT,0il2Hwwf6U8haOn1rMwUak,Bam Bam Bambina,Elettra Lamborghini,entry,188,52395
2026-06-06,IT,5gTuH5Jl8PVUitsFzFslWu,Certe notti,Ligabue,entry,167,55112
2026-06-06,IT,5tGZsRaBr98La6avokHGb3,Kalashnikov,"DDM 80146, Whizy",entry,161,55799
2026-06-06,IT,3QAU2pj4LUKf7yaTgANlQV,ITALODISCO,The Kolors,entry,198,51568
2026-06-06,IT,2ceJa7d62wQ3eRBK589ALG,Gotham,"Shiva, Kid Yugi",entry,187,52405
2026-06-06,IT,0kHTkvGavvk2MjBTSUtOZx,Ricchi x Sempre,Sfera Ebbasta,entry,200,51196
2026-06-06,IT,5MJc4IVIt17xEt6angtZcq,BUIO DAVANTI,Lazza,exit,160,57582
2026-06-06,IT,4X4R6qsIicxIQIFbnDcJLO,Scarabocchi,"Olly, Juli",exit,182,55138
2026-06-06,IT,3oTuTpF1F3A7rEC6RKsMRz,Raindance,"Dave, Tems",exit,189,54176
2026-06-06,IT,5omIW7YOPhA6CULhkdz6jE,Paradiso Artificiale,"Tedua, Baby Gang, Kid Yugi",exit,187,54323
2026-06-06,IT,2DkiFEQ1ihXcYKaIRsfGFp,LEI,Marracash,exit,197,52702
2026-06-06,IT,0V5wQoMnbw7YvGjIjVVVkS,Umore marea,Bresh,exit,167,56664
2026-06-06,IT,5WssaPhjCCUFBMk9PpnHYj,Anche Stasera,Sfera Ebbasta,exit,155,58044
2026-06-06,IT,5ALOxyMNUQfAwaFTYYvoc9,Relax,Bresh,exit,130,63293
2026-06-06,IT,5eSC7faDYHxnklPjcxZjD6,BRAVI A CADERE - I polmoni,Marracash,exit,174,55853
2026-06-06,IT,7lwRULBv1wRCY4sTBHOUNy,PARTENOPE,"Merk & Kremont, Serena Brancale, The Kolors",exit,150,58780
2026-06-06,IT,5uPaqMMt59KGrdKIitDRqa,"I Knew It, I Knew You",Taylor Swift,exit,65,94625
2026-06-06,IT,1XzHasEgB7QoXXtoD3sUKY,E Allora,"G.Mineiro, Flatpearl, Succo",exit,157,57826
2026-06-06,IT,6S2MIE3XINNCiFYWshMXyV,Dopo il mare,Bresh,exit,87,79655
2026-07-13,IT,3Eh8NAQVV8b1EzgKang5ne,Diversi,Shiva,entry,196,47010
2026-07-13,IT,55lijDD6OAjLFFUHU9tcDm,WHERE IS MY HUSBAND!,RAYE,entry,174,50091
2026-07-13,IT,7dFfkSJrAHnUdKM5jaUOLt,Tristano e Isotta,Kid Yugi,entry,190,48114
2026-07-13,IT,75Y6WgUldQN8mipAVLy8KJ,Quei ricordi là,"Olly, Juli",entry,195,47190
2026-07-13,IT,4kkbhtfbTCp3JN4H7zu9ny,IL GIORNO CHE ASPETTAVO,Ultimo,entry,180,49321
2026-07-13,IT,5omIW7YOPhA6CULhkdz6jE,Paradiso Artificiale,"Tedua, Baby Gang, Kid Yugi",entry,193,47356
2026-07-13,IT,6bOwCTgqiUIEuGNdwTDpi5,CHROME HEARTS,"Astro, Nerissima Serpe",entry,176,49870
2026-07-13,IT,60a0Rd6pjrkxjPbaKzXjfq,In the End,Linkin Park,entry,192,47678
2026-07-13,IT,6MZbnl9hKMgYweTqBZdLyW,64 BARRE DI TERRORE (Red Bull 64 Bars),Kid Yugi,entry,186,48247
2026-07-13,IT,3QjM7blH1a157YfP8G33TA,RATATA,Capo Plaza,entry,163,51905
2026-07-13,IT,1rIKgCH4H52lrvDcz50hS8,Lush Life,Zara Larsson,entry,184,48621
2026-07-13,IT,7qjZnBKE73H4Oxkopwulqe,back to friends,sombr,entry,189,48187
2026-07-13,IT,5m765S50ytWrB8hfdcbQds,Gli anni (96),883,exit,145,53013
2026-07-13,IT,7oJtUqvumujVKarcXa1SPj,a me mi piace,"Alfa, Manu Chao",exit,182,48343
2026-07-13,IT,4CQNELF3U3gyNcI6sLr6yK,Guasto D'Amore,"Bresh, SHUNE",exit,192,46273
2026-07-13,IT,2tTmW7RDtMQtBk7m2rYeSw,"Quevedo: Bzrp Music Sessions, Vol. 52","Bizarrap, Quevedo",exit,190,47106
2026-07-13,IT,1CPZ5BxNNd0n0nF4Orb9JS,Golden,"HUNTR/X, EJae, AUDREY NUNA, REI AMI, KPop Demon Hunters Cast",exit,184,48175
2026-07-13,IT,311m4sWQq8MZZROimkSGF7,Ginevra,"Luchè, Geolier",exit,198,45853
2026-07-13,IT,1nLGeFQuY7PFxrou3ezEvP,Rossetto e caffè,Sal Da Vinci,exit,193,46201
2026-07-13,IT,0fea68AdmYNygeTGI4RC18,LA CANCIÓN,"J Balvin, Bad Bunny",exit,195,46061
2026-07-13,IT,41lOxc6ARYZPXpKeMWcHsD,Islanda,Pinguini Tattici Nucleari,exit,181,48423
2026-07-13,IT,7F54orEV7IMKtKG5X9Ig9y,Nord sud ovest est,883,exit,187,47529
2026-07-13,IT,4qycYIAF967ij8lKoxCyqt,Maledetta primavera,Loretta Goggi,exit,158,51426
2026-07-13,IT,69VAE3LA7jn5rGAsdflMOS,EL PIBE DE ORO,"Geolier, Poison Beatz",exit,178,48656
2026-06-28,IT,20MwAekzD46VMJP0JmjmhS,Con un deca,883,entry,191,45242
2026-06-28,IT,7nRFsITVaSHko2Fw2Gcy59,Destri,Gazzelle,entry,183,45839
2026-06-28,IT,36TnyBCBhUUSrSy1pTKasT,ANTIDROGA,"Emma, Fabri Fibra",entry,181,46077
2026-06-28,IT,1nLGeFQuY7PFxrou3ezEvP,Rossetto e caffè,Sal Da Vinci,entry,176,46689
2026-06-28,IT,6lrlFMu06aGPDH0phlCnct,Per dimenticare,Zero Assoluto,entry,161,47697
2026-06-28,IT,2YVIDa7ZPLtce3VLGNcxvv,LE RAGAZZE,"CLARA, sangiovanni",entry,192,45173
2026-06-28,IT,4Cd1cCCqG3nlf07i5A0IPH,Yakuza,"Elodie, Sfera Ebbasta, Rvssian",entry,174,46755
2026-06-28,IT,695AOnYHYnvHIMaTNKjkA5,Felicità puttana,Thegiornalisti,entry,193,45082
2026-06-28,IT,4JKX37OcxWbq2qL0eyVYs2,Parapluie,"Rhove, Madfingerz",entry,159,48460
2026-06-28,IT,1b8tFExEyHyxTzrrlQAsu4,Marmellata #25,Cesare Cremonini,entry,197,44659
2026-06-28,IT,7z3PblAN3dH1JMewiRydkZ,GIRLS,The Kid LAROI,exit,182,53228
2026-06-28,IT,6swHvavSroD4ur3Q18MjYz,Una volta ancora,"Fred De Palma, Ana Mena",exit,188,51834
2026-06-28,IT,60a0Rd6pjrkxjPbaKzXjfq,In the End,Linkin Park,exit,198,51063
2026-06-28,IT,1rIKgCH4H52lrvDcz50hS8,Lush Life,Zara Larsson,exit,174,54353
2026-06-28,IT,0D9p9lpsUkzIYbZ72Z8EyT,Aranciata,Frah Quintale,exit,189,51737
2026-06-28,IT,4JGozY7PWUikJ3qJ1Egef8,Nessun rimpianto,883,exit,192,51451
2026-06-28,IT,59D4DOkspUbWyMmbAPQkxZ,VOY A LLeVARTE PA PR,Bad Bunny,exit,177,53648
2026-06-28,IT,4z9xPVz2Sii4dhM7yhxOpj,IO T’O GIUR’,"Geolier, Sfera Ebbasta",exit,190,51726
2026-06-28,IT,1K9qAxGT4cWUicf2OezSen,VETRI NERI,"AVA, ANNA, Capo Plaza",exit,193,51374
2026-06-28,IT,3QAU2pj4LUKf7yaTgANlQV,ITALODISCO,The Kolors,exit,200,50810
2026-07-01,IT,5m765S50ytWrB8hfdcbQds,Gli anni (96),883,entry,170,50164
2026-07-01,IT,36TnyBCBhUUSrSy1pTKasT,ANTIDROGA,"Emma, Fabri Fibra",entry,126,56721
2026-07-01,IT,1b8tFExEyHyxTzrrlQAsu4,Marmellata #25,Cesare Cremonini,entry,190,47177
2026-07-01,IT,39efIaQFmERjt8U71FrJzs,L'Emozione Non Ha voce (Io Non So Parlar D'Amore),Adriano Celentano,entry,167,50541
2026-07-01,IT,4JGozY7PWUikJ3qJ1Egef8,Nessun rimpianto,883,entry,187,47309
2026-07-01,IT,4JKX37OcxWbq2qL0eyVYs2,Parapluie,"Rhove, Madfingerz",entry,186,47535
2026-07-01,IT,4hJSzUREpdDo8uhgEflbHr,Sally,Vasco Rossi,entry,188,47296
2026-07-01,IT,6XbtvPmIpyCbjuT0e8cQtp,Columbia,Quevedo,entry,198,46737
2026-07-01,IT,7EOKcZX9TRkIs0nwWbCCbD,Non è mica te,Eddie Brock,entry,140,54296
2026-07-01,IT,1K9qAxGT4cWUicf2OezSen,VETRI NERI,"AVA, ANNA, Capo Plaza",entry,197,46756
2026-07-01,IT,1vkDKchOzwZM4rXsJTdtGs,XXDONO,"Tiziano Ferro, Lazza",entry,189,47225
2026-07-01,IT,7jUJ2RmT4PFHHq4goMWqm3,Chic,Izi,entry,194,46887
2026-07-01,IT,5zVQoMHyELfcHYviXDao3I,MILANO TESTAROSSA,"Artie 5ive, Guè",entry,149,53157
2026-07-01,IT,0xEgDBXYO9gGzmxCFWKxNg,CRUDELIA - I nervi,Marracash,entry,172,49611
2026-07-01,IT,2RkZ5LkEzeHGRsmDqKwmaJ,Ordinary,Alex Warren,entry,115,60201
2026-07-01,IT,1rIKgCH4H52lrvDcz50hS8,Lush Life,Zara Larsson,exit,186,48759
2026-07-01,IT,1A1xTBtNnJ09JNINiLjdOK,ALTROVE,Ultimo,exit,191,48068
2026-07-01,IT,1VsUaDLGDWdaITdEB8BZmY,Comuni Immortali,Achille Lauro,exit,103,63189
2026-07-01,IT,4z9xPVz2Sii4dhM7yhxOpj,IO T’O GIUR’,"Geolier, Sfera Ebbasta",exit,176,50046
2026-07-01,IT,09wmUkefYD7B2IWpHP6v3P,Gilgamesh,Kid Yugi,exit,198,47192
2026-07-01,IT,4pD1Wit3m1IHA7Ixgww9b6,Una canzone d'amore,883,exit,171,50738
2026-07-01,IT,7fH13hSOyNoeiDGbjEnTUC,Brivido,"Guè, Marracash",exit,200,46590
2026-07-01,IT,5g7sDjBhZ4I3gcFIpkrLuI,Locked out of Heaven,Bruno Mars,exit,199,46918
2026-07-01,IT,0pjqXWOiT5xMh2ua6sq4dl,Così così,"Olly, Juli",exit,184,49125
2026-07-01,IT,3ip2477VESffCtFkPFT0ov,La Gozadera,"Gente De Zona, Marc Anthony",exit,173,50702
2026-07-01,IT,7ue5uvozLbamg0rjS65FeT,SEXY RAVE,"Fred De Palma, Baby Gang",exit,165,51618
2026-07-01,IT,4ObR0HIDnDfycaxGTALioH,CHE SOLE OGGI,"Geolier, Dat Boi Dee",exit,162,51899
2026-07-01,IT,5nPbKG04fhLkIAjcPFaZq7,I Adore You,"HUGEL, Topic, Arash, Daecolm",exit,194,47744
2026-07-01,IT,0fea68AdmYNygeTGI4RC18,LA CANCIÓN,"J Balvin, Bad Bunny",exit,182,49247
2026-07-01,IT,7oJtUqvumujVKarcXa1SPj,a me mi piace,"Alfa, Manu Chao",exit,179,49702
2026-07-17,IT,5WEF0icHWmAZBBMglBd599,WELTiTA,"Bad Bunny, Chuwi",entry,175,53505
2026-07-17,IT,3G7agPwWfcORnWCAGMDOpm,LA MuDANZA,Bad Bunny,entry,158,56833
2026-07-17,IT,36GrJGQRZpCi1Imsnz2NkN,PAO PAO,"Flaco G, Lubi",entry,163,55246
2026-07-17,IT,7lnA7L04Q3ELVmMoMVeFrw,BOP BOP,Artie 5ive,entry,6,216512
2026-07-17,IT,5N8XAkHlMe9g6MqVBHB4re,UN UOMO SOLO PUÒ CAMBIARE IL MONDO,"PRACI, 22simba",entry,119,64450
2026-07-17,IT,7d6yK8v8J484SWH5prIQiE,VeLDÁ,"Bad Bunny, Omar Courtz, Dei V",entry,142,59765
2026-07-17,IT,0il2Hwwf6U8haOn1rMwUak,Bam Bam Bambina,Elettra Lamborghini,entry,169,54371
2026-07-17,IT,00ZvHVUdHcZNAwxGSKTGCk,Salvador Dalì,"Marracash, Guè",entry,161,55677
2026-07-17,IT,6Ahg1hncxUdK0ICqU03BCu,Superclassico,Ernia,entry,180,53016
2026-07-17,IT,3l4KzIHsh002W3evllH3EF,Incoscienti Giovani,Achille Lauro,exit,181,50176
2026-07-17,IT,41lOxc6ARYZPXpKeMWcHsD,Islanda,Pinguini Tattici Nucleari,exit,186,49375
2026-07-17,IT,0kHTkvGavvk2MjBTSUtOZx,Ricchi x Sempre,Sfera Ebbasta,exit,192,48716
2026-07-17,IT,311m4sWQq8MZZROimkSGF7,Ginevra,"Luchè, Geolier",exit,193,48690
2026-07-17,IT,0YI32qkEhhUjoGVMGXDm8b,ANELLI E COLLANE,"Artie 5ive, ANNA",exit,197,48163
2026-07-17,IT,4ySxBjhmdnkeFUqhKxW3cY,Visiera A Becco,Sfera Ebbasta,exit,196,48327
2026-07-17,IT,6mwHTWc7bdlBsiR6s6QFGl,CUORE IN OFF,ANNA,exit,162,52964
2026-07-17,IT,3xkHsmpQCBMytMJNiDf3Ii,Beautiful Things,Benson Boone,exit,199,47897
2026-07-17,IT,1VsUaDLGDWdaITdEB8BZmY,Comuni Immortali,Achille Lauro,exit,185,49400
2026-06-14,IT,3FrbT8aqk9xHtTfQc9Z3IR,VVS CARTIER,"Sfera Ebbasta, Shiva",entry,185,46625
2026-06-14,IT,7qjZnBKE73H4Oxkopwulqe,back to friends,sombr,entry,199,45039
2026-06-14,IT,0j4gmizuiIh5k7F62XISiF,Take 6,Shiva,entry,195,45551
2026-06-14,IT,2458SfCYo5icZorTEbo1TY,Qualcosa Di Grande,Lùnapop,entry,176,47747
2026-06-14,IT,7dFfkSJrAHnUdKM5jaUOLt,Tristano e Isotta,Kid Yugi,entry,198,45511
2026-06-14,IT,21Ay8mJRYQuOMZp7qyQXl6,50 Special,Lùnapop,entry,193,45698
2026-06-14,IT,69VAE3LA7jn5rGAsdflMOS,EL PIBE DE ORO,"Geolier, Poison Beatz",entry,188,46497
2026-06-14,IT,1IkzT4wzFJRbFOmKOSqTen,EPISODIO D'AMORE,"Geolier, Takagi & Ketra, Dat Boi Dee",entry,192,45750
2026-06-14,IT,0xEgDBXYO9gGzmxCFWKxNg,CRUDELIA - I nervi,Marracash,entry,194,45675
2026-06-14,IT,0rjVRGqVuNwnGCxwBkBZXd,FELLINI,"Ernia, Kid Yugi",entry,184,46817
2026-06-14,IT,1A1xTBtNnJ09JNINiLjdOK,ALTROVE,Ultimo,entry,150,51102
2026-06-14,IT,0MLu1cFYL4ikdRTdasCQT9,M' Manc (con Geolier & Sfera Ebbasta),"Shablo, Geolier, Sfera Ebbasta",exit,182,53036
2026-06-14,IT,4QNpBfC0zvjKqPJcyqBy9W,Give Me Everything,"Pitbull, Ne-Yo, AFROJACK, Nayer",exit,199,51423
2026-06-14,IT,4vbxC18tQdekz9pOEvly2X,MARIA,"Il Ghost, Baby Gang",exit,196,51654
2026-06-14,IT,4ObR0HIDnDfycaxGTALioH,CHE SOLE OGGI,"Geolier, Dat Boi Dee",exit,193,51933
2026-06-14,IT,3w73qvCSGWPCx7w1UMIh6e,Lo So Che,Capo Plaza,exit,179,53276
2026-06-14,IT,6bN41HjY008ggroMFxNLaa,Calcolatrici,Sfera Ebbasta,exit,192,51998
2026-06-14,IT,2mdrVnxEnPR6iFijakkxQS,QLOO*,"Young Cister, Kreamly",exit,194,51816
2026-06-14,IT,5yvVYFDUpbnjcnRBgjwTzM,Dracula - JENNIE Remix,"Tame Impala, JENNIE",exit,195,51793
2026-06-14,IT,5BAJMdCQqax0oBQigQTl5h,Dove e quando,Benji & Fede,exit,184,52734
2026-06-14,IT,4xI3U4sDj1TPmO9Iz5TkYp,4K,"El Alfa, Darell, Noriel",exit,200,51330
2026-06-14,IT,6Lc0La3OwOmAouQjbID4uX,Nera,Irama,exit,189,52227
2026-06-15,IT,4WFgvKVfEhb3IUAFGrutTR,Love Me Not,Ravyn Lenae,entry,199,46518
2026-06-15,IT,2RkZ5LkEzeHGRsmDqKwmaJ,Ordinary,Alex Warren,entry,189,47344
2026-06-15,IT,6bN41HjY008ggroMFxNLaa,Calcolatrici,Sfera Ebbasta,entry,195,46773
2026-06-15,IT,1ypwNj8eK2qAMDEs4EiIIX,Miss You - Bonus Track,"Oliver Tree, Robin Schulz",entry,122,58613
2026-06-15,IT,6EGUow6OQ28at9wB2TTvyo,FaXXX,"Tedua, Latrelle",entry,193,47095
2026-06-15,IT,0eu4C55hL6x29mmeAjytzC,Life Goes On,Oliver Tree,entry,150,51865
2026-06-15,IT,3w73qvCSGWPCx7w1UMIh6e,Lo So Che,Capo Plaza,entry,200,46459
2026-06-15,IT,4vbxC18tQdekz9pOEvly2X,MARIA,"Il Ghost, Baby Gang",entry,162,50357
2026-06-15,IT,0MLu1cFYL4ikdRTdasCQT9,M' Manc (con Geolier & Sfera Ebbasta),"Shablo, Geolier, Sfera Ebbasta",entry,187,47701
2026-06-15,IT,10nZU1tAX7XepntuYDJUVO,BRATZ,"Sayf, Nerissima Serpe",entry,178,48451
2026-06-15,IT,5yvVYFDUpbnjcnRBgjwTzM,Dracula - JENNIE Remix,"Tame Impala, JENNIE",entry,190,47286
2026-06-15,IT,5T7ywazdGIydr6JCW6t02j,Smooth Criminal - 2012 Remaster,Michael Jackson,exit,183,46835
2026-06-15,IT,4Js31maTathTS2flQOQr2c,Fragole,"Achille Lauro, Rose Villain",exit,171,48142
2026-06-15,IT,2Q4Z2js0C6DDUVc7GuLGdF,SESSO E SAMBA,"Tony Effe, Gaia",exit,163,48936
2026-06-15,IT,7LSBkEm5LQSkhe6yqqqBPs,Buon Viaggio (Share The Love),Cesare Cremonini,exit,180,47360
2026-06-15,IT,1IkzT4wzFJRbFOmKOSqTen,EPISODIO D'AMORE,"Geolier, Takagi & Ketra, Dat Boi Dee",exit,192,45750
2026-06-15,IT,0bKDQionn4VKcgNKbs4SWX,Pastello Bianco,Pinguini Tattici Nucleari,exit,181,47332
2026-06-15,IT,5M8Z823Sb2BhMpecHksN0T,ANEMA E CORE,Serena Brancale,exit,197,45541
2026-06-15,IT,4pD1Wit3m1IHA7Ixgww9b6,Una canzone d'amore,883,exit,158,49373
2026-06-15,IT,3qBtltssunsFuzn6DxXI0b,Margarita (con Marracash),"Elodie, Marracash",exit,189,46392
2026-06-15,IT,2458SfCYo5icZorTEbo1TY,Qualcosa Di Grande,Lùnapop,exit,176,47747
2026-06-15,IT,21Ay8mJRYQuOMZp7qyQXl6,50 Special,Lùnapop,exit,193,45698
2026-07-19,IT,05wb6MEyJeG2z1MVCIXxC8,15 Piani,Sfera Ebbasta,entry,177,44318
2026-07-19,IT,1QPjHLJWBXvE5Ymck4wtfW,La Cuarta Estrella (Versión Hinchada),PALMITO,entry,174,44527
2026-07-19,IT,2wAmparvQdtQemzY9I8PKv,Y Que Fue?,Don Miguelo,entry,137,49491
2026-07-19,IT,7jUJ2RmT4PFHHq4goMWqm3,Chic,Izi,entry,175,44379
2026-07-19,IT,07qo9gnLM488CUr0EtgIA1,Poetica,Cesare Cremonini,entry,168,45672
2026-07-19,IT,6Ahg1hncxUdK0ICqU03BCu,Superclassico,Ernia,entry,173,44642
2026-07-19,IT,6sLBJkMyZIkGevtpYgeotT,Piccola Stella,Ultimo,entry,195,43083
2026-07-19,IT,6GLmGfALwjzCaOiHwgfU7g,Ti dedico il silenzio,Ultimo,entry,190,43396
2026-07-19,IT,3oyJa5AEBL1gS3ALTo0rWg,Tu cosa fai questa sera,"Noemi, Vito Salamanca",entry,198,42759
2026-07-19,IT,3Eh8NAQVV8b1EzgKang5ne,Diversi,Shiva,entry,187,43829
2026-07-19,IT,4Cd1cCCqG3nlf07i5A0IPH,Yakuza,"Elodie, Sfera Ebbasta, Rvssian",entry,181,44202
2026-07-19,IT,4ySxBjhmdnkeFUqhKxW3cY,Visiera A Becco,Sfera Ebbasta,entry,178,44316
2026-07-19,IT,5nEdwtSv0qqeE0l4o1lR4q,(When You Gonna) Give It Up to Me,"Sean Paul, Keyshia Cole",exit,184,51724
2026-07-19,IT,6mwHTWc7bdlBsiR6s6QFGl,CUORE IN OFF,ANNA,exit,200,49676
2026-07-19,IT,3Ip1sc72P5uz8BUB9kb4QQ,POR TI,"Yapi, SOUNDPLUG",exit,192,50153
2026-07-19,IT,5nPbKG04fhLkIAjcPFaZq7,I Adore You,"HUGEL, Topic, Arash, Daecolm",exit,199,49702
2026-07-19,IT,6bN41HjY008ggroMFxNLaa,Calcolatrici,Sfera Ebbasta,exit,194,49992
2026-07-19,IT,6lrlFMu06aGPDH0phlCnct,Per dimenticare,Zero Assoluto,exit,198,49772
2026-07-19,IT,2TH65lNHgvLxCKXM3apjxI,Callaita,"Bad Bunny, Tainy",exit,183,51780
2026-07-19,IT,093RgZ7RXHZwIrxZhZYX4Q,Tesla,"Capo Plaza, Sfera Ebbasta, DrefGold",exit,197,49775
2026-07-19,IT,0SqqAgdovOE24BzxIClpjw,Yo Perreo Sola,Bad Bunny,exit,148,57721
2026-07-19,IT,7lLSzMu2EKwIJ4co0sJSEe,PARLAR D’AMORE,"Sayf, Bresh",exit,179,52570
2026-07-19,IT,0bKDQionn4VKcgNKbs4SWX,Pastello Bianco,Pinguini Tattici Nucleari,exit,195,49862
2026-07-19,IT,311m4sWQq8MZZROimkSGF7,Ginevra,"Luchè, Geolier",exit,188,50723
2026-07-05,IT,6lrlFMu06aGPDH0phlCnct,Per dimenticare,Zero Assoluto,entry,175,47937
2026-07-05,IT,4JGozY7PWUikJ3qJ1Egef8,Nessun rimpianto,883,entry,183,47357
2026-07-05,IT,3Eh8NAQVV8b1EzgKang5ne,Diversi,Shiva,entry,192,46486
2026-07-05,IT,2w5wtWq30yTkNSG9YjMFvW,Pianeti,Ultimo,entry,69,74436
2026-07-05,IT,4HDX2Orm48gaWCyg9F5ZAs,BELLA DAVVERO,Ultimo,entry,152,51180
2026-07-05,IT,1jhHPnmgZepKU8qX4VhRZ0,Rondini Al Guinzaglio,Ultimo,entry,146,52259
2026-07-05,IT,4Js31maTathTS2flQOQr2c,Fragole,"Achille Lauro, Rose Villain",entry,199,45468
2026-07-05,IT,0OHD6Ask31KqVqxge0OwlG,Vieni nel mio cuore,Ultimo,entry,107,59995
2026-07-05,IT,05G7GqOjkYKObUWFDownVV,Quel filo che ci unisce,Ultimo,entry,114,58011
2026-07-05,IT,20MwAekzD46VMJP0JmjmhS,Con un deca,883,entry,164,49025
2026-07-05,IT,381VH1JFj9q08V1OMlPU5m,Le luci della città,Coez,entry,195,45929
2026-07-05,IT,6swHvavSroD4ur3Q18MjYz,Una volta ancora,"Fred De Palma, Ana Mena",entry,163,49030
2026-07-05,IT,4vTsKN15Kqo3Geo9r7FhAN,Movin' To The Sun,"HUGEL, Imael Angel, Ultra Naté",entry,79,69202
2026-07-05,IT,0NwuXciw6eQc4edjwSBnV3,Non Abbiamo Età,Luchè,entry,188,46850
2026-07-05,IT,1rIKgCH4H52lrvDcz50hS8,Lush Life,Zara Larsson,exit,182,52710
2026-07-05,IT,75Y6WgUldQN8mipAVLy8KJ,Quei ricordi là,"Olly, Juli",exit,164,55418
2026-07-05,IT,7z3PblAN3dH1JMewiRydkZ,GIRLS,The Kid LAROI,exit,190,51693
2026-07-05,IT,1m69ELEgE6k5ZWsap40ozt,Se Preparó,Ozuna,exit,196,51316
2026-07-05,IT,3mqxRagFK2tlhXQC8tHnuC,Agitare coca cola,Tommaso Paradiso,exit,200,51134
2026-07-05,IT,1VsUaDLGDWdaITdEB8BZmY,Comuni Immortali,Achille Lauro,exit,197,51257
2026-07-05,IT,6MZbnl9hKMgYweTqBZdLyW,64 BARRE DI TERRORE (Red Bull 64 Bars),Kid Yugi,exit,175,53668
2026-07-05,IT,6Lc0La3OwOmAouQjbID4uX,Nera,Irama,exit,199,51162
2026-07-05,IT,0pjqXWOiT5xMh2ua6sq4dl,Così così,"Olly, Juli",exit,195,51440
2026-07-05,IT,25DgjoTlKK8KjstM4cZ8L2,Movin' To The Sun,"HUGEL, Imael Angel, Ultra Naté",exit,67,83253
2026-07-05,IT,1QcmAp6Ev2HuYxKujUwnw0,il filo rosso,Alfa,exit,194,51605
2026-07-05,IT,59D4DOkspUbWyMmbAPQkxZ,VOY A LLeVARTE PA PR,Bad Bunny,exit,193,51615
2026-07-05,IT,6kfLv8uKJNS5DfodQAzpco,Blue,Tedua,exit,188,52256
2026-07-05,IT,0fea68AdmYNygeTGI4RC18,LA CANCIÓN,"J Balvin, Bad Bunny",exit,191,51681
2026-06-02,IT,2QjOHCTQ1Jl3zawyYOpxh6,Sweater Weather,The Neighbourhood,entry,195,44416
2026-06-02,IT,4WFgvKVfEhb3IUAFGrutTR,Love Me Not,Ravyn Lenae,entry,191,45051
2026-06-02,IT,6bN41HjY008ggroMFxNLaa,Calcolatrici,Sfera Ebbasta,entry,198,44076
2026-06-02,IT,311m4sWQq8MZZROimkSGF7,Ginevra,"Luchè, Geolier",entry,189,45170
2026-06-02,IT,2SvXqxiG2ntfkEWvuABT7u,Il mio canto libero,Lucio Battisti,entry,199,44062
2026-06-02,IT,1mea3bSkSGXuIRvnydlB5b,Viva La Vida,Coldplay,entry,183,45816
2026-06-02,IT,4Js31maTathTS2flQOQr2c,Fragole,"Achille Lauro, Rose Villain",entry,196,44372
2026-06-02,IT,695AOnYHYnvHIMaTNKjkA5,Felicità puttana,Thegiornalisti,entry,193,44586
2026-06-02,IT,1QcmAp6Ev2HuYxKujUwnw0,il filo rosso,Alfa,entry,185,45663
2026-06-02,IT,4CQNELF3U3gyNcI6sLr6yK,Guasto D'Amore,"Bresh, SHUNE",entry,184,45815
2026-06-02,IT,5gTuH5Jl8PVUitsFzFslWu,Certe notti,Ligabue,entry,160,48692
2026-06-02,IT,0D9p9lpsUkzIYbZ72Z8EyT,Aranciata,Frah Quintale,exit,192,47853
2026-06-02,IT,4xI3U4sDj1TPmO9Iz5TkYp,4K,"El Alfa, Darell, Noriel",exit,188,48050
2026-06-02,IT,3qBtltssunsFuzn6DxXI0b,Margarita (con Marracash),"Elodie, Marracash",exit,184,48845
2026-06-02,IT,3IvxmTprJJTfr0M4dwSTpP,ROMANZO CRIMINALE,"Yunes LaGrintaa, Kassimi, Nabi, Néza, Lucifer",exit,168,51202
2026-06-02,IT,7fH13hSOyNoeiDGbjEnTUC,Brivido,"Guè, Marracash",exit,189,48048
2026-06-02,IT,4QNpBfC0zvjKqPJcyqBy9W,Give Me Everything,"Pitbull, Ne-Yo, AFROJACK, Nayer",exit,197,47345
2026-06-02,IT,0P45YtqtAT6AkNDDX1lySE,COOOK PARDON,"Lvbel C5, AKDO",exit,200,47033
2026-06-02,IT,2mdrVnxEnPR6iFijakkxQS,QLOO*,"Young Cister, Kreamly",exit,187,48375
2026-06-02,IT,1yDx5sCkmpCX0NZ3ilC1UE,Bacio di Giuda,"Shiva, Tiziano Ferro",exit,179,49146
2026-06-02,IT,4X4R6qsIicxIQIFbnDcJLO,Scarabocchi,"Olly, Juli",exit,199,47133
2026-06-02,IT,4haEJXWUw7uyrHBBvJGool,YAMAL,Le-one,exit,191,47955
2026-06-26,IT,5EtlojWtD8y7pnoDb80JwP,081,Geolier,entry,170,55777
2026-06-26,IT,36TnyBCBhUUSrSy1pTKasT,ANTIDROGA,"Emma, Fabri Fibra",entry,107,69333
2026-06-26,IT,311m4sWQq8MZZROimkSGF7,Ginevra,"Luchè, Geolier",entry,168,56248
2026-06-26,IT,6DfdaRmIddhoXWX20DWBYy,NAPOLETANA,Niky Savage,entry,185,53896
2026-06-26,IT,3FrbT8aqk9xHtTfQc9Z3IR,VVS CARTIER,"Sfera Ebbasta, Shiva",entry,188,53471
2026-06-26,IT,2Q4Z2js0C6DDUVc7GuLGdF,SESSO E SAMBA,"Tony Effe, Gaia",entry,181,54120
2026-06-26,IT,4JKX37OcxWbq2qL0eyVYs2,Parapluie,"Rhove, Madfingerz",entry,113,68129
2026-06-26,IT,1CPZ5BxNNd0n0nF4Orb9JS,Golden,"HUNTR/X, EJae, AUDREY NUNA, REI AMI, KPop Demon Hunters Cast",entry,189,53367
2026-06-26,IT,60a0Rd6pjrkxjPbaKzXjfq,In the End,Linkin Park,entry,184,53968
2026-06-26,IT,1IkzT4wzFJRbFOmKOSqTen,EPISODIO D'AMORE,"Geolier, Takagi & Ketra, Dat Boi Dee",entry,187,53714
2026-06-26,IT,4MzXwWMhyBbmu6hOcLVD49,DÁKITI,"Bad Bunny, JHAYCO",entry,194,52778
2026-06-26,IT,5nPbKG04fhLkIAjcPFaZq7,I Adore You,"HUGEL, Topic, Arash, Daecolm",entry,195,52733
2026-06-26,IT,3qBtltssunsFuzn6DxXI0b,Margarita (con Marracash),"Elodie, Marracash",exit,197,47824
2026-06-26,IT,5HVFs7yWSDpUJoFHNdyEb3,Scendo E Cerco Un’Altra,"G.Mineiro, Flatpearl, Succo",exit,177,49564
2026-06-26,IT,4hJSzUREpdDo8uhgEflbHr,Sally,Vasco Rossi,exit,171,50319
2026-06-26,IT,1A1xTBtNnJ09JNINiLjdOK,ALTROVE,Ultimo,exit,175,49738
2026-06-26,IT,1vkDKchOzwZM4rXsJTdtGs,XXDONO,"Tiziano Ferro, Lazza",exit,187,48785
2026-06-26,IT,1nLGeFQuY7PFxrou3ezEvP,Rossetto e caffè,Sal Da Vinci,exit,199,47658
2026-06-26,IT,3oyJa5AEBL1gS3ALTo0rWg,Tu cosa fai questa sera,"Noemi, Vito Salamanca",exit,200,47395
2026-06-26,IT,20MwAekzD46VMJP0JmjmhS,Con un deca,883,exit,190,48419
2026-06-26,IT,4pD1Wit3m1IHA7Ixgww9b6,Una canzone d'amore,883,exit,160,52347
2026-06-26,IT,6ErRedGqcOC4HmUEfUneiY,Dio Esiste,Shiva,exit,189,48682
2026-06-26,IT,09wmUkefYD7B2IWpHP6v3P,Gilgamesh,Kid Yugi,exit,193,48120
2026-06-26,IT,2pULqfE2k1DHr24dtJwMRh,ADRENALINA,"Samurai Jay, Vito Salamanca",exit,192,48124
2026-06-21,IT,7nRFsITVaSHko2Fw2Gcy59,Destri,Gazzelle,entry,184,47246
2026-06-21,IT,41lOxc6ARYZPXpKeMWcHsD,Islanda,Pinguini Tattici Nucleari,entry,195,46180
2026-06-21,IT,3lFI8rgdb6ScFGyxin4Dh7,Coscienza,Shiva,entry,200,45392
2026-06-21,IT,5WssaPhjCCUFBMk9PpnHYj,Anche Stasera,Sfera Ebbasta,entry,191,46471
2026-06-21,IT,0O5KcmgOeEgublW6ySQ6Vc,Amelie,Kid Yugi,entry,171,48728
2026-06-21,IT,0rjVRGqVuNwnGCxwBkBZXd,FELLINI,"Ernia, Kid Yugi",entry,194,46187
2026-06-21,IT,3qBtltssunsFuzn6DxXI0b,Margarita (con Marracash),"Elodie, Marracash",entry,166,49398
2026-06-21,IT,6ErRedGqcOC4HmUEfUneiY,Dio Esiste,Shiva,entry,197,45915
2026-06-21,IT,0il2Hwwf6U8haOn1rMwUak,Bam Bam Bambina,Elettra Lamborghini,entry,198,45765
2026-06-21,IT,1A1xTBtNnJ09JNINiLjdOK,ALTROVE,Ultimo,exit,185,53121
2026-06-21,IT,3ZFTkvIE7kyPt6Nu3PEa7V,Hips Don't Lie,"Shakira, Wyclef Jean",exit,192,52709
2026-06-21,IT,1QcmAp6Ev2HuYxKujUwnw0,il filo rosso,Alfa,exit,195,52014
2026-06-21,IT,4b4Dg5WN3jNjTE2I9XkUsY,È festa,"Olly, Juli",exit,198,51707
2026-06-21,IT,6swHvavSroD4ur3Q18MjYz,Una volta ancora,"Fred De Palma, Ana Mena",exit,189,52949
2026-06-21,IT,1vkDKchOzwZM4rXsJTdtGs,XXDONO,"Tiziano Ferro, Lazza",exit,191,52763
2026-06-21,IT,4Js31maTathTS2flQOQr2c,Fragole,"Achille Lauro, Rose Villain",exit,182,53930
2026-06-21,IT,46eu3SBuFCXWsPT39Yg3tJ,Don't Stop 'Til You Get Enough - Single Version,Michael Jackson,exit,190,52909
2026-06-21,IT,3w73qvCSGWPCx7w1UMIh6e,Lo So Che,Capo Plaza,exit,157,58855
2026-07-15,IT,0xEgDBXYO9gGzmxCFWKxNg,CRUDELIA - I nervi,Marracash,entry,191,46936
2026-07-15,IT,4vF4VnzL47EVsZZEVsEfbF,VACCI PIANO,"Emma, Rkomi",entry,153,52096
2026-07-15,IT,3l4KzIHsh002W3evllH3EF,Incoscienti Giovani,Achille Lauro,entry,194,46611
2026-07-15,IT,5MJc4IVIt17xEt6angtZcq,BUIO DAVANTI,Lazza,entry,178,48176
2026-07-15,IT,3w73qvCSGWPCx7w1UMIh6e,Lo So Che,Capo Plaza,entry,199,46421
2026-07-15,IT,7BqBn9nzAq8spo5e7cZ0dJ,Just the Way You Are,Bruno Mars,entry,190,46965
2026-07-15,IT,7ue5uvozLbamg0rjS65FeT,SEXY RAVE,"Fred De Palma, Baby Gang",entry,183,47926
2026-07-15,IT,1VsUaDLGDWdaITdEB8BZmY,Comuni Immortali,Achille Lauro,entry,180,48097
2026-07-15,IT,4kkbhtfbTCp3JN4H7zu9ny,IL GIORNO CHE ASPETTAVO,Ultimo,entry,200,46392
2026-07-15,IT,69VAE3LA7jn5rGAsdflMOS,EL PIBE DE ORO,"Geolier, Poison Beatz",entry,171,49265
2026-07-15,IT,4WFgvKVfEhb3IUAFGrutTR,Love Me Not,Ravyn Lenae,entry,181,48096
2026-07-15,IT,1K9qAxGT4cWUicf2OezSen,VETRI NERI,"AVA, ANNA, Capo Plaza",entry,172,49206
2026-07-15,IT,7lLSzMu2EKwIJ4co0sJSEe,PARLAR D’AMORE,"Sayf, Bresh",entry,189,47180
2026-07-15,IT,0YI32qkEhhUjoGVMGXDm8b,ANELLI E COLLANE,"Artie 5ive, ANNA",entry,197,46501
2026-07-15,IT,093RgZ7RXHZwIrxZhZYX4Q,Tesla,"Capo Plaza, Sfera Ebbasta, DrefGold",exit,189,48181
2026-07-15,IT,0il2Hwwf6U8haOn1rMwUak,Bam Bam Bambina,Elettra Lamborghini,exit,190,47983
2026-07-15,IT,20MwAekzD46VMJP0JmjmhS,Con un deca,883,exit,192,47618
2026-07-15,IT,7dFfkSJrAHnUdKM5jaUOLt,Tristano e Isotta,Kid Yugi,exit,200,46934
2026-07-15,IT,3bFUhrjNmC3179e2R5lqjp,VELENO,ANNA,exit,198,47111
2026-07-15,IT,3FrbT8aqk9xHtTfQc9Z3IR,VVS CARTIER,"Sfera Ebbasta, Shiva",exit,183,49086
2026-07-15,IT,6sLBJkMyZIkGevtpYgeotT,Piccola Stella,Ultimo,exit,151,53612
2026-07-15,IT,00ZvHVUdHcZNAwxGSKTGCk,Salvador Dalì,"Marracash, Guè",exit,162,51449
2026-07-15,IT,4CQNELF3U3gyNcI6sLr6yK,Guasto D'Amore,"Bresh, SHUNE",exit,199,46991
2026-07-15,IT,2a1o6ZejUi8U3wzzOtCOYw,Danza Kuduro,"Don Omar, Lucenzo",exit,181,49269
2026-07-15,IT,75Y6WgUldQN8mipAVLy8KJ,Quei ricordi là,"Olly, Juli",exit,193,47515
2026-07-15,IT,4X4R6qsIicxIQIFbnDcJLO,Scarabocchi,"Olly, Juli",exit,180,49329
2026-07-15,IT,19DHPlTC2gx1j4jrFzNbwL,30ºC,ANNA,exit,176,49823
2026-07-15,IT,1XzHasEgB7QoXXtoD3sUKY,E Allora,"G.Mineiro, Flatpearl, Succo",exit,175,50257
2026-06-04,IT,347HJzwbn0cmrxJUmAXj5c,MAI PER SEMPRE,"Geolier, Dardust",entry,158,53958
2026-06-04,IT,1ljOXO8cgSa8qntDVlP9uu,Bullet Ballet,"Kid Yugi, Artie 5ive",entry,195,48962
2026-06-04,IT,3I9z79CW67VLa4wCH3dkhQ,AUTORITÀ,Geolier,entry,1,398465
2026-06-04,IT,5HVFs7yWSDpUJoFHNdyEb3,Scendo E Cerco Un’Altra,"G.Mineiro, Flatpearl, Succo",entry,144,55494
2026-06-04,IT,4qycYIAF967ij8lKoxCyqt,Maledetta primavera,Loretta Goggi,entry,199,48548
2026-06-04,IT,1K9qAxGT4cWUicf2OezSen,VETRI NERI,"AVA, ANNA, Capo Plaza",entry,186,50225
2026-06-04,IT,5W5lGzvUR9jWQ7kyz9rr4T,TUTTO È POSSIBILE,"Geolier, Pino Daniele",entry,177,51029
2026-06-04,IT,1Xm2e1vDwOMeJJioWuG1s7,Soldi in Nero,"Shiva, Sfera Ebbasta",entry,189,49858
2026-06-04,IT,05wb6MEyJeG2z1MVCIXxC8,15 Piani,Sfera Ebbasta,entry,198,48762
2026-06-04,IT,1bXER40RxwNWTf9fnQOY64,Prima che,nayt,entry,200,48453
2026-06-04,IT,60a0Rd6pjrkxjPbaKzXjfq,In the End,Linkin Park,entry,197,48836
2026-06-04,IT,0D3QZNAMH2d5MFkVlebo6h,Non lo Sai,Shiva,exit,195,46939
2026-06-04,IT,41lOxc6ARYZPXpKeMWcHsD,Islanda,Pinguini Tattici Nucleari,exit,187,47859
2026-06-04,IT,0bKDQionn4VKcgNKbs4SWX,Pastello Bianco,Pinguini Tattici Nucleari,exit,200,46565
2026-06-04,IT,2jG4lgrHeFXjRpvl3Cv29E,Uno+Gangsta,"Tedua, Nerissima Serpe",exit,199,46580
2026-06-04,IT,0gkV0FyCdrJqwyrFW7NsEQ,Come mai,883,exit,131,56335
2026-06-04,IT,5BAJMdCQqax0oBQigQTl5h,Dove e quando,Benji & Fede,exit,161,52033
2026-06-04,IT,0qFzTGufPnqkI4GrAwXCg1,Scendo E Cerco Un’Altra,"G.Mineiro, Flatpearl, Succo",exit,159,52240
2026-06-04,IT,0il2Hwwf6U8haOn1rMwUak,Bam Bam Bambina,Elettra Lamborghini,exit,198,46711
2026-06-04,IT,4gYOPsRynx7hXQm5q47o04,La violenza Necessaria,"Kid Yugi, Shiva",exit,194,46968
2026-06-04,IT,6xyco3qjTY4RjPpYFOy7Uj,Ryan Ted Freestyle,Tedua,exit,191,47233
2026-06-04,IT,4UFP9J6zLvb6rnkXByjYtH,ANCELOTTI,Astro,exit,180,48917
2026-06-13,IT,5M8Z823Sb2BhMpecHksN0T,ANEMA E CORE,Serena Brancale,entry,191,52159
2026-06-13,IT,6Lc0La3OwOmAouQjbID4uX,Nera,Irama,entry,189,52227
2026-06-13,IT,2mdrVnxEnPR6iFijakkxQS,QLOO*,"Young Cister, Kreamly",entry,194,51816
2026-06-13,IT,4hJSzUREpdDo8uhgEflbHr,Sally,Vasco Rossi,entry,130,64125
2026-06-13,IT,4Js31maTathTS2flQOQr2c,Fragole,"Achille Lauro, Rose Villain",entry,165,56609
2026-06-13,IT,0O5KcmgOeEgublW6ySQ6Vc,Amelie,Kid Yugi,entry,197,51646
2026-06-13,IT,347HJzwbn0cmrxJUmAXj5c,MAI PER SEMPRE,"Geolier, Dardust",entry,185,52707
2026-06-13,IT,4xI3U4sDj1TPmO9Iz5TkYp,4K,"El Alfa, Darell, Noriel",entry,200,51330
2026-06-13,IT,311m4sWQq8MZZROimkSGF7,Ginevra,"Luchè, Geolier",entry,183,52915
2026-06-13,IT,0RYqzVMfEjbDr1CTL7fta5,L'universo tranne noi,Max Pezzali,entry,190,52180
2026-06-13,IT,5MJc4IVIt17xEt6angtZcq,BUIO DAVANTI,Lazza,entry,181,53109
2026-06-13,IT,4ObR0HIDnDfycaxGTALioH,CHE SOLE OGGI,"Geolier, Dat Boi Dee",entry,193,51933
2026-06-13,IT,2Q4Z2js0C6DDUVc7GuLGdF,SESSO E SAMBA,"Tony Effe, Gaia",entry,176,53426
2026-06-13,IT,7kktKNHgINrBczPUGoG38p,Bang Bang,Sfera Ebbasta,entry,175,53752
2026-06-13,IT,4QNpBfC0zvjKqPJcyqBy9W,Give Me Everything,"Pitbull, Ne-Yo, AFROJACK, Nayer",entry,199,51423
2026-06-13,IT,5WssaPhjCCUFBMk9PpnHYj,Anche Stasera,Sfera Ebbasta,entry,186,52663
2026-06-13,IT,0bKDQionn4VKcgNKbs4SWX,Pastello Bianco,Pinguini Tattici Nucleari,entry,198,51579
2026-06-13,IT,5W5lGzvUR9jWQ7kyz9rr4T,TUTTO È POSSIBILE,"Geolier, Pino Daniele",entry,180,53209
2026-06-13,IT,5yvVYFDUpbnjcnRBgjwTzM,Dracula - JENNIE Remix,"Tame Impala, JENNIE",entry,195,51793
2026-06-13,IT,5BAJMdCQqax0oBQigQTl5h,Dove e quando,Benji & Fede,entry,184,52734
2026-06-13,IT,0MLu1cFYL4ikdRTdasCQT9,M' Manc (con Geolier & Sfera Ebbasta),"Shablo, Geolier, Sfera Ebbasta",entry,182,53036
2026-06-13,IT,3qBtltssunsFuzn6DxXI0b,Margarita (con Marracash),"Elodie, Marracash",entry,172,54056
2026-06-13,IT,0NwuXciw6eQc4edjwSBnV3,Non Abbiamo Età,Luchè,entry,188,52509
2026-06-13,IT,4Cd1cCCqG3nlf07i5A0IPH,Yakuza,"Elodie, Sfera Ebbasta, Rvssian",entry,171,54360
2026-06-13,IT,5wpNF7XLTW4gLyU0NjVOL8,Bottiglie Vuote,"Pinguini Tattici Nucleari, Max Pezzali",entry,144,61157
2026-06-13,IT,6bN41HjY008ggroMFxNLaa,Calcolatrici,Sfera Ebbasta,entry,192,51998
2026-06-13,IT,5XOhmBwIBhaj5jg2ZIvRMI,A NAPOLI NON PIOVE,Geolier,entry,173,53937
2026-06-13,IT,72cZH5WkVaC46FPMmZvEcm,COLPA MIA,Astro,exit,166,58382
2026-06-13,IT,16xRAbH0vI3iKvDEhWQ4ZO,less,Olivia Rodrigo,exit,132,66247
2026-06-13,IT,4GxajvmEhUPqhBfWd96vc6,VAMONOS,"Astro, Ghali",exit,99,76580
2026-06-13,IT,2pSURRoZPhpgjFGpVdcj9q,MXP MIA,"Astro, Sayf",exit,179,56410
2026-06-13,IT,7K6caTVssUphoNByyqnb75,I NOSTRI ANNI BELLISSIMI,Astro,exit,150,62047
2026-06-13,IT,6jfiwkcwt8iYCdkbLukxeI,maggots for brains,Olivia Rodrigo,exit,97,76723
2026-06-13,IT,0e4u0sFRGxHL4U2iFBrUvZ,cigarette smoke,Olivia Rodrigo,exit,188,55250
2026-06-13,IT,4bkClAuofJULiaIZsuL3gT,expectations,Olivia Rodrigo,exit,159,60325
2026-06-13,IT,4VgCoWwGOglwXOTaCqszXV,WAR,Astro,exit,146,62968
2026-06-13,IT,0j4gmizuiIh5k7F62XISiF,Take 6,Shiva,exit,185,55578
2026-06-13,IT,4UFP9J6zLvb6rnkXByjYtH,ANCELOTTI,Astro,exit,142,63494
2026-06-13,IT,5Ndn1irZG8l6xpcLMGeNvc,purple,Olivia Rodrigo,exit,149,62226
2026-06-13,IT,1K9qAxGT4cWUicf2OezSen,VETRI NERI,"AVA, ANNA, Capo Plaza",exit,191,54754
2026-06-13,IT,2e3YJ6Hm8tR5L5Zy8HzOtv,what’s wrong with me,"Olivia Rodrigo, Robert Smith",exit,115,71912
2026-06-13,IT,10nZU1tAX7XepntuYDJUVO,BRATZ,"Sayf, Nerissima Serpe",exit,181,55862
2026-06-13,IT,0rjVRGqVuNwnGCxwBkBZXd,FELLINI,"Ernia, Kid Yugi",exit,183,55658
2026-06-13,IT,6H6pT8Q0JOl3v3DweLGONt,SCARAFAGGI,"Noyz Narcos, Sine, Danno",exit,141,63715
2026-06-13,IT,4X4R6qsIicxIQIFbnDcJLO,Scarabocchi,"Olly, Juli",exit,197,54080
2026-06-13,IT,2RkZ5LkEzeHGRsmDqKwmaJ,Ordinary,Alex Warren,exit,200,53823
2026-06-13,IT,2duvkmcQAezPigFEGlERuA,begged,Olivia Rodrigo,exit,134,65290
2026-06-13,IT,6Hdc3IQeyCxG5d14uAcwQW,u + me = <3,Olivia Rodrigo,exit,112,72722
2026-06-13,IT,4Ilw2lD6z4WBqh65vUUZUf,my way,Olivia Rodrigo,exit,109,73295
2026-06-13,IT,0xEgDBXYO9gGzmxCFWKxNg,CRUDELIA - I nervi,Marracash,exit,177,56748
2026-06-13,IT,1A1xTBtNnJ09JNINiLjdOK,ALTROVE,Ultimo,exit,199,53872
2026-06-13,IT,6EGUow6OQ28at9wB2TTvyo,FaXXX,"Tedua, Latrelle",exit,196,54193
2026-06-13,IT,2Cd9iWfcOpGDHLz6tVA3G4,Waka Waka (This Time for Africa) [The Official 2010 FIFA World Cup (TM) Song],"Shakira, Freshlyground",exit,160,60188
2026-06-13,IT,7qjZnBKE73H4Oxkopwulqe,back to friends,sombr,exit,176,56890
2026-07-09,IT,0OMRAvrtLWE2TvcXorRiB9,La Gozadera,"Gente De Zona, Marc Anthony",entry,172,52770
2026-07-09,IT,4TQmmasocRmAr8QC0Uchsf,Bottiglie Privè,Sfera Ebbasta,entry,176,52494
2026-07-09,IT,1jhHPnmgZepKU8qX4VhRZ0,Rondini Al Guinzaglio,Ultimo,entry,197,50401
2026-07-09,IT,0O5KcmgOeEgublW6ySQ6Vc,Amelie,Kid Yugi,entry,188,51233
2026-07-09,IT,3FrbT8aqk9xHtTfQc9Z3IR,VVS CARTIER,"Sfera Ebbasta, Shiva",entry,180,51688
2026-07-09,IT,2a1o6ZejUi8U3wzzOtCOYw,Danza Kuduro,"Don Omar, Lucenzo",entry,199,50395
2026-07-09,IT,19DHPlTC2gx1j4jrFzNbwL,30ºC,ANNA,entry,184,51326
2026-07-09,IT,5Z0Mx6SeUAFA2rgZB9t1Nu,Serpenti A Sonagli,Sfera Ebbasta,entry,166,54104
2026-07-09,IT,41lOxc6ARYZPXpKeMWcHsD,Islanda,Pinguini Tattici Nucleari,entry,193,50753
2026-07-09,IT,7wuJGgpTNzbUyn26IOY6rj,Total Eclipse of the Heart,Bonnie Tyler,entry,168,53652
2026-07-09,IT,7oJtUqvumujVKarcXa1SPj,a me mi piace,"Alfa, Manu Chao",exit,198,49343
2026-07-09,IT,3ip2477VESffCtFkPFT0ov,La Gozadera,"Gente De Zona, Marc Anthony",exit,191,49901
2026-07-09,IT,5m765S50ytWrB8hfdcbQds,Gli anni (96),883,exit,199,49099
2026-07-09,IT,60a0Rd6pjrkxjPbaKzXjfq,In the End,Linkin Park,exit,186,50294
2026-07-09,IT,5omIW7YOPhA6CULhkdz6jE,Paradiso Artificiale,"Tedua, Baby Gang, Kid Yugi",exit,173,51517
2026-07-09,IT,3d56FH7ZlHf9tjojZSwv8U,WHITE GIRL WASTED,ANNA,exit,9,187046
2026-07-09,IT,00ZvHVUdHcZNAwxGSKTGCk,Salvador Dalì,"Marracash, Guè",exit,197,49392
2026-07-09,IT,3w73qvCSGWPCx7w1UMIh6e,Lo So Che,Capo Plaza,exit,196,49467
2026-07-09,IT,5tY8rR8cdFsQdBauMGB7nz,DONNE RICCHE - Acoustic Version,TonyPitony,exit,194,49577
2026-07-09,IT,10MzYKMwqyVIg08RuG344S,"Labubu (From the Netflix Rap Show ""Nuova Scena"")","Flextony, Tigerplug, Nuova Scena",exit,185,50296
2026-07-08,IT,4CQNELF3U3gyNcI6sLr6yK,Guasto D'Amore,"Bresh, SHUNE",entry,193,49613
2026-07-08,IT,4pD1Wit3m1IHA7Ixgww9b6,Una canzone d'amore,883,entry,175,51389
2026-07-08,IT,5tY8rR8cdFsQdBauMGB7nz,DONNE RICCHE - Acoustic Version,TonyPitony,entry,194,49577
2026-07-08,IT,05wb6MEyJeG2z1MVCIXxC8,15 Piani,Sfera Ebbasta,entry,114,62961
2026-07-08,IT,0kHTkvGavvk2MjBTSUtOZx,Ricchi x Sempre,Sfera Ebbasta,entry,155,54479
2026-07-08,IT,20MwAekzD46VMJP0JmjmhS,Con un deca,883,entry,164,52920
2026-07-08,IT,5g7sDjBhZ4I3gcFIpkrLuI,Locked out of Heaven,Bruno Mars,entry,163,53299
2026-07-08,IT,3w73qvCSGWPCx7w1UMIh6e,Lo So Che,Capo Plaza,entry,196,49467
2026-07-08,IT,093RgZ7RXHZwIrxZhZYX4Q,Tesla,"Capo Plaza, Sfera Ebbasta, DrefGold",entry,132,58474
2026-07-08,IT,39hHUnYBmyMwprzRaPODCX,Free Your Mind,"Prospa, Cloonee",entry,124,60269
2026-07-08,IT,00ZvHVUdHcZNAwxGSKTGCk,Salvador Dalì,"Marracash, Guè",entry,197,49392
2026-07-08,IT,6Ahg1hncxUdK0ICqU03BCu,Superclassico,Ernia,entry,168,52106
2026-07-08,IT,0bKDQionn4VKcgNKbs4SWX,Pastello Bianco,Pinguini Tattici Nucleari,entry,179,51094
2026-07-08,IT,1mea3bSkSGXuIRvnydlB5b,Viva La Vida,Coldplay,entry,160,53734
2026-07-08,IT,4JGozY7PWUikJ3qJ1Egef8,Nessun rimpianto,883,entry,181,50755
2026-07-08,IT,5omIW7YOPhA6CULhkdz6jE,Paradiso Artificiale,"Tedua, Baby Gang, Kid Yugi",entry,173,51517
2026-07-08,IT,5zVQoMHyELfcHYviXDao3I,MILANO TESTAROSSA,"Artie 5ive, Guè",entry,192,49703
2026-07-08,IT,720PSWBbm4UVzHdxRJeqZY,IO NON SO,Ultimo,exit,196,48354
2026-07-08,IT,6swHvavSroD4ur3Q18MjYz,Una volta ancora,"Fred De Palma, Ana Mena",exit,177,50513
2026-07-08,IT,1K9qAxGT4cWUicf2OezSen,VETRI NERI,"AVA, ANNA, Capo Plaza",exit,175,50818
2026-07-08,IT,4JKX37OcxWbq2qL0eyVYs2,Parapluie,"Rhove, Madfingerz",exit,188,49520
2026-07-08,IT,1VsUaDLGDWdaITdEB8BZmY,Comuni Immortali,Achille Lauro,exit,190,49139
2026-07-08,IT,3ZFTkvIE7kyPt6Nu3PEa7V,Hips Don't Lie,"Shakira, Wyclef Jean",exit,145,54800
2026-07-08,IT,19DHPlTC2gx1j4jrFzNbwL,30ºC,ANNA,exit,193,48587
2026-07-08,IT,1EVOcQcJeAbtmzmuYnI14C,Occhi color mare,"Olly, Juli",exit,178,50390
2026-07-08,IT,7z3PblAN3dH1JMewiRydkZ,GIRLS,The Kid LAROI,exit,192,48824
2026-07-08,IT,5MJc4IVIt17xEt6angtZcq,BUIO DAVANTI,Lazza,exit,183,50043
2026-07-08,IT,311m4sWQq8MZZROimkSGF7,Ginevra,"Luchè, Geolier",exit,149,53723
2026-07-08,IT,4MzXwWMhyBbmu6hOcLVD49,DÁKITI,"Bad Bunny, JHAYCO",exit,199,48277
2026-07-08,IT,1jhHPnmgZepKU8qX4VhRZ0,Rondini Al Guinzaglio,Ultimo,exit,164,52058
2026-07-08,IT,2a1o6ZejUi8U3wzzOtCOYw,Danza Kuduro,"Don Omar, Lucenzo",exit,180,50255
2026-07-08,IT,6TWbY1dq8eYtFiMiGdBlOa,Free Your Mind,"Prospa, Cloonee",exit,122,58785
2026-07-08,IT,36TnyBCBhUUSrSy1pTKasT,ANTIDROGA,"Emma, Fabri Fibra",exit,169,51430
2026-07-08,IT,41lOxc6ARYZPXpKeMWcHsD,Islanda,Pinguini Tattici Nucleari,exit,197,48350
2026-06-24,IT,4qycYIAF967ij8lKoxCyqt,Maledetta primavera,Loretta Goggi,entry,185,49008
2026-06-24,IT,6bN41HjY008ggroMFxNLaa,Calcolatrici,Sfera Ebbasta,entry,179,49308
2026-06-24,IT,6EGUow6OQ28at9wB2TTvyo,FaXXX,"Tedua, Latrelle",entry,169,50463
2026-06-24,IT,20MwAekzD46VMJP0JmjmhS,Con un deca,883,entry,190,48419
2026-06-24,IT,4JGozY7PWUikJ3qJ1Egef8,Nessun rimpianto,883,entry,184,49032
2026-06-24,IT,5g7sDjBhZ4I3gcFIpkrLuI,Locked out of Heaven,Bruno Mars,entry,186,48790
2026-06-24,IT,4pD1Wit3m1IHA7Ixgww9b6,Una canzone d'amore,883,entry,160,52347
2026-06-24,IT,3qBtltssunsFuzn6DxXI0b,Margarita (con Marracash),"Elodie, Marracash",entry,197,47824
2026-06-24,IT,0D9p9lpsUkzIYbZ72Z8EyT,Aranciata,Frah Quintale,entry,181,49283
2026-06-24,IT,1vkDKchOzwZM4rXsJTdtGs,XXDONO,"Tiziano Ferro, Lazza",entry,187,48785
2026-06-24,IT,0kHTkvGavvk2MjBTSUtOZx,Ricchi x Sempre,Sfera Ebbasta,entry,196,47948
2026-06-24,IT,0fea68AdmYNygeTGI4RC18,LA CANCIÓN,"J Balvin, Bad Bunny",entry,195,48095
2026-06-24,IT,1nLGeFQuY7PFxrou3ezEvP,Rossetto e caffè,Sal Da Vinci,entry,199,47658
2026-06-24,IT,25DgjoTlKK8KjstM4cZ8L2,Movin' To The Sun,"HUGEL, Imael Angel, Ultra Naté",entry,194,48106
2026-06-24,IT,1A1xTBtNnJ09JNINiLjdOK,ALTROVE,Ultimo,entry,175,49738
2026-06-24,IT,41lOxc6ARYZPXpKeMWcHsD,Islanda,Pinguini Tattici Nucleari,exit,197,47569
2026-06-24,IT,311m4sWQq8MZZROimkSGF7,Ginevra,"Luchè, Geolier",exit,186,48514
2026-06-24,IT,4WFgvKVfEhb3IUAFGrutTR,Love Me Not,Ravyn Lenae,exit,174,49891
2026-06-24,IT,1IkzT4wzFJRbFOmKOSqTen,EPISODIO D'AMORE,"Geolier, Takagi & Ketra, Dat Boi Dee",exit,180,49024
2026-06-24,IT,43pI6fNu7Ukh6VFkE6oyLw,AVEVAMO CENT'ANNI,Ultimo,exit,188,48360
2026-06-24,IT,720PSWBbm4UVzHdxRJeqZY,IO NON SO,Ultimo,exit,164,51148
2026-06-24,IT,5K9vZRUGLvnASW667N9bFb,QUALCOSA DI BELLO,Ultimo,exit,167,50646
2026-06-24,IT,3w73qvCSGWPCx7w1UMIh6e,Lo So Che,Capo Plaza,exit,147,53837
2026-06-24,IT,6hkOqJ5mE093AQf2lbZnsG,The One That Got Away,Katy Perry,exit,195,47672
2026-06-24,IT,20jbSiX29FDX4oQxBXyUEi,hate that i made you love me,Ariana Grande,exit,200,47320
2026-06-24,IT,2RkZ5LkEzeHGRsmDqKwmaJ,Ordinary,Alex Warren,exit,193,47844
2026-06-24,IT,7dFfkSJrAHnUdKM5jaUOLt,Tristano e Isotta,Kid Yugi,exit,179,49211
2026-06-24,IT,3lFI8rgdb6ScFGyxin4Dh7,Coscienza,Shiva,exit,192,47927
2026-06-24,IT,60a0Rd6pjrkxjPbaKzXjfq,In the End,Linkin Park,exit,196,47569
2026-06-24,IT,65NhK0RCouuwOg031RO9rl,CUORE DI PLASTICA,Ultimo,exit,175,49751
2026-07-14,IT,4qycYIAF967ij8lKoxCyqt,Maledetta primavera,Loretta Goggi,entry,195,47371
2026-07-14,IT,4CQNELF3U3gyNcI6sLr6yK,Guasto D'Amore,"Bresh, SHUNE",entry,199,46991
2026-07-14,IT,59D4DOkspUbWyMmbAPQkxZ,VOY A LLeVARTE PA PR,Bad Bunny,entry,186,48681
2026-07-14,IT,2tTmW7RDtMQtBk7m2rYeSw,"Quevedo: Bzrp Music Sessions, Vol. 52","Bizarrap, Quevedo",entry,197,47146
2026-07-14,IT,00ZvHVUdHcZNAwxGSKTGCk,Salvador Dalì,"Marracash, Guè",entry,162,51449
2026-07-14,IT,5m765S50ytWrB8hfdcbQds,Gli anni (96),883,entry,172,50553
2026-07-14,IT,4X4R6qsIicxIQIFbnDcJLO,Scarabocchi,"Olly, Juli",entry,180,49329
2026-07-14,IT,2plbrEY59IikOBgBGLjaoe,Die With A Smile,"Lady Gaga, Bruno Mars",entry,196,47248
2026-07-14,IT,3Ip1sc72P5uz8BUB9kb4QQ,POR TI,"Yapi, SOUNDPLUG",entry,194,47385
2026-07-14,IT,6MZbnl9hKMgYweTqBZdLyW,64 BARRE DI TERRORE (Red Bull 64 Bars),Kid Yugi,exit,186,48247
2026-07-14,IT,6bOwCTgqiUIEuGNdwTDpi5,CHROME HEARTS,"Astro, Nerissima Serpe",exit,176,49870
2026-07-14,IT,5omIW7YOPhA6CULhkdz6jE,Paradiso Artificiale,"Tedua, Baby Gang, Kid Yugi",exit,193,47356
2026-07-14,IT,4kkbhtfbTCp3JN4H7zu9ny,IL GIORNO CHE ASPETTAVO,Ultimo,exit,180,49321
2026-07-14,IT,5BAJMdCQqax0oBQigQTl5h,Dove e quando,Benji & Fede,exit,194,47283
2026-07-14,IT,7ue5uvozLbamg0rjS65FeT,SEXY RAVE,"Fred De Palma, Baby Gang",exit,178,49520
2026-07-14,IT,1QcmAp6Ev2HuYxKujUwnw0,il filo rosso,Alfa,exit,197,46975
2026-07-14,IT,1mea3bSkSGXuIRvnydlB5b,Viva La Vida,Coldplay,exit,200,46260
2026-07-14,IT,60a0Rd6pjrkxjPbaKzXjfq,In the End,Linkin Park,exit,192,47678
2026-06-22,IT,60a0Rd6pjrkxjPbaKzXjfq,In the End,Linkin Park,entry,184,47540
2026-06-22,IT,66umGLEmn0B3CFp1lBT7lN,Tutto a puttane,Bresh,entry,161,50048
2026-06-22,IT,7dFfkSJrAHnUdKM5jaUOLt,Tristano e Isotta,Kid Yugi,entry,173,48813
2026-06-22,IT,20jbSiX29FDX4oQxBXyUEi,hate that i made you love me,Ariana Grande,entry,182,47642
2026-06-22,IT,3w73qvCSGWPCx7w1UMIh6e,Lo So Che,Capo Plaza,entry,159,51209
2026-06-22,IT,09wmUkefYD7B2IWpHP6v3P,Gilgamesh,Kid Yugi,entry,195,46616
2026-06-22,IT,0xEgDBXYO9gGzmxCFWKxNg,CRUDELIA - I nervi,Marracash,entry,199,46299
2026-06-22,IT,1vkDKchOzwZM4rXsJTdtGs,XXDONO,"Tiziano Ferro, Lazza",entry,190,46900
2026-06-22,IT,3Eh8NAQVV8b1EzgKang5ne,Diversi,Shiva,entry,196,46562
2026-06-22,IT,5yvVYFDUpbnjcnRBgjwTzM,Dracula - JENNIE Remix,"Tame Impala, JENNIE",entry,191,46782
2026-06-22,IT,2RkZ5LkEzeHGRsmDqKwmaJ,Ordinary,Alex Warren,entry,198,46371
2026-06-22,IT,3ZFTkvIE7kyPt6Nu3PEa7V,Hips Don't Lie,"Shakira, Wyclef Jean",entry,194,46616
2026-06-22,IT,3cGuiySfwJPXqvE15OiEEg,Tran Tran,Sfera Ebbasta,entry,175,48403
2026-06-22,IT,3qBtltssunsFuzn6DxXI0b,Margarita (con Marracash),"Elodie, Marracash",exit,166,49398
2026-06-22,IT,1b8tFExEyHyxTzrrlQAsu4,Marmellata #25,Cesare Cremonini,exit,192,46468
2026-06-22,IT,1nLGeFQuY7PFxrou3ezEvP,Rossetto e caffè,Sal Da Vinci,exit,182,47324
2026-06-22,IT,0il2Hwwf6U8haOn1rMwUak,Bam Bam Bambina,Elettra Lamborghini,exit,198,45765
2026-06-22,IT,0fea68AdmYNygeTGI4RC18,LA CANCIÓN,"J Balvin, Bad Bunny",exit,178,47752
2026-06-22,IT,4M6eMu2CMR9MxO2c3MQgaI,Logico #1,Cesare Cremonini,exit,179,47622
2026-06-22,IT,2Q4Z2js0C6DDUVc7GuLGdF,SESSO E SAMBA,"Tony Effe, Gaia",exit,183,47287
2026-06-22,IT,311m4sWQq8MZZROimkSGF7,Ginevra,"Luchè, Geolier",exit,189,46783
2026-06-22,IT,3FrbT8aqk9xHtTfQc9Z3IR,VVS CARTIER,"Sfera Ebbasta, Shiva",exit,188,46882
2026-06-22,IT,0NwuXciw6eQc4edjwSBnV3,Non Abbiamo Età,Luchè,exit,185,47058
2026-06-22,IT,69VAE3LA7jn5rGAsdflMOS,EL PIBE DE ORO,"Geolier, Poison Beatz",exit,163,49553
2026-06-22,IT,4MzXwWMhyBbmu6hOcLVD49,DÁKITI,"Bad Bunny, JHAYCO",exit,190,46532
2026-06-22,IT,5BAJMdCQqax0oBQigQTl5h,Dove e quando,Benji & Fede,exit,159,50269
2026-07-06,IT,49j6SvuvWfbEKZKzsHCdLJ,stupid song,Olivia Rodrigo,entry,178,48843
2026-07-06,IT,0O5KcmgOeEgublW6ySQ6Vc,Amelie,Kid Yugi,entry,191,46957
2026-07-06,IT,60a0Rd6pjrkxjPbaKzXjfq,In the End,Linkin Park,entry,188,47356
2026-07-06,IT,6MZbnl9hKMgYweTqBZdLyW,64 BARRE DI TERRORE (Red Bull 64 Bars),Kid Yugi,entry,152,51539
2026-07-06,IT,7dFfkSJrAHnUdKM5jaUOLt,Tristano e Isotta,Kid Yugi,entry,196,46632
2026-07-06,IT,1rIKgCH4H52lrvDcz50hS8,Lush Life,Zara Larsson,entry,171,49261
2026-07-06,IT,6n5g6FiWp9NudnRnUwyoZN,Malpensa,"G.Mineiro, Flatpearl, Succo",entry,159,50651
2026-07-06,IT,7z3PblAN3dH1JMewiRydkZ,GIRLS,The Kid LAROI,entry,183,48113
2026-07-06,IT,6kfLv8uKJNS5DfodQAzpco,Blue,Tedua,entry,165,49923
2026-07-06,IT,5omIW7YOPhA6CULhkdz6jE,Paradiso Artificiale,"Tedua, Baby Gang, Kid Yugi",entry,181,48248
2026-07-06,IT,720PSWBbm4UVzHdxRJeqZY,IO NON SO,Ultimo,entry,180,48256
2026-07-06,IT,3Eh8NAQVV8b1EzgKang5ne,Diversi,Shiva,exit,192,46486
2026-07-06,IT,1nLGeFQuY7PFxrou3ezEvP,Rossetto e caffè,Sal Da Vinci,exit,200,45439
2026-07-06,IT,5tY8rR8cdFsQdBauMGB7nz,DONNE RICCHE - Acoustic Version,TonyPitony,exit,174,48008
2026-07-06,IT,3l4KzIHsh002W3evllH3EF,Incoscienti Giovani,Achille Lauro,exit,186,46991
2026-07-06,IT,7oJtUqvumujVKarcXa1SPj,a me mi piace,"Alfa, Manu Chao",exit,182,47393
2026-07-06,IT,41lOxc6ARYZPXpKeMWcHsD,Islanda,Pinguini Tattici Nucleari,exit,196,45658
2026-07-06,IT,4MzXwWMhyBbmu6hOcLVD49,DÁKITI,"Bad Bunny, JHAYCO",exit,197,45618
2026-07-06,IT,1CPZ5BxNNd0n0nF4Orb9JS,Golden,"HUNTR/X, EJae, AUDREY NUNA, REI AMI, KPop Demon Hunters Cast",exit,171,48215
2026-07-06,IT,0bKDQionn4VKcgNKbs4SWX,Pastello Bianco,Pinguini Tattici Nucleari,exit,187,46990
2026-07-06,IT,4Js31maTathTS2flQOQr2c,Fragole,"Achille Lauro, Rose Villain",exit,199,45468
2026-07-06,IT,7ue5uvozLbamg0rjS65FeT,SEXY RAVE,"Fred De Palma, Baby Gang",exit,190,46795
2026-07-11,IT,4qycYIAF967ij8lKoxCyqt,Maledetta primavera,Loretta Goggi,entry,144,60615
2026-07-11,IT,6swHvavSroD4ur3Q18MjYz,Una volta ancora,"Fred De Palma, Ana Mena",entry,197,51739
2026-07-11,IT,7oJtUqvumujVKarcXa1SPj,a me mi piace,"Alfa, Manu Chao",entry,196,51861
2026-07-11,IT,1QcmAp6Ev2HuYxKujUwnw0,il filo rosso,Alfa,entry,191,52807
2026-07-11,IT,00ZvHVUdHcZNAwxGSKTGCk,Salvador Dalì,"Marracash, Guè",entry,179,55074
2026-07-11,IT,4JGozY7PWUikJ3qJ1Egef8,Nessun rimpianto,883,entry,195,51929
2026-07-11,IT,1nLGeFQuY7PFxrou3ezEvP,Rossetto e caffè,Sal Da Vinci,entry,186,53829
2026-07-11,IT,3l4KzIHsh002W3evllH3EF,Incoscienti Giovani,Achille Lauro,entry,199,51659
2026-07-11,IT,1CPZ5BxNNd0n0nF4Orb9JS,Golden,"HUNTR/X, EJae, AUDREY NUNA, REI AMI, KPop Demon Hunters Cast",entry,193,52672
2026-07-11,IT,05G7GqOjkYKObUWFDownVV,Quel filo che ci unisce,Ultimo,exit,191,53595
2026-07-11,IT,7nRFsITVaSHko2Fw2Gcy59,Destri,Gazzelle,exit,178,56250
2026-07-11,IT,3M5e1yWYMKQPE0IUePwdBt,QUESTA INSENSATA VOGLIA DI TE,Ultimo,exit,151,60663
2026-07-11,IT,7lLSzMu2EKwIJ4co0sJSEe,PARLAR D’AMORE,"Sayf, Bresh",exit,197,52826
2026-07-11,IT,1K9qAxGT4cWUicf2OezSen,VETRI NERI,"AVA, ANNA, Capo Plaza",exit,183,54752
2026-07-11,IT,6MZbnl9hKMgYweTqBZdLyW,64 BARRE DI TERRORE (Red Bull 64 Bars),Kid Yugi,exit,190,53628
2026-07-11,IT,4X4R6qsIicxIQIFbnDcJLO,Scarabocchi,"Olly, Juli",exit,199,52459
2026-07-11,IT,6kfLv8uKJNS5DfodQAzpco,Blue,Tedua,exit,200,52432
2026-07-11,IT,7wuJGgpTNzbUyn26IOY6rj,Total Eclipse of the Heart,Bonnie Tyler,exit,186,54520
2026-07-20,IT,7oJtUqvumujVKarcXa1SPj,a me mi piace,"Alfa, Manu Chao",exit,176,44354
2026-06-12,IT,7agE2kK4XZnjRrbwnVJV1T,Arricchiti,"22simba, Guè",entry,17,168174
2026-06-12,IT,5zEcbencrcP0p5Z8508vWz,Talk To You (ft. 54 Ultra),ANOTR,entry,23,151712
2026-06-12,IT,3JjyzXQ07ODREBhJknQgLS,Canto d’amore (con Marco Mengoni),"Angelina Mango, Marco Mengoni",entry,20,160555
2026-06-12,IT,72cZH5WkVaC46FPMmZvEcm,COLPA MIA,Astro,entry,166,58382
2026-06-12,IT,4VgCoWwGOglwXOTaCqszXV,WAR,Astro,entry,146,62968
2026-06-12,IT,4UFP9J6zLvb6rnkXByjYtH,ANCELOTTI,Astro,entry,142,63494
2026-06-12,IT,7K6caTVssUphoNByyqnb75,I NOSTRI ANNI BELLISSIMI,Astro,entry,150,62047
2026-06-12,IT,4GxajvmEhUPqhBfWd96vc6,VAMONOS,"Astro, Ghali",entry,99,76580
2026-06-12,IT,6bOwCTgqiUIEuGNdwTDpi5,CHROME HEARTS,"Astro, Nerissima Serpe",entry,53,103976
2026-06-12,IT,2pSURRoZPhpgjFGpVdcj9q,MXP MIA,"Astro, Sayf",entry,179,56410
2026-06-12,IT,4MR5DmTbTZUA9asyyUmJgP,PIENXA EN MI,"Feid, Sfera Ebbasta",entry,43,115262
2026-06-12,IT,0fea68AdmYNygeTGI4RC18,LA CANCIÓN,"J Balvin, Bad Bunny",entry,190,55058
2026-06-12,IT,6H6pT8Q0JOl3v3DweLGONt,SCARAFAGGI,"Noyz Narcos, Sine, Danno",entry,141,63715
2026-06-12,IT,4bkClAuofJULiaIZsuL3gT,expectations,Olivia Rodrigo,entry,159,60325
2026-06-12,IT,6jfiwkcwt8iYCdkbLukxeI,maggots for brains,Olivia Rodrigo,entry,97,76723
2026-06-12,IT,0e4u0sFRGxHL4U2iFBrUvZ,cigarette smoke,Olivia Rodrigo,entry,188,55250
2026-06-12,IT,6Hdc3IQeyCxG5d14uAcwQW,u + me = <3,Olivia Rodrigo,entry,112,72722
2026-06-12,IT,4kX7xkopoXZCfE1D6fNwl2,honeybee,Olivia Rodrigo,entry,69,86160
2026-06-12,IT,5Ndn1irZG8l6xpcLMGeNvc,purple,Olivia Rodrigo,entry,149,62226
2026-06-12,IT,16xRAbH0vI3iKvDEhWQ4ZO,less,Olivia Rodrigo,entry,132,66247
2026-06-12,IT,4Ilw2lD6z4WBqh65vUUZUf,my way,Olivia Rodrigo,entry,109,73295
2026-06-12,IT,7Hc6qcJG4NtyZgbNvQyd8U,drop dead,Olivia Rodrigo,entry,78,80947
2026-06-12,IT,2duvkmcQAezPigFEGlERuA,begged,Olivia Rodrigo,entry,134,65290
2026-06-12,IT,49j6SvuvWfbEKZKzsHCdLJ,stupid song,Olivia Rodrigo,entry,25,146449
2026-06-12,IT,2e3YJ6Hm8tR5L5Zy8HzOtv,what’s wrong with me,"Olivia Rodrigo, Robert Smith",entry,115,71912
2026-06-12,IT,4oYTKjG6JYD0Fn8xxAZy2w,BUONA DOMENICA,Sayf,entry,88,79052
2026-06-12,IT,7aNsNTpMq7D4fffUiYKXNR,Giovani Re,Sfera Ebbasta,entry,29,139707
2026-06-12,IT,2Cd9iWfcOpGDHLz6tVA3G4,Waka Waka (This Time for Africa) [The Official 2010 FIFA World Cup (TM) Song],"Shakira, Freshlyground",entry,160,60188
2026-06-12,IT,0kl6Ozan3fuUdCl6TlB15v,Talk To You,"ANOTR, 54 Ultra",exit,25,129521
2026-06-12,IT,1QcmAp6Ev2HuYxKujUwnw0,il filo rosso,Alfa,exit,199,48649
2026-06-12,IT,3xkHsmpQCBMytMJNiDf3Ii,Beautiful Things,Benson Boone,exit,191,49052
2026-06-12,IT,4CQNELF3U3gyNcI6sLr6yK,Guasto D'Amore,"Bresh, SHUNE",exit,174,51396
2026-06-12,IT,5XOhmBwIBhaj5jg2ZIvRMI,A NAPOLI NON PIOVE,Geolier,exit,188,49456
2026-06-12,IT,347HJzwbn0cmrxJUmAXj5c,MAI PER SEMPRE,"Geolier, Dardust",exit,179,50556
2026-06-12,IT,5W5lGzvUR9jWQ7kyz9rr4T,TUTTO È POSSIBILE,"Geolier, Pino Daniele",exit,194,48963
2026-06-12,IT,69VAE3LA7jn5rGAsdflMOS,EL PIBE DE ORO,"Geolier, Poison Beatz",exit,197,48819
2026-06-12,IT,7fH13hSOyNoeiDGbjEnTUC,Brivido,"Guè, Marracash",exit,177,50909
2026-06-12,IT,6Lc0La3OwOmAouQjbID4uX,Nera,Irama,exit,187,49682
2026-06-12,IT,0O5KcmgOeEgublW6ySQ6Vc,Amelie,Kid Yugi,exit,186,49845
2026-06-12,IT,7dFfkSJrAHnUdKM5jaUOLt,Tristano e Isotta,Kid Yugi,exit,168,51944
2026-06-12,IT,09wmUkefYD7B2IWpHP6v3P,Gilgamesh,Kid Yugi,exit,184,49877
2026-06-12,IT,5MJc4IVIt17xEt6angtZcq,BUIO DAVANTI,Lazza,exit,185,49852
2026-06-12,IT,0NwuXciw6eQc4edjwSBnV3,Non Abbiamo Età,Luchè,exit,180,50371
2026-06-12,IT,311m4sWQq8MZZROimkSGF7,Ginevra,"Luchè, Geolier",exit,182,50256
2026-06-12,IT,4cgjA7B4fJBHyB9Ya2bu0t,Human Nature,Michael Jackson,exit,196,48846
2026-06-12,IT,4WFgvKVfEhb3IUAFGrutTR,Love Me Not,Ravyn Lenae,exit,192,48989
2026-06-12,IT,0mRRblaBsr3Vq79sNfv8Ty,BUONA DOMENICA,Sayf,exit,88,71827
2026-06-12,IT,6bN41HjY008ggroMFxNLaa,Calcolatrici,Sfera Ebbasta,exit,198,48656
2026-06-12,IT,5WssaPhjCCUFBMk9PpnHYj,Anche Stasera,Sfera Ebbasta,exit,181,50262
2026-06-12,IT,4TBp0V4Slb8emBDN8PWU3j,Giovani Re,Sfera Ebbasta,exit,23,133193
2026-06-12,IT,7kktKNHgINrBczPUGoG38p,Bang Bang,Sfera Ebbasta,exit,200,48600
2026-06-12,IT,3FrbT8aqk9xHtTfQc9Z3IR,VVS CARTIER,"Sfera Ebbasta, Shiva",exit,183,49909
2026-06-12,IT,0MLu1cFYL4ikdRTdasCQT9,M' Manc (con Geolier & Sfera Ebbasta),"Shablo, Geolier, Sfera Ebbasta",exit,195,48871
2026-06-12,IT,3ppXueOTvYpYp7zQUbuIKh,Polvere,"Shiva, Tony Boy",exit,193,48972
2026-06-12,IT,5yvVYFDUpbnjcnRBgjwTzM,Dracula - JENNIE Remix,"Tame Impala, JENNIE",exit,172,51755
2026-06-12,IT,4VLr4Esg0hHSVoNjs19u3u,Mai,Tedua,exit,148,53820
2026-06-17,IT,0xju4u3DFjOy1fhITDPZ6B,Depresso fortunato,"Olly, Juli",entry,175,51266
2026-06-17,IT,1IkzT4wzFJRbFOmKOSqTen,EPISODIO D'AMORE,"Geolier, Takagi & Ketra, Dat Boi Dee",entry,172,51479
2026-06-17,IT,5WssaPhjCCUFBMk9PpnHYj,Anche Stasera,Sfera Ebbasta,entry,185,49779
2026-06-17,IT,60a0Rd6pjrkxjPbaKzXjfq,In the End,Linkin Park,entry,190,49438
2026-06-17,IT,3w73qvCSGWPCx7w1UMIh6e,Lo So Che,Capo Plaza,entry,106,64153
2026-06-17,IT,41lOxc6ARYZPXpKeMWcHsD,Islanda,Pinguini Tattici Nucleari,entry,184,49815
2026-06-17,IT,4RTMLSmkfK9kqKlmTPGRzo,La tana del granchio,Bresh,entry,188,49593
2026-06-17,IT,7kktKNHgINrBczPUGoG38p,Bang Bang,Sfera Ebbasta,entry,195,48451
2026-06-17,IT,1QcmAp6Ev2HuYxKujUwnw0,il filo rosso,Alfa,entry,200,48172
2026-06-17,IT,5BAJMdCQqax0oBQigQTl5h,Dove e quando,Benji & Fede,entry,186,49691
2026-06-17,IT,148uoUpRp6FJK5qYoXijwm,Notte prima degli esami,Antonello Venditti,entry,72,78981
2026-06-17,IT,0eu4C55hL6x29mmeAjytzC,Life Goes On,Oliver Tree,entry,191,49309
2026-06-17,IT,5eSC7faDYHxnklPjcxZjD6,BRAVI A CADERE - I polmoni,Marracash,entry,198,48206
2026-06-17,IT,3ZFTkvIE7kyPt6Nu3PEa7V,Hips Don't Lie,"Shakira, Wyclef Jean",entry,171,51512
2026-06-17,IT,0NwuXciw6eQc4edjwSBnV3,Non Abbiamo Età,Luchè,exit,158,51982
2026-06-17,IT,1A1xTBtNnJ09JNINiLjdOK,ALTROVE,Ultimo,exit,183,49468
2026-06-17,IT,4vbxC18tQdekz9pOEvly2X,MARIA,"Il Ghost, Baby Gang",exit,181,49560
2026-06-17,IT,09wmUkefYD7B2IWpHP6v3P,Gilgamesh,Kid Yugi,exit,186,49263
2026-06-17,IT,0RYqzVMfEjbDr1CTL7fta5,L'universo tranne noi,Max Pezzali,exit,167,50700
2026-06-17,IT,4hJSzUREpdDo8uhgEflbHr,Sally,Vasco Rossi,exit,177,49874
2026-06-17,IT,10nZU1tAX7XepntuYDJUVO,BRATZ,"Sayf, Nerissima Serpe",exit,193,48447
2026-06-17,IT,5T7ywazdGIydr6JCW6t02j,Smooth Criminal - 2012 Remaster,Michael Jackson,exit,199,47905
2026-06-17,IT,7dFfkSJrAHnUdKM5jaUOLt,Tristano e Isotta,Kid Yugi,exit,195,48401
2026-06-17,IT,3FrbT8aqk9xHtTfQc9Z3IR,VVS CARTIER,"Sfera Ebbasta, Shiva",exit,200,47826
2026-06-17,IT,75Y6WgUldQN8mipAVLy8KJ,Quei ricordi là,"Olly, Juli",exit,198,48095
2026-06-17,IT,4Cd1cCCqG3nlf07i5A0IPH,Yakuza,"Elodie, Sfera Ebbasta, Rvssian",exit,171,50246
2026-06-17,IT,3cGuiySfwJPXqvE15OiEEg,Tran Tran,Sfera Ebbasta,exit,170,50354
2026-06-17,IT,4pD1Wit3m1IHA7Ixgww9b6,Una canzone d'amore,883,exit,196,48167
