chart_date,country,spotify_artist_id,artist_name,track_count,streams,market_share,artist_stream_rank
2026-07-14,IT,6FtwCmLY6L1sqvjaQ2lV6G,Emis Killa,1,197385,0.007851433,24
2026-07-14,IT,7FNnA9vBm6EKceENgCGRMb,Anitta,1,197385,0.007851433,24
2026-07-14,IT,0QrUbsrL5imqntAfDl8i7q,Fred De Palma,1,197385,0.007851433,24
2026-07-14,IT,1cKyknhftNKXCjMBd2hDrG,DYSTINCT,1,191013,0.007597972,27
2026-07-14,IT,0BjRnUqiITQwjqGtTeoxUS,DELIA,1,166270,0.006613763,32
2026-07-14,IT,5mTg1ztZByLRHsOEtwmT4G,Levante,1,166270,0.006613763,32
2026-07-14,IT,3wcj11K77LjEY1PkEazffa,Burna Boy,1,137118,0.005454177,40
2026-07-14,IT,0EmeFodog0BfCgMzAIvKQp,Shakira,1,137118,0.005454177,40
2026-07-14,IT,6X5L6rmyvrWWu60Gx6exiZ,54 Ultra,1,134107,0.005334408,42
2026-07-14,IT,4p5WgeiPSPpqPDs7T6OkWf,ANOTR,1,134107,0.005334408,42
2026-07-14,IT,3xGlLcG9CUrs5MvFkSLOS5,Marco Mengoni,1,125625,0.004997017,44
2026-07-14,IT,5uwa6tAMMfNbBFIHiI6NV4,W Sound,1,124359,0.004946659,45
2026-07-14,IT,3m5qlPf2OkihLz3dRYnkPA,Ovy On The Drums,1,124359,0.004946659,45
2026-07-14,IT,7a0XAaPaK2aDSqa8p3QnC7,Beéle,1,124359,0.004946659,45
2026-07-14,IT,1c22GXH30ijlOfXhfLz9Df,Elvis Crespo,1,122902,0.004888704,48
2026-07-14,IT,5iot8OPcosJN9nCl7I5SdK,Irama,1,121950,0.004850836,49
2026-07-14,IT,0F3tUZeb9dLNEpxCpzEBQt,SOLTO (FR),1,109655,0.004361774,54
2026-07-14,IT,0hCNtLu0JehylgoiP8L4Gh,Nicki Minaj,1,107465,0.004274662,55
2026-07-14,IT,1uNFoZAHBGtllmzznpCI3s,Justin Bieber,1,107465,0.004274662,55
2026-07-14,IT,5mHUmlJWkcoOk1NbjfrXWz,Temper City,1,105273,0.004187471,56
2026-07-14,IT,7tmMPdOmFvdRvbj2aWoiRi,Jovanotti,1,102573,0.004080072,58
2026-07-14,IT,7GacyaFUp0qkEJglERX9N7,Alfa,1,102573,0.004080072,58
2026-07-14,IT,6PsQc21YZU7WNfiODG69Qk,Tony Boy,1,89202,0.00354821,59
2026-07-14,IT,17yREPqyU875WJnX9U082A,Imael Angel,1,88989,0.003539738,60
2026-07-14,IT,1cK2Abwkni7m51wJCSGllN,Ultra Naté,1,88989,0.003539738,60
2026-07-14,IT,1uZVxckdGGKhFMpCnupXmP,Los Pleneros de la Cresta,1,86561,0.003443159,61
2026-07-14,IT,0jdNdfi4vAuVi7a6cPDFBM,Lazza,1,81039,0.003223509,62
2026-07-14,IT,3g9MKjIP9xrMTY5Pbwr6Nk,Kreamly,1,79946,0.003180032,63
2026-07-14,IT,6RWMnZmXs8Ob715qLr4374,Aissa,1,79946,0.003180032,63
2026-07-14,IT,2CCgb0KApjfQDuTppovpf8,Rvfv,1,79946,0.003180032,63
2026-07-14,IT,7krakxeyEmge6pzTthKNyg,The Bausa,1,78992,0.003142085,64
2026-07-14,IT,2LRoIwlKmHjgvigdNGBHNo,Feid,1,75924,0.003020048,65
2026-07-14,IT,01XCyobLTxOrswogL7YNIu,Dibla,1,74479,0.00296257,66
2026-07-14,IT,2R21vXR83lH98kGeO99Y66,Anuel AA,1,73371,0.002918497,67
2026-07-14,IT,5Otk4eRecMMbC5YR4Iliou,Le-one,1,69098,0.002748528,68
2026-07-14,IT,44DWomjW1oDuxIoBIRpmQ4,Rhove,1,68453,0.002722872,69
2026-07-14,IT,5JsnFhU4OqgEtNXs7Sq1Vm,Malive,1,67794,0.002696659,70
2026-07-14,IT,1HBjj22wzbscIZ9sEb5dyf,Jonas Blue,1,67794,0.002696659,70
2026-07-14,IT,2sil8z5kiy4r76CRTXxBCA,The Goo Goo Dolls,1,67722,0.002693795,71
2026-07-14,IT,4eq1q0o9XPyNq9RG3fNDD1,Yorghaki,1,67264,0.002675577,72
2026-07-14,IT,3DeOmVSmpv7WknXoo1OS8p,Alleh,1,67264,0.002675577,72
2026-07-14,IT,6USv9qhCn6zfxlBQIYJ9qs,Dominic Fike,1,65599,0.002609348,73
2026-07-14,IT,72A0Z8q8NiochyK9gUHpCR,The Kolors,1,64916,0.00258218,74
2026-07-14,IT,5rRcnWrevHgbuWjl7Lhft7,Merk & Kremont,1,64916,0.00258218,74
2026-07-14,IT,790FomKkXshlbRYZFtlgla,KAROL G,1,64912,0.002582021,75
2026-07-14,IT,6JhUHne9H09NdkTI5E9GSt,Dardust,1,63960,0.002544153,76
2026-07-14,IT,10exVja0key0uqUkk6LJRT,Vance Joy,1,62681,0.002493278,77
2026-07-14,IT,5p9HO3XC5P3BLxJs5Mtrhm,Djo,1,62369,0.002480867,78
2026-07-14,IT,6HabM2PUM519iIxervGWSb,Prospa,1,62185,0.002473548,79
2026-07-14,IT,7MdlXmq2HViAJWo9cf30sR,Cloonee,1,62185,0.002473548,79
2026-07-14,IT,1EbIfIjVcauDatNO4vagL1,Sybil,1,62185,0.002473548,79
2026-07-14,IT,0TnOYISbd1XYRBk9myaseg,Pitbull,1,61503,0.00244642,80
2026-07-14,IT,2DlGxzQSjYe5N6G9nkYghR,Jennifer Lopez,1,61503,0.00244642,80
2026-07-14,IT,5H1nN1SzW0qNeUEZvuXjAj,Danny Ocean,1,60789,0.002418019,81
2026-07-14,IT,0harR1ApYeMN6GOLBNMiUR,Eddie Brock,1,60042,0.002388306,82
2026-07-14,IT,05brE7yGJDmIYlMirfSi0B,Federica Abbate,1,59433,0.002364081,83
2026-07-14,IT,5NGO30tJxFlKixkPSgXcFE,The Police,1,58366,0.002321639,84
2026-07-14,IT,2oQX8QiMXOyuqbcZEFsZfm,El Alfa,1,57357,0.002281504,85
2026-07-14,IT,2dAKW1tsAariQ0Ta2gqp8N,Gow Tribe,1,57327,0.00228031,86
2026-07-14,IT,2eFv7NVs8R6Go7msuqikeg,Pino Daniele,1,57266,0.002277884,87
2026-07-14,IT,7cdIY4mDfM1dbjgl7s2fGR,Sal Da Vinci,1,56617,0.002252069,88
2026-07-14,IT,7h1amg0X7Q5d0D5KfuyKTg,Pyrex,1,56570,0.002250199,89
2026-07-14,IT,2i04Yoaa4wV8J75w8aPX1G,Kano Choir,1,56181,0.002234726,90
2026-07-14,IT,5mZJerulcERBZV7xnhrVp1,Ryan Lewis,1,55233,0.002197017,91
2026-07-14,IT,5BcAKTbp20cv7tC5VqPFoC,Macklemore & Ryan Lewis,1,55233,0.002197017,91
2026-07-14,IT,3JhNCzhSMTxs9WLGJJxWOY,Macklemore,1,55233,0.002197017,91
2026-07-14,IT,4e0nWw2r4BoQSKPQ2zpU13,Ray Dalton,1,55233,0.002197017,91
2026-07-14,IT,1yq9UuPp5DIb5w6eswGbKV,Adriano Celentano,1,55204,0.002195863,92
2026-07-14,IT,0fTSzq9jAh4c36UVb4V7CB,Alex Warren,1,54886,0.002183214,93
2026-07-14,IT,6hkKbkZGvAXuvle2FhCnxy,Shablo,1,54706,0.002176054,94
2026-07-14,IT,1fctva4kpRbg2k3v7kwRuS,Rvssian,1,54507,0.002168139,95
2026-07-14,IT,3wDn3kW2zDRLnaQAnX0S3x,Dat Boi Dee,1,54251,0.002157956,96
2026-07-14,IT,1Yj5Xey7kTwvZla8sqdsdE,Cris MJ,1,53565,0.002130668,97
2026-07-14,IT,7CvTknweLr9feJtRGrpDBy,FloyyMenor,1,53565,0.002130668,97
2026-07-14,IT,5KKpBU5eC2tJDzf0wmlRp2,RAYE,1,52787,0.002099722,98
2026-07-14,IT,0lQtBhjEJpoOroQS6fbWMc,Aka 7even,1,52067,0.002071082,99
2026-07-14,IT,5FwDaIGy29GQC5d0MR7fKf,LDA,1,52067,0.002071082,99
2026-07-14,IT,7H8ZC8uHJMPZGLMApRRNIz,Ligabue,1,51757,0.002058751,100
2026-07-14,IT,7gjqZ8coFZimZDtdk04WP1,MACE,1,51499,0.002048489,101
2026-07-14,IT,3AVx3OBPIk4pJQllAXoVs1,Gaia,1,51380,0.002043755,102
2026-07-14,IT,7u710e44HW3K7A5eTnRqHC,Fabri Fibra,1,51320,0.002041368,103
2026-07-14,IT,6YBgd2LKccEB3pX6UaW1Yp,Thegiornalisti,1,51315,0.00204117,104
2026-07-14,IT,2cy1zPcrFcXAJTP0APWewL,Gente De Zona,1,50426,0.002005808,105
2026-07-14,IT,4wLXwxDeWQ8mtUIRPxGiD6,Marc Anthony,1,50426,0.002005808,105
2026-07-14,IT,7HtzacrJpksCiS6qHypb8l,Ditonellapiaga,1,49744,0.00197868,106
2026-07-14,IT,7KFOc3T4Xo8DVZt4PWw2qN,Gazzelle,1,49521,0.001969809,107
2026-07-14,IT,33ScadVnbm2X8kkUqOkC6Z,Don Omar,1,49269,0.001959785,108
2026-07-14,IT,5bv5RplEOwdCvhq0EILh9E,Lucenzo,1,49269,0.001959785,108
2026-07-14,IT,4G9NDjRyZFDlJKMRL8hx3S,sombr,1,49225,0.001958035,109
2026-07-14,IT,2PEMswqQspTSsAltdeF5kO,Simba La Rue,1,49011,0.001949523,110
2026-07-14,IT,6nVcHLIgY5pE2YCl8ubca1,JHAYCO,1,48847,0.001942999,111
2026-07-14,IT,1Xylc3o4UrD53lo9CvFvVg,Zara Larsson,1,48471,0.001928043,112
2026-07-14,IT,6jwzGu5VdkR5tsRROYuxso,DrefGold,1,48181,0.001916508,113
2026-07-14,IT,3o7fC2O4nraaicpID6bBZW,Elettra Lamborghini,1,47983,0.001908632,114
2026-07-14,IT,3V27gyl5V5dvei7a0U8zuX,SOUNDPLUG,1,47385,0.001884845,115
2026-07-14,IT,6dhhE0bRngFuvKe3vnzdKn,Yapi,1,47385,0.001884845,115
2026-07-14,IT,0r310cYIlI5aMcuDTChNlO,Loretta Goggi,1,47371,0.001884288,116
2026-07-14,IT,1HY2Jd0NmPuamShAr6KMms,Lady Gaga,1,47248,0.001879396,117
2026-07-14,IT,716NhGYqD1jl2wI1Qkgq36,Bizarrap,1,47146,0.001875338,118
2026-07-14,IT,5YV5crRpcdknHgEzystZHr,SHUNE,1,46991,0.001869173,119
2026-07-14,IT,7108jelN43seqWILMvJwKi,Serena Brancale,2,231186,0.009195943,18
2026-07-14,IT,38CThoTDmXugNnfonW466d,Jiz,2,217995,0.008671242,21
2026-07-14,IT,6RdcIWVKYYzNzjQRd3oyHS,Pinguini Tattici Nucleari,2,205811,0.008186596,22
2026-07-14,IT,5PlfkPxwCpRRWQJBxCa0By,HUGEL,2,198644,0.007901512,23
2026-07-14,IT,1A6HBLulvBFzNtlMb7b08f,Angelina Mango,2,193046,0.007678839,26
2026-07-14,IT,3HAwumPgGOSXlZSyGWuLhB,Sayf,2,185939,0.007396142,29
2026-07-14,IT,2DaxqgrOhkeH0fpeiQq2f4,Oasis,2,180756,0.007189977,30
2026-07-14,IT,1vgQksyJ0IVz8y9XerEOy3,Madame,2,166034,0.006604376,33
2026-07-14,IT,26toJml6wSdf58ZgNG0ci9,Dipinto,2,156575,0.006228123,35
2026-07-14,IT,6HQ27YefiitrZ9YsWrgRHX,Fresh Beatz,2,156575,0.006228123,35
2026-07-14,IT,47z0zz9ZMCn9GBiPRTn5Bc,Tommaso Paradiso,2,149501,0.005946739,36
2026-07-14,IT,1QeqGmpgU5Yg74GNcjIIq3,Fulminacci,2,147500,0.005867144,37
2026-07-14,IT,3fMbdgg4jU18AjLCKBhRSm,Michael Jackson,2,146616,0.005831981,38
2026-07-14,IT,3yiEJ9SByXZMXTwaKdVFN4,Luchè,2,146498,0.005827288,39
2026-07-14,IT,1eBPcZCSWh1EAv0aOXusye,Higashi,2,135792,0.005401432,41
2026-07-14,IT,0gzwXezN4IUHAwLufA6YcX,Emma,2,128826,0.005124344,43
2026-07-14,IT,2aiM1OfMODFLUXaQgEVPK1,Roberto Ferrante,2,124051,0.004934408,46
2026-07-14,IT,1UjxAZqzphB1tsMb1aWBj0,Omega,2,124051,0.004934408,46
2026-07-14,IT,76UCIJTB0jcJvBaL0CdIqx,Takagi & Ketra,2,123755,0.004922634,47
2026-07-14,IT,0EqkKYDK9EkKY5N7zU3FPv,Annalisa,2,117597,0.004677685,50
2026-07-14,IT,6FcVd3KlRxozcLl19FMXu9,Max Pezzali,2,110307,0.004387709,51
2026-07-14,IT,0du5cEVh5yTK9QJze8zA0C,Bruno Mars,2,110053,0.004377606,52
2026-07-14,IT,7GgpsUpkj3olseoaTY7TEY,Elodie,2,109663,0.004362093,53
2026-07-14,IT,7F2utINZ6tSokSiZTQBE27,Guè,2,102730,0.004086317,57
2026-07-14,IT,2n0Ki4A5tKTEloq3WCt1IH,Samurai Jay,3,420656,0.016732539,11
2026-07-14,IT,2QJ1AReDewmz4fcRhGxW6Y,Vito Salamanca,3,420656,0.016732539,11
2026-07-14,IT,51OKuyM4BiiYxFm8Mi6fa9,Mauvais djo,3,271528,0.010800637,15
2026-07-14,IT,5dXlc7MnpaTeUIsHLVe3n4,Coez,3,225937,0.008987153,19
2026-07-14,IT,52iwsT98xCoGgiGntTiR7K,Quevedo,3,223787,0.008901632,20
2026-07-14,IT,3fhMfkPPzksWuw0hEm4ldm,Ernia,3,197105,0.007840295,25
2026-07-14,IT,396Jr76018oUMR6QBnqT8T,Cesare Cremonini,3,187652,0.007464281,28
2026-07-14,IT,3LvwPiJQJ0da0GurKMToV0,Baby Gang,3,173062,0.006883931,31
2026-07-14,IT,6bMul6rmRS03x38tWKYifO,883,3,163457,0.00650187,34
2026-07-14,IT,2ifTEcQqKSPwijIEcPHQ1R,Flatpearl,4,341346,0.013577805,12
2026-07-14,IT,1l1A1U8VJM15W7zonFqKhg,Succo,4,341346,0.013577805,12
2026-07-14,IT,1dlyjeDlgXalzt5oqbgWDs,G.Mineiro,4,341346,0.013577805,12
2026-07-14,IT,0lI3rF4hi4op6UxqlLHPzv,Achille Lauro,4,304629,0.012117304,13
2026-07-14,IT,5AZuEF0feCXMkUCwQiQlW7,Marracash,4,272883,0.010854535,14
2026-07-14,IT,5SulO4l40qDuV9zUGLZx7n,Capo Plaza,4,268682,0.010687431,16
2026-07-14,IT,0EUR8jz8L936AEbV2Spkca,Kid Yugi,4,256502,0.010202944,17
2026-07-14,IT,7FeObngbQ0GY3SojNwKdKn,Bresh,5,441829,0.017574743,10
2026-07-14,IT,2R4kNOwHUUsuDYhKsESVbF,Artie 5ive,6,657230,0.026142802,7
2026-07-14,IT,4q3ewBCX7sLwd24euuV69X,Bad Bunny,8,665779,0.026482858,5
2026-07-14,IT,3hN3iJMbbBmqBSAMx5veDa,Ultimo,8,660404,0.026269055,6
2026-07-14,IT,25u1DN0MwQVSav4XoJS7hl,Olly,8,552278,0.0219681,9
2026-07-14,IT,4rj3KWaLAnuxgtMMkypZhf,Juli,9,642380,0.02555211,8
2026-07-14,IT,2K5nCggbhSZ00YCYP5qkZS,Shiva,13,1062128,0.042248532,4
2026-07-14,IT,7K80yOTC0Id95gRaOxDG5u,ANNA,17,1500430,0.05968298,2
2026-07-14,IT,27LlKWxS3KXW7RRAxN5S8s,Geolier,19,1710441,0.06803664,1
2026-07-14,IT,23TFHmajVfBtlRx5MXqgoz,Sfera Ebbasta,19,1448966,0.057635884,3
2026-06-04,IT,7FNnA9vBm6EKceENgCGRMb,Anitta,1,254958,0.009485899,26
2026-06-04,IT,6FtwCmLY6L1sqvjaQ2lV6G,Emis Killa,1,254958,0.009485899,26
2026-06-04,IT,0BjRnUqiITQwjqGtTeoxUS,DELIA,1,221340,0.008235117,28
2026-06-04,IT,5mTg1ztZByLRHsOEtwmT4G,Levante,1,221340,0.008235117,28
2026-06-04,IT,7108jelN43seqWILMvJwKi,Serena Brancale,1,221340,0.008235117,28
2026-06-04,IT,51OKuyM4BiiYxFm8Mi6fa9,Mauvais djo,1,153462,0.005709666,35
2026-06-04,IT,1uNFoZAHBGtllmzznpCI3s,Justin Bieber,1,148382,0.005520661,36
2026-06-04,IT,0hCNtLu0JehylgoiP8L4Gh,Nicki Minaj,1,148382,0.005520661,36
2026-06-04,IT,3m5qlPf2OkihLz3dRYnkPA,Ovy On The Drums,1,138308,0.005145851,38
2026-06-04,IT,5uwa6tAMMfNbBFIHiI6NV4,W Sound,1,138308,0.005145851,38
2026-06-04,IT,7a0XAaPaK2aDSqa8p3QnC7,Beéle,1,138308,0.005145851,38
2026-06-04,IT,6X5L6rmyvrWWu60Gx6exiZ,54 Ultra,1,127721,0.004751953,42
2026-06-04,IT,4p5WgeiPSPpqPDs7T6OkWf,ANOTR,1,127721,0.004751953,42
2026-06-04,IT,26toJml6wSdf58ZgNG0ci9,Dipinto,1,127119,0.004729556,43
2026-06-04,IT,6HQ27YefiitrZ9YsWrgRHX,Fresh Beatz,1,127119,0.004729556,43
2026-06-04,IT,1vgQksyJ0IVz8y9XerEOy3,Madame,1,125422,0.004666417,44
2026-06-04,IT,7tmMPdOmFvdRvbj2aWoiRi,Jovanotti,1,121232,0.004510525,45
2026-06-04,IT,01XCyobLTxOrswogL7YNIu,Dibla,1,114861,0.004273488,46
2026-06-04,IT,5mHUmlJWkcoOk1NbjfrXWz,Temper City,1,110939,0.004127567,48
2026-06-04,IT,2DlGxzQSjYe5N6G9nkYghR,Jennifer Lopez,1,102653,0.00381928,51
2026-06-04,IT,0TnOYISbd1XYRBk9myaseg,Pitbull,1,102653,0.00381928,51
2026-06-04,IT,6USv9qhCn6zfxlBQIYJ9qs,Dominic Fike,1,98263,0.003655947,52
2026-06-04,IT,5FwDaIGy29GQC5d0MR7fKf,LDA,1,92602,0.003445325,53
2026-06-04,IT,0lQtBhjEJpoOroQS6fbWMc,Aka 7even,1,92602,0.003445325,53
2026-06-04,IT,66CXWjxzNUsdJxJ2JdwvnR,Ariana Grande,1,87845,0.003268338,54
2026-06-04,IT,05brE7yGJDmIYlMirfSi0B,Federica Abbate,1,86989,0.00323649,55
2026-06-04,IT,1uZVxckdGGKhFMpCnupXmP,Los Pleneros de la Cresta,1,82336,0.003063371,56
2026-06-04,IT,2R21vXR83lH98kGeO99Y66,Anuel AA,1,82254,0.00306032,57
2026-06-04,IT,0F3tUZeb9dLNEpxCpzEBQt,SOLTO (FR),1,81902,0.003047224,58
2026-06-04,IT,5PlfkPxwCpRRWQJBxCa0By,HUGEL,1,81902,0.003047224,58
2026-06-04,IT,5p9HO3XC5P3BLxJs5Mtrhm,Djo,1,80201,0.002983937,59
2026-06-04,IT,1c22GXH30ijlOfXhfLz9Df,Elvis Crespo,1,80067,0.002978951,60
2026-06-04,IT,7HtzacrJpksCiS6qHypb8l,Ditonellapiaga,1,77908,0.002898624,61
2026-06-04,IT,2iK8weavvfS2xJCmzNzNE5,J-AX,1,77360,0.002878236,62
2026-06-04,IT,2mUoO8KgRQOOzR0VoUWoEV,Latrelle,1,76241,0.002836602,63
2026-06-04,IT,5H1nN1SzW0qNeUEZvuXjAj,Danny Ocean,1,74870,0.002785593,64
2026-06-04,IT,790FomKkXshlbRYZFtlgla,KAROL G,1,70934,0.002639151,65
2026-06-04,IT,2tOGpIgNsnDk6BxqFU2vCX,Il Ghost,1,70700,0.002630445,66
2026-06-04,IT,4eq1q0o9XPyNq9RG3fNDD1,Yorghaki,1,69681,0.002592533,67
2026-06-04,IT,3DeOmVSmpv7WknXoo1OS8p,Alleh,1,69681,0.002592533,67
2026-06-04,IT,7h1amg0X7Q5d0D5KfuyKTg,Pyrex,1,68351,0.002543049,68
2026-06-04,IT,2sil8z5kiy4r76CRTXxBCA,The Goo Goo Dolls,1,66819,0.00248605,69
2026-06-04,IT,2oQX8QiMXOyuqbcZEFsZfm,El Alfa,1,66709,0.002481957,70
2026-06-04,IT,1eBPcZCSWh1EAv0aOXusye,Higashi,1,66559,0.002476376,71
2026-06-04,IT,30fnIb0InCgAp2IPY17nqd,RRARI DAL TACCO,1,66440,0.002471949,72
2026-06-04,IT,1A6HBLulvBFzNtlMb7b08f,Angelina Mango,1,65609,0.002441031,73
2026-06-04,IT,5KKpBU5eC2tJDzf0wmlRp2,RAYE,1,65048,0.002420159,74
2026-06-04,IT,5iot8OPcosJN9nCl7I5SdK,Irama,1,64083,0.002384255,75
2026-06-04,IT,08ppjXEpROUgrG1X0DEquB,Nerissima Serpe,1,63813,0.002374209,76
2026-06-04,IT,1McMsnEElThX1knmY4oliG,Olivia Rodrigo,1,62574,0.002328112,77
2026-06-04,IT,056KMTw6IztdQjBmFfVyO3,Rkomi,1,61410,0.002284804,78
2026-06-04,IT,10exVja0key0uqUkk6LJRT,Vance Joy,1,61027,0.002270554,79
2026-06-04,IT,3JhNCzhSMTxs9WLGJJxWOY,Macklemore,1,59968,0.002231153,80
2026-06-04,IT,5BcAKTbp20cv7tC5VqPFoC,Macklemore & Ryan Lewis,1,59968,0.002231153,80
2026-06-04,IT,4e0nWw2r4BoQSKPQ2zpU13,Ray Dalton,1,59968,0.002231153,80
2026-06-04,IT,5mZJerulcERBZV7xnhrVp1,Ryan Lewis,1,59968,0.002231153,80
2026-06-04,IT,5JsnFhU4OqgEtNXs7Sq1Vm,Malive,1,59800,0.002224903,81
2026-06-04,IT,1HBjj22wzbscIZ9sEb5dyf,Jonas Blue,1,59800,0.002224903,81
2026-06-04,IT,0RMJOzHDhAKY1o2j0W0vxY,EJAE,1,59733,0.00222241,82
2026-06-04,IT,0Wwji82sLA0Hcvtuak3omb,AUDREY NUNA,1,59733,0.00222241,82
2026-06-04,IT,2yNNYQBChuox9A5Ka93BIn,HUNTR/X,1,59733,0.00222241,82
2026-06-04,IT,6U1dV7aL68N7Gb0Naq34V5,REI AMI,1,59733,0.00222241,82
2026-06-04,IT,7mW7Tv7NvywKKXqafZo0Lc,KPop Demon Hunters Cast,1,59733,0.00222241,82
2026-06-04,IT,1Xylc3o4UrD53lo9CvFvVg,Zara Larsson,1,59302,0.002206374,83
2026-06-04,IT,7gjqZ8coFZimZDtdk04WP1,MACE,1,59045,0.002196813,84
2026-06-04,IT,5NGO30tJxFlKixkPSgXcFE,The Police,1,58205,0.00216556,85
2026-06-04,IT,4G9NDjRyZFDlJKMRL8hx3S,sombr,1,57175,0.002127238,86
2026-06-04,IT,5RTLRtXjbXI2lSXc6jxlAz,Ravyn Lenae,1,56887,0.002116523,87
2026-06-04,IT,6YBgd2LKccEB3pX6UaW1Yp,Thegiornalisti,1,56813,0.002113769,88
2026-06-04,IT,4wLXwxDeWQ8mtUIRPxGiD6,Marc Anthony,1,56794,0.002113062,89
2026-06-04,IT,2cy1zPcrFcXAJTP0APWewL,Gente De Zona,1,56794,0.002113062,89
2026-06-04,IT,2dAKW1tsAariQ0Ta2gqp8N,Gow Tribe,1,56794,0.002113062,89
2026-06-04,IT,7KFOc3T4Xo8DVZt4PWw2qN,Gazzelle,1,56386,0.002097882,90
2026-06-04,IT,13jvLDXME7yplEwCweRivE,Tutti Fenomeni,1,55611,0.002069048,91
2026-06-04,IT,5bv5RplEOwdCvhq0EILh9E,Lucenzo,1,55514,0.002065439,92
2026-06-04,IT,33ScadVnbm2X8kkUqOkC6Z,Don Omar,1,55514,0.002065439,92
2026-06-04,IT,5INjqkS1o8h1imAzPqGZBb,Tame Impala,1,55478,0.0020641,93
2026-06-04,IT,250b0Wlc5Vk0CoUsaCY84M,JENNIE,1,55478,0.0020641,93
2026-06-04,IT,6hkKbkZGvAXuvle2FhCnxy,Shablo,1,55467,0.00206369,94
2026-06-04,IT,6nVcHLIgY5pE2YCl8ubca1,JHAYCO,1,54807,0.002039135,95
2026-06-04,IT,7krakxeyEmge6pzTthKNyg,The Bausa,1,54336,0.002021611,96
2026-06-04,IT,0fTSzq9jAh4c36UVb4V7CB,Alex Warren,1,54086,0.002012309,97
2026-06-04,IT,6JhUHne9H09NdkTI5E9GSt,Dardust,1,53958,0.002007547,98
2026-06-04,IT,716NhGYqD1jl2wI1Qkgq36,Bizarrap,1,53765,0.002000366,99
2026-06-04,IT,7GgpsUpkj3olseoaTY7TEY,Elodie,1,53566,0.001992962,100
2026-06-04,IT,3Isy6kedDrgPYoTS1dazA9,Sean Paul,1,53457,0.001988907,101
2026-06-04,IT,1vfezMIyCr4XUdYRaKIKi3,Keyshia Cole,1,53457,0.001988907,101
2026-06-04,IT,6FcVd3KlRxozcLl19FMXu9,Max Pezzali,1,53435,0.001988088,102
2026-06-04,IT,687cZJR45JO7jhk1LHIbgq,Tems,1,53338,0.001984479,103
2026-06-04,IT,6Ip8FS7vWT1uKkJSweANQK,Dave,1,53338,0.001984479,103
2026-06-04,IT,7CvTknweLr9feJtRGrpDBy,FloyyMenor,1,53058,0.001974062,104
2026-06-04,IT,1Yj5Xey7kTwvZla8sqdsdE,Cris MJ,1,53058,0.001974062,104
2026-06-04,IT,3AVx3OBPIk4pJQllAXoVs1,Gaia,1,52486,0.00195278,105
2026-06-04,IT,4gzpq5DPGxSnKTe4SA8HAU,Coldplay,1,51547,0.001917844,106
2026-06-04,IT,2eFv7NVs8R6Go7msuqikeg,Pino Daniele,1,51029,0.001898571,107
2026-06-04,IT,1vyhD5VmyZ7KMfW5gqLgo5,J Balvin,1,50982,0.001896823,108
2026-06-04,IT,2tIP7SsRs7vjIcLrU85W8J,The Kid LAROI,1,50561,0.001881159,109
2026-06-04,IT,6wH6iStAh4KIaWfuhf0NYM,Manu Chao,1,50451,0.001877066,110
2026-06-04,IT,5YV5crRpcdknHgEzystZHr,SHUNE,1,50390,0.001874797,111
2026-06-04,IT,7zPS3i8YJBNeDcqXUHfCMr,AVA,1,50225,0.001868658,112
2026-06-04,IT,22wbnEMDvgVIAGdFeek6ET,Benson Boone,1,50221,0.001868509,113
2026-06-04,IT,6FPxOArEPVZUDv925qq8IQ,CLARA,1,48911,0.00181977,114
2026-06-04,IT,7dL0nOHwnSAsNAwpkPSGWP,sangiovanni,1,48911,0.00181977,114
2026-06-04,IT,6XyY86QOPPrYVGvF9ch6wz,Linkin Park,1,48836,0.001816979,115
2026-06-04,IT,0r310cYIlI5aMcuDTChNlO,Loretta Goggi,1,48548,0.001806264,116
2026-06-04,IT,7tmTvmqgTBcX88ZrSHByrD,nayt,1,48453,0.001802729,117
2026-06-04,IT,0QrUbsrL5imqntAfDl8i7q,Fred De Palma,2,310968,0.011569792,20
2026-06-04,IT,38CThoTDmXugNnfonW466d,Jiz,2,275293,0.010242478,23
2026-06-04,IT,3hN3iJMbbBmqBSAMx5veDa,Ultimo,2,259125,0.009640936,24
2026-06-04,IT,1l1A1U8VJM15W7zonFqKhg,Succo,2,215926,0.008033685,31
2026-06-04,IT,2ifTEcQqKSPwijIEcPHQ1R,Flatpearl,2,215926,0.008033685,31
2026-06-04,IT,1dlyjeDlgXalzt5oqbgWDs,G.Mineiro,2,215926,0.008033685,31
2026-06-04,IT,47z0zz9ZMCn9GBiPRTn5Bc,Tommaso Paradiso,2,198125,0.007371386,32
2026-06-04,IT,1QeqGmpgU5Yg74GNcjIIq3,Fulminacci,2,173422,0.006452293,33
2026-06-04,IT,0gzwXezN4IUHAwLufA6YcX,Emma,2,169534,0.006307637,34
2026-06-04,IT,0EqkKYDK9EkKY5N7zU3FPv,Annalisa,2,141437,0.005262267,37
2026-06-04,IT,7cdIY4mDfM1dbjgl7s2fGR,Sal Da Vinci,2,135725,0.005049748,39
2026-06-04,IT,52iwsT98xCoGgiGntTiR7K,Quevedo,2,133832,0.004979318,40
2026-06-04,IT,2aiM1OfMODFLUXaQgEVPK1,Roberto Ferrante,2,133268,0.004958334,41
2026-06-04,IT,1UjxAZqzphB1tsMb1aWBj0,Omega,2,133268,0.004958334,41
2026-06-04,IT,07yfI2D37Ir0pGQ8huDd4j,TonyPitony,2,111669,0.004154727,47
2026-06-04,IT,11TplWqOPQBTmg2eiSLt1m,Tiziano Ferro,2,105987,0.003943324,49
2026-06-04,IT,7F2utINZ6tSokSiZTQBE27,Guè,2,105702,0.00393272,50
2026-06-04,IT,6RdcIWVKYYzNzjQRd3oyHS,Pinguini Tattici Nucleari,3,292108,0.010868092,21
2026-06-04,IT,0jdNdfi4vAuVi7a6cPDFBM,Lazza,3,258694,0.0096249,25
2026-06-04,IT,5dXlc7MnpaTeUIsHLVe3n4,Coez,3,235211,0.008751198,27
2026-06-04,IT,7GacyaFUp0qkEJglERX9N7,Alfa,3,221130,0.008227304,29
2026-06-04,IT,396Jr76018oUMR6QBnqT8T,Cesare Cremonini,3,216040,0.008037927,30
2026-06-04,IT,2n0Ki4A5tKTEloq3WCt1IH,Samurai Jay,4,560981,0.020871709,10
2026-06-04,IT,2QJ1AReDewmz4fcRhGxW6Y,Vito Salamanca,4,560981,0.020871709,10
2026-06-04,IT,3HAwumPgGOSXlZSyGWuLhB,Sayf,4,338412,0.012590867,17
2026-06-04,IT,3yiEJ9SByXZMXTwaKdVFN4,Luchè,4,326573,0.012150388,18
2026-06-04,IT,3fhMfkPPzksWuw0hEm4ldm,Ernia,4,283007,0.010529483,22
2026-06-04,IT,3fMbdgg4jU18AjLCKBhRSm,Michael Jackson,5,393811,0.014652027,15
2026-06-04,IT,3LvwPiJQJ0da0GurKMToV0,Baby Gang,5,315273,0.011729963,19
2026-06-04,IT,2R4kNOwHUUsuDYhKsESVbF,Artie 5ive,6,868991,0.032331447,4
2026-06-04,IT,7K80yOTC0Id95gRaOxDG5u,ANNA,6,646613,0.024057711,8
2026-06-04,IT,7FeObngbQ0GY3SojNwKdKn,Bresh,6,623494,0.023197552,9
2026-06-04,IT,0lI3rF4hi4op6UxqlLHPzv,Achille Lauro,6,472378,0.01757517,13
2026-06-04,IT,1AgAVqo74e2q4FVvg0xpT7,Tedua,6,439184,0.016340163,14
2026-06-04,IT,5SulO4l40qDuV9zUGLZx7n,Capo Plaza,6,389464,0.014490294,16
2026-06-04,IT,25u1DN0MwQVSav4XoJS7hl,Olly,7,534664,0.019892566,11
2026-06-04,IT,5AZuEF0feCXMkUCwQiQlW7,Marracash,7,474009,0.017635852,12
2026-06-04,IT,4rj3KWaLAnuxgtMMkypZhf,Juli,8,650958,0.02421937,7
2026-06-04,IT,4q3ewBCX7sLwd24euuV69X,Bad Bunny,9,818207,0.030441991,5
2026-06-04,IT,0EUR8jz8L936AEbV2Spkca,Kid Yugi,11,739830,0.027525918,6
2026-06-04,IT,23TFHmajVfBtlRx5MXqgoz,Sfera Ebbasta,12,1031183,0.03836592,3
2026-06-04,IT,27LlKWxS3KXW7RRAxN5S8s,Geolier,13,1595362,0.059356613,2
2026-06-04,IT,2K5nCggbhSZ00YCYP5qkZS,Shiva,19,2051977,0.076345309,1
2026-06-08,IT,6PsQc21YZU7WNfiODG69Qk,Tony Boy,1,266552,0.009952594,25
2026-06-08,IT,6FtwCmLY6L1sqvjaQ2lV6G,Emis Killa,1,241683,0.009024028,26
2026-06-08,IT,7FNnA9vBm6EKceENgCGRMb,Anitta,1,241683,0.009024028,26
2026-06-08,IT,7108jelN43seqWILMvJwKi,Serena Brancale,1,217159,0.008108344,31
2026-06-08,IT,5mTg1ztZByLRHsOEtwmT4G,Levante,1,217159,0.008108344,31
2026-06-08,IT,0BjRnUqiITQwjqGtTeoxUS,DELIA,1,217159,0.008108344,31
2026-06-08,IT,1cKyknhftNKXCjMBd2hDrG,DYSTINCT,1,201437,0.007521312,32
2026-06-08,IT,51OKuyM4BiiYxFm8Mi6fa9,Mauvais djo,1,152514,0.005694611,37
2026-06-08,IT,1uNFoZAHBGtllmzznpCI3s,Justin Bieber,1,144409,0.005391984,38
2026-06-08,IT,0hCNtLu0JehylgoiP8L4Gh,Nicki Minaj,1,144409,0.005391984,38
2026-06-08,IT,3m5qlPf2OkihLz3dRYnkPA,Ovy On The Drums,1,132865,0.004960951,39
2026-06-08,IT,7a0XAaPaK2aDSqa8p3QnC7,Beéle,1,132865,0.004960951,39
2026-06-08,IT,5uwa6tAMMfNbBFIHiI6NV4,W Sound,1,132865,0.004960951,39
2026-06-08,IT,6X5L6rmyvrWWu60Gx6exiZ,54 Ultra,1,123975,0.004629014,43
2026-06-08,IT,4p5WgeiPSPpqPDs7T6OkWf,ANOTR,1,123975,0.004629014,43
2026-06-08,IT,26toJml6wSdf58ZgNG0ci9,Dipinto,1,120032,0.004481789,44
2026-06-08,IT,6HQ27YefiitrZ9YsWrgRHX,Fresh Beatz,1,120032,0.004481789,44
2026-06-08,IT,7tmMPdOmFvdRvbj2aWoiRi,Jovanotti,1,114262,0.004266347,46
2026-06-08,IT,1vgQksyJ0IVz8y9XerEOy3,Madame,1,108679,0.004057887,47
2026-06-08,IT,44DWomjW1oDuxIoBIRpmQ4,Rhove,1,104546,0.003903568,48
2026-06-08,IT,01XCyobLTxOrswogL7YNIu,Dibla,1,104176,0.003889753,49
2026-06-08,IT,5mHUmlJWkcoOk1NbjfrXWz,Temper City,1,103215,0.003853871,50
2026-06-08,IT,0TnOYISbd1XYRBk9myaseg,Pitbull,1,95633,0.003570772,53
2026-06-08,IT,2DlGxzQSjYe5N6G9nkYghR,Jennifer Lopez,1,95633,0.003570772,53
2026-06-08,IT,6USv9qhCn6zfxlBQIYJ9qs,Dominic Fike,1,87247,0.003257653,54
2026-06-08,IT,2R21vXR83lH98kGeO99Y66,Anuel AA,1,83938,0.003134101,55
2026-06-08,IT,0lQtBhjEJpoOroQS6fbWMc,Aka 7even,1,80682,0.003012527,56
2026-06-08,IT,5FwDaIGy29GQC5d0MR7fKf,LDA,1,80682,0.003012527,56
2026-06-08,IT,0F3tUZeb9dLNEpxCpzEBQt,SOLTO (FR),1,79915,0.002983889,57
2026-06-08,IT,5PlfkPxwCpRRWQJBxCa0By,HUGEL,1,79915,0.002983889,57
2026-06-08,IT,1uZVxckdGGKhFMpCnupXmP,Los Pleneros de la Cresta,1,79888,0.002982881,58
2026-06-08,IT,1c22GXH30ijlOfXhfLz9Df,Elvis Crespo,1,76271,0.002847828,59
2026-06-08,IT,5p9HO3XC5P3BLxJs5Mtrhm,Djo,1,76011,0.00283812,60
2026-06-08,IT,5H1nN1SzW0qNeUEZvuXjAj,Danny Ocean,1,72289,0.002699147,61
2026-06-08,IT,05brE7yGJDmIYlMirfSi0B,Federica Abbate,1,71105,0.002654939,62
2026-06-08,IT,7HtzacrJpksCiS6qHypb8l,Ditonellapiaga,1,70650,0.00263795,63
2026-06-08,IT,7h1amg0X7Q5d0D5KfuyKTg,Pyrex,1,70574,0.002635112,64
2026-06-08,IT,2iK8weavvfS2xJCmzNzNE5,J-AX,1,70333,0.002626114,65
2026-06-08,IT,790FomKkXshlbRYZFtlgla,KAROL G,1,69146,0.002581793,66
2026-06-08,IT,66CXWjxzNUsdJxJ2JdwvnR,Ariana Grande,1,69022,0.002577163,67
2026-06-08,IT,3DeOmVSmpv7WknXoo1OS8p,Alleh,1,67499,0.002520297,68
2026-06-08,IT,4eq1q0o9XPyNq9RG3fNDD1,Yorghaki,1,67499,0.002520297,68
2026-06-08,IT,2oQX8QiMXOyuqbcZEFsZfm,El Alfa,1,66327,0.002476536,69
2026-06-08,IT,30fnIb0InCgAp2IPY17nqd,RRARI DAL TACCO,1,65694,0.002452901,70
2026-06-08,IT,2tIP7SsRs7vjIcLrU85W8J,The Kid LAROI,1,65665,0.002451818,71
2026-06-08,IT,2sil8z5kiy4r76CRTXxBCA,The Goo Goo Dolls,1,64581,0.002411344,72
2026-06-08,IT,1eBPcZCSWh1EAv0aOXusye,Higashi,1,64064,0.00239204,73
2026-06-08,IT,7gjqZ8coFZimZDtdk04WP1,MACE,1,63432,0.002368442,74
2026-06-08,IT,2tOGpIgNsnDk6BxqFU2vCX,Il Ghost,1,62022,0.002315795,75
2026-06-08,IT,5KKpBU5eC2tJDzf0wmlRp2,RAYE,1,61693,0.002303511,76
2026-06-08,IT,5iot8OPcosJN9nCl7I5SdK,Irama,1,61449,0.0022944,77
2026-06-08,IT,2mUoO8KgRQOOzR0VoUWoEV,Latrelle,1,60127,0.002245039,78
2026-06-08,IT,1A6HBLulvBFzNtlMb7b08f,Angelina Mango,1,59988,0.002239849,79
2026-06-08,IT,2dAKW1tsAariQ0Ta2gqp8N,Gow Tribe,1,59067,0.00220546,80
2026-06-08,IT,10exVja0key0uqUkk6LJRT,Vance Joy,1,58716,0.002192355,81
2026-06-08,IT,5JsnFhU4OqgEtNXs7Sq1Vm,Malive,1,58328,0.002177867,82
2026-06-08,IT,1HBjj22wzbscIZ9sEb5dyf,Jonas Blue,1,58328,0.002177867,82
2026-06-08,IT,11TplWqOPQBTmg2eiSLt1m,Tiziano Ferro,1,57287,0.002138998,83
2026-06-08,IT,5NGO30tJxFlKixkPSgXcFE,The Police,1,57257,0.002137878,84
2026-06-08,IT,0RMJOzHDhAKY1o2j0W0vxY,EJAE,1,57128,0.002133061,85
2026-06-08,IT,0Wwji82sLA0Hcvtuak3omb,AUDREY NUNA,1,57128,0.002133061,85
2026-06-08,IT,2yNNYQBChuox9A5Ka93BIn,HUNTR/X,1,57128,0.002133061,85
2026-06-08,IT,6U1dV7aL68N7Gb0Naq34V5,REI AMI,1,57128,0.002133061,85
2026-06-08,IT,7mW7Tv7NvywKKXqafZo0Lc,KPop Demon Hunters Cast,1,57128,0.002133061,85
2026-06-08,IT,5BcAKTbp20cv7tC5VqPFoC,Macklemore & Ryan Lewis,1,57080,0.002131269,86
2026-06-08,IT,4e0nWw2r4BoQSKPQ2zpU13,Ray Dalton,1,57080,0.002131269,86
2026-06-08,IT,3JhNCzhSMTxs9WLGJJxWOY,Macklemore,1,57080,0.002131269,86
2026-06-08,IT,5mZJerulcERBZV7xnhrVp1,Ryan Lewis,1,57080,0.002131269,86
2026-06-08,IT,5bv5RplEOwdCvhq0EILh9E,Lucenzo,1,56538,0.002111032,87
2026-06-08,IT,33ScadVnbm2X8kkUqOkC6Z,Don Omar,1,56538,0.002111032,87
2026-06-08,IT,6YBgd2LKccEB3pX6UaW1Yp,Thegiornalisti,1,56444,0.002107522,88
2026-06-08,IT,1Yj5Xey7kTwvZla8sqdsdE,Cris MJ,1,56435,0.002107186,89
2026-06-08,IT,7CvTknweLr9feJtRGrpDBy,FloyyMenor,1,56435,0.002107186,89
2026-06-08,IT,1Xylc3o4UrD53lo9CvFvVg,Zara Larsson,1,56385,0.002105319,90
2026-06-08,IT,6bMul6rmRS03x38tWKYifO,883,1,55859,0.002085679,91
2026-06-08,IT,2cy1zPcrFcXAJTP0APWewL,Gente De Zona,1,54803,0.00204625,92
2026-06-08,IT,4wLXwxDeWQ8mtUIRPxGiD6,Marc Anthony,1,54803,0.00204625,92
2026-06-08,IT,6nVcHLIgY5pE2YCl8ubca1,JHAYCO,1,54599,0.002038633,93
2026-06-08,IT,4G9NDjRyZFDlJKMRL8hx3S,sombr,1,54598,0.002038596,94
2026-06-08,IT,1McMsnEElThX1knmY4oliG,Olivia Rodrigo,1,54319,0.002028178,95
2026-06-08,IT,056KMTw6IztdQjBmFfVyO3,Rkomi,1,54078,0.00201918,96
2026-06-08,IT,07yfI2D37Ir0pGQ8huDd4j,TonyPitony,1,53794,0.002008576,97
2026-06-08,IT,2CCgb0KApjfQDuTppovpf8,Rvfv,1,53672,0.00200402,98
2026-06-08,IT,6RWMnZmXs8Ob715qLr4374,Aissa,1,53672,0.00200402,98
2026-06-08,IT,7krakxeyEmge6pzTthKNyg,The Bausa,1,53431,0.001995022,99
2026-06-08,IT,716NhGYqD1jl2wI1Qkgq36,Bizarrap,1,53404,0.001994014,100
2026-06-08,IT,5INjqkS1o8h1imAzPqGZBb,Tame Impala,1,52890,0.001974822,101
2026-06-08,IT,250b0Wlc5Vk0CoUsaCY84M,JENNIE,1,52890,0.001974822,101
2026-06-08,IT,5RTLRtXjbXI2lSXc6jxlAz,Ravyn Lenae,1,52486,0.001959737,102
2026-06-08,IT,08ppjXEpROUgrG1X0DEquB,Nerissima Serpe,1,51300,0.001915454,103
2026-06-08,IT,3wDn3kW2zDRLnaQAnX0S3x,Dat Boi Dee,1,51190,0.001911347,104
2026-06-08,IT,76UCIJTB0jcJvBaL0CdIqx,Takagi & Ketra,1,51190,0.001911347,104
2026-06-08,IT,2jnjbAYKylrmBMCFZE0OCK,Poison Beatz,1,51095,0.0019078,105
2026-06-08,IT,5YV5crRpcdknHgEzystZHr,SHUNE,1,50797,0.001896673,106
2026-06-08,IT,7KFOc3T4Xo8DVZt4PWw2qN,Gazzelle,1,50354,0.001880132,107
2026-06-08,IT,0fTSzq9jAh4c36UVb4V7CB,Alex Warren,1,50241,0.001875913,108
2026-06-08,IT,3AVx3OBPIk4pJQllAXoVs1,Gaia,1,50191,0.001874046,109
2026-06-08,IT,6wH6iStAh4KIaWfuhf0NYM,Manu Chao,1,50076,0.001869752,110
2026-06-08,IT,6FcVd3KlRxozcLl19FMXu9,Max Pezzali,1,49631,0.001853136,111
2026-06-08,IT,6Ip8FS7vWT1uKkJSweANQK,Dave,1,49437,0.001845893,112
2026-06-08,IT,687cZJR45JO7jhk1LHIbgq,Tems,1,49437,0.001845893,112
2026-06-08,IT,4gzpq5DPGxSnKTe4SA8HAU,Coldplay,1,49434,0.001845781,113
2026-06-08,IT,1vyhD5VmyZ7KMfW5gqLgo5,J Balvin,1,49345,0.001842458,114
2026-06-08,IT,2Ny7KtAFxJ0Ac3FPBiClWW,Yunes LaGrintaa,1,49301,0.001840815,115
2026-06-08,IT,2SLBMi00NHiYhfnJ36aTvd,Kassimi,1,49301,0.001840815,115
2026-06-08,IT,0VNf9xwpp1f2TFUH2Q85Ar,Lucifer,1,49301,0.001840815,115
2026-06-08,IT,6cE2WyjXwngsJynb3uk1WO,Néza,1,49301,0.001840815,115
2026-06-08,IT,5CqlDzj8DSqsklkXuTYfSd,Nabi,1,49301,0.001840815,115
2026-06-08,IT,3Isy6kedDrgPYoTS1dazA9,Sean Paul,1,49218,0.001837716,116
2026-06-08,IT,1vfezMIyCr4XUdYRaKIKi3,Keyshia Cole,1,49218,0.001837716,116
2026-06-08,IT,1fctva4kpRbg2k3v7kwRuS,Rvssian,1,48954,0.001827858,117
2026-06-08,IT,13jvLDXME7yplEwCweRivE,Tutti Fenomeni,1,48909,0.001826178,118
2026-06-08,IT,2nftqfbLohpDYzY8VUlvbm,Benji & Fede,1,47953,0.001790483,119
2026-06-08,IT,6HabM2PUM519iIxervGWSb,Prospa,1,47647,0.001779057,120
2026-06-08,IT,7MdlXmq2HViAJWo9cf30sR,Cloonee,1,47647,0.001779057,120
2026-06-08,IT,7zPS3i8YJBNeDcqXUHfCMr,AVA,1,47465,0.001772262,121
2026-06-08,IT,6289Bbkkk3gaCbh1K7Rv8F,Izi,1,47243,0.001763973,122
2026-06-08,IT,5Cb508kGFzNJvPDsu9KgP2,Whizy,1,47026,0.00175587,123
2026-06-08,IT,0G8zq8IrKIR5at4Lsq2XmV,DDM 80146,1,47026,0.00175587,123
2026-06-08,IT,0Yg29FX1M4ayqjXs0ttZFq,Young Cister,1,46477,0.001735371,124
2026-06-08,IT,2eFv7NVs8R6Go7msuqikeg,Pino Daniele,1,46374,0.001731526,125
2026-06-08,IT,38CThoTDmXugNnfonW466d,Jiz,2,322723,0.012049923,15
2026-06-08,IT,0QrUbsrL5imqntAfDl8i7q,Fred De Palma,2,297117,0.011093839,19
2026-06-08,IT,3hN3iJMbbBmqBSAMx5veDa,Ultimo,2,238514,0.008905703,27
2026-06-08,IT,6RdcIWVKYYzNzjQRd3oyHS,Pinguini Tattici Nucleari,2,217434,0.008118612,30
2026-06-08,IT,47z0zz9ZMCn9GBiPRTn5Bc,Tommaso Paradiso,2,183061,0.006835184,33
2026-06-08,IT,7GacyaFUp0qkEJglERX9N7,Alfa,2,164338,0.006136099,34
2026-06-08,IT,1QeqGmpgU5Yg74GNcjIIq3,Fulminacci,2,156559,0.005845644,35
2026-06-08,IT,0gzwXezN4IUHAwLufA6YcX,Emma,2,153999,0.005750058,36
2026-06-08,IT,0EqkKYDK9EkKY5N7zU3FPv,Annalisa,2,131533,0.004911216,40
2026-06-08,IT,1UjxAZqzphB1tsMb1aWBj0,Omega,2,130391,0.004868576,41
2026-06-08,IT,2aiM1OfMODFLUXaQgEVPK1,Roberto Ferrante,2,130391,0.004868576,41
2026-06-08,IT,52iwsT98xCoGgiGntTiR7K,Quevedo,2,129675,0.004841842,42
2026-06-08,IT,7cdIY4mDfM1dbjgl7s2fGR,Sal Da Vinci,2,118068,0.004408456,45
2026-06-08,IT,7GgpsUpkj3olseoaTY7TEY,Elodie,2,102538,0.003828593,51
2026-06-08,IT,3g9MKjIP9xrMTY5Pbwr6Nk,Kreamly,2,100149,0.003739392,52
2026-06-08,IT,0jdNdfi4vAuVi7a6cPDFBM,Lazza,3,237723,0.008876169,28
2026-06-08,IT,5dXlc7MnpaTeUIsHLVe3n4,Coez,3,218538,0.008159834,29
2026-06-08,IT,2QJ1AReDewmz4fcRhGxW6Y,Vito Salamanca,4,516237,0.019275404,10
2026-06-08,IT,2n0Ki4A5tKTEloq3WCt1IH,Samurai Jay,4,516237,0.019275404,10
2026-06-08,IT,2ifTEcQqKSPwijIEcPHQ1R,Flatpearl,4,464487,0.017343147,11
2026-06-08,IT,1l1A1U8VJM15W7zonFqKhg,Succo,4,464487,0.017343147,11
2026-06-08,IT,1dlyjeDlgXalzt5oqbgWDs,G.Mineiro,4,464487,0.017343147,11
2026-06-08,IT,3fMbdgg4jU18AjLCKBhRSm,Michael Jackson,4,308899,0.011533758,16
2026-06-08,IT,3HAwumPgGOSXlZSyGWuLhB,Sayf,4,290593,0.010850244,21
2026-06-08,IT,3yiEJ9SByXZMXTwaKdVFN4,Luchè,4,288281,0.010763918,22
2026-06-08,IT,5AZuEF0feCXMkUCwQiQlW7,Marracash,4,279666,0.010442248,23
2026-06-08,IT,3fhMfkPPzksWuw0hEm4ldm,Ernia,4,271152,0.01012435,24
2026-06-08,IT,2R4kNOwHUUsuDYhKsESVbF,Artie 5ive,5,792993,0.029608998,5
2026-06-08,IT,5SulO4l40qDuV9zUGLZx7n,Capo Plaza,5,308670,0.011525208,17
2026-06-08,IT,1AgAVqo74e2q4FVvg0xpT7,Tedua,5,306082,0.011428577,18
2026-06-08,IT,3LvwPiJQJ0da0GurKMToV0,Baby Gang,5,294931,0.011012217,20
2026-06-08,IT,7K80yOTC0Id95gRaOxDG5u,ANNA,6,598724,0.022355327,8
2026-06-08,IT,0lI3rF4hi4op6UxqlLHPzv,Achille Lauro,6,458935,0.017135845,12
2026-06-08,IT,25u1DN0MwQVSav4XoJS7hl,Olly,6,441246,0.016475368,13
2026-06-08,IT,396Jr76018oUMR6QBnqT8T,Cesare Cremonini,6,416599,0.015555092,14
2026-06-08,IT,7FeObngbQ0GY3SojNwKdKn,Bresh,7,640452,0.023913378,6
2026-06-08,IT,4rj3KWaLAnuxgtMMkypZhf,Juli,7,555795,0.020752431,9
2026-06-08,IT,4q3ewBCX7sLwd24euuV69X,Bad Bunny,9,793830,0.02964025,4
2026-06-08,IT,0EUR8jz8L936AEbV2Spkca,Kid Yugi,10,627490,0.0234294,7
2026-06-08,IT,23TFHmajVfBtlRx5MXqgoz,Sfera Ebbasta,12,1134739,0.042369207,3
2026-06-08,IT,27LlKWxS3KXW7RRAxN5S8s,Geolier,14,1451974,0.054214217,2
2026-06-08,IT,2K5nCggbhSZ00YCYP5qkZS,Shiva,17,1775405,0.066290576,1
2026-06-15,IT,7FNnA9vBm6EKceENgCGRMb,Anitta,1,234608,0.009108014,26
2026-06-15,IT,6FtwCmLY6L1sqvjaQ2lV6G,Emis Killa,1,234608,0.009108014,26
2026-06-15,IT,5mTg1ztZByLRHsOEtwmT4G,Levante,1,216366,0.008399818,30
2026-06-15,IT,0BjRnUqiITQwjqGtTeoxUS,DELIA,1,216366,0.008399818,30
2026-06-15,IT,1cKyknhftNKXCjMBd2hDrG,DYSTINCT,1,201869,0.007837012,31
2026-06-15,IT,6PsQc21YZU7WNfiODG69Qk,Tony Boy,1,170357,0.006613645,33
2026-06-15,IT,51OKuyM4BiiYxFm8Mi6fa9,Mauvais djo,1,148337,0.005758778,38
2026-06-15,IT,3m5qlPf2OkihLz3dRYnkPA,Ovy On The Drums,1,135147,0.005246713,40
2026-06-15,IT,7a0XAaPaK2aDSqa8p3QnC7,Beéle,1,135147,0.005246713,40
2026-06-15,IT,5uwa6tAMMfNbBFIHiI6NV4,W Sound,1,135147,0.005246713,40
2026-06-15,IT,1uNFoZAHBGtllmzznpCI3s,Justin Bieber,1,129102,0.005012032,42
2026-06-15,IT,0hCNtLu0JehylgoiP8L4Gh,Nicki Minaj,1,129102,0.005012032,42
2026-06-15,IT,6X5L6rmyvrWWu60Gx6exiZ,54 Ultra,1,127365,0.004944598,44
2026-06-15,IT,4p5WgeiPSPpqPDs7T6OkWf,ANOTR,1,127365,0.004944598,44
2026-06-15,IT,7tmMPdOmFvdRvbj2aWoiRi,Jovanotti,1,117430,0.004558899,47
2026-06-15,IT,44DWomjW1oDuxIoBIRpmQ4,Rhove,1,107767,0.004183759,50
2026-06-15,IT,1vgQksyJ0IVz8y9XerEOy3,Madame,1,107059,0.004156273,51
2026-06-15,IT,5mHUmlJWkcoOk1NbjfrXWz,Temper City,1,102167,0.003966354,53
2026-06-15,IT,26toJml6wSdf58ZgNG0ci9,Dipinto,1,101537,0.003941896,54
2026-06-15,IT,6HQ27YefiitrZ9YsWrgRHX,Fresh Beatz,1,101537,0.003941896,54
2026-06-15,IT,2LRoIwlKmHjgvigdNGBHNo,Feid,1,96922,0.003762732,56
2026-06-15,IT,01XCyobLTxOrswogL7YNIu,Dibla,1,95736,0.003716688,58
2026-06-15,IT,7F2utINZ6tSokSiZTQBE27,Guè,1,94026,0.003650302,59
2026-06-15,IT,4Xsf5hhfIyhTgiVymlPLA7,22simba,1,94026,0.003650302,59
2026-06-15,IT,5PlfkPxwCpRRWQJBxCa0By,HUGEL,1,89292,0.003466518,60
2026-06-15,IT,0F3tUZeb9dLNEpxCpzEBQt,SOLTO (FR),1,89292,0.003466518,60
2026-06-15,IT,3xGlLcG9CUrs5MvFkSLOS5,Marco Mengoni,1,85744,0.003328776,61
2026-06-15,IT,6USv9qhCn6zfxlBQIYJ9qs,Dominic Fike,1,83254,0.003232109,62
2026-06-15,IT,2R21vXR83lH98kGeO99Y66,Anuel AA,1,82684,0.00320998,63
2026-06-15,IT,2DlGxzQSjYe5N6G9nkYghR,Jennifer Lopez,1,82061,0.003185794,64
2026-06-15,IT,0TnOYISbd1XYRBk9myaseg,Pitbull,1,82061,0.003185794,64
2026-06-15,IT,1c22GXH30ijlOfXhfLz9Df,Elvis Crespo,1,81862,0.003178068,65
2026-06-15,IT,5iot8OPcosJN9nCl7I5SdK,Irama,1,77102,0.002993274,66
2026-06-15,IT,72A0Z8q8NiochyK9gUHpCR,The Kolors,1,76346,0.002963925,67
2026-06-15,IT,5rRcnWrevHgbuWjl7Lhft7,Merk & Kremont,1,76346,0.002963925,67
2026-06-15,IT,1uZVxckdGGKhFMpCnupXmP,Los Pleneros de la Cresta,1,73338,0.002847147,68
2026-06-15,IT,5p9HO3XC5P3BLxJs5Mtrhm,Djo,1,70512,0.002737436,69
2026-06-15,IT,2tIP7SsRs7vjIcLrU85W8J,The Kid LAROI,1,70371,0.002731962,70
2026-06-15,IT,790FomKkXshlbRYZFtlgla,KAROL G,1,69308,0.002690694,71
2026-06-15,IT,6bMul6rmRS03x38tWKYifO,883,1,68663,0.002665653,72
2026-06-15,IT,0EmeFodog0BfCgMzAIvKQp,Shakira,1,68462,0.00265785,73
2026-06-15,IT,3wcj11K77LjEY1PkEazffa,Burna Boy,1,68462,0.00265785,73
2026-06-15,IT,05brE7yGJDmIYlMirfSi0B,Federica Abbate,1,67193,0.002608584,74
2026-06-15,IT,1eBPcZCSWh1EAv0aOXusye,Higashi,1,66566,0.002584243,75
2026-06-15,IT,4eq1q0o9XPyNq9RG3fNDD1,Yorghaki,1,65065,0.002525971,76
2026-06-15,IT,3DeOmVSmpv7WknXoo1OS8p,Alleh,1,65065,0.002525971,76
2026-06-15,IT,2dAKW1tsAariQ0Ta2gqp8N,Gow Tribe,1,64840,0.002517236,77
2026-06-15,IT,2pzFTbri7ew8mW2CbYpCNq,Astro,1,63871,0.002479617,78
2026-06-15,IT,7HtzacrJpksCiS6qHypb8l,Ditonellapiaga,1,63659,0.002471387,79
2026-06-15,IT,0lQtBhjEJpoOroQS6fbWMc,Aka 7even,1,62227,0.002415793,80
2026-06-15,IT,5FwDaIGy29GQC5d0MR7fKf,LDA,1,62227,0.002415793,80
2026-06-15,IT,2oQX8QiMXOyuqbcZEFsZfm,El Alfa,1,62116,0.002411484,81
2026-06-15,IT,4e0nWw2r4BoQSKPQ2zpU13,Ray Dalton,1,61918,0.002403797,82
2026-06-15,IT,3JhNCzhSMTxs9WLGJJxWOY,Macklemore,1,61918,0.002403797,82
2026-06-15,IT,5mZJerulcERBZV7xnhrVp1,Ryan Lewis,1,61918,0.002403797,82
2026-06-15,IT,5BcAKTbp20cv7tC5VqPFoC,Macklemore & Ryan Lewis,1,61918,0.002403797,82
2026-06-15,IT,6RWMnZmXs8Ob715qLr4374,Aissa,1,61733,0.002396615,83
2026-06-15,IT,2CCgb0KApjfQDuTppovpf8,Rvfv,1,61733,0.002396615,83
2026-06-15,IT,3g9MKjIP9xrMTY5Pbwr6Nk,Kreamly,1,61733,0.002396615,83
2026-06-15,IT,2iK8weavvfS2xJCmzNzNE5,J-AX,1,61055,0.002370293,84
2026-06-15,IT,10exVja0key0uqUkk6LJRT,Vance Joy,1,60964,0.002366761,85
2026-06-15,IT,7h1amg0X7Q5d0D5KfuyKTg,Pyrex,1,60730,0.002357676,86
2026-06-15,IT,5H1nN1SzW0qNeUEZvuXjAj,Danny Ocean,1,60032,0.002330578,87
2026-06-15,IT,66CXWjxzNUsdJxJ2JdwvnR,Ariana Grande,1,59294,0.002301927,88
2026-06-15,IT,7krakxeyEmge6pzTthKNyg,The Bausa,1,59293,0.002301889,89
2026-06-15,IT,2sil8z5kiy4r76CRTXxBCA,The Goo Goo Dolls,1,59222,0.002299132,90
2026-06-15,IT,3t5xRXzsuZmMDkQzgOX35S,Robin Schulz,1,58613,0.002275489,91
2026-06-15,IT,1HBjj22wzbscIZ9sEb5dyf,Jonas Blue,1,57918,0.002248508,92
2026-06-15,IT,5JsnFhU4OqgEtNXs7Sq1Vm,Malive,1,57918,0.002248508,92
2026-06-15,IT,5KKpBU5eC2tJDzf0wmlRp2,RAYE,1,57433,0.002229679,93
2026-06-15,IT,7gjqZ8coFZimZDtdk04WP1,MACE,1,56513,0.002193963,94
2026-06-15,IT,5NGO30tJxFlKixkPSgXcFE,The Police,1,56099,0.00217789,95
2026-06-15,IT,7H8ZC8uHJMPZGLMApRRNIz,Ligabue,1,55917,0.002170825,96
2026-06-15,IT,33ScadVnbm2X8kkUqOkC6Z,Don Omar,1,55870,0.002169,97
2026-06-15,IT,5bv5RplEOwdCvhq0EILh9E,Lucenzo,1,55870,0.002169,97
2026-06-15,IT,2eFv7NVs8R6Go7msuqikeg,Pino Daniele,1,53615,0.002081456,98
2026-06-15,IT,6JhUHne9H09NdkTI5E9GSt,Dardust,1,52810,0.002050204,99
2026-06-15,IT,2jnjbAYKylrmBMCFZE0OCK,Poison Beatz,1,52516,0.00203879,100
2026-06-15,IT,6YBgd2LKccEB3pX6UaW1Yp,Thegiornalisti,1,52386,0.002033743,101
2026-06-15,IT,6wH6iStAh4KIaWfuhf0NYM,Manu Chao,1,51815,0.002011576,102
2026-06-15,IT,2cy1zPcrFcXAJTP0APWewL,Gente De Zona,1,51685,0.002006529,103
2026-06-15,IT,4wLXwxDeWQ8mtUIRPxGiD6,Marc Anthony,1,51685,0.002006529,103
2026-06-15,IT,30fnIb0InCgAp2IPY17nqd,RRARI DAL TACCO,1,51112,0.001984284,104
2026-06-15,IT,1Yj5Xey7kTwvZla8sqdsdE,Cris MJ,1,50981,0.001979198,105
2026-06-15,IT,7CvTknweLr9feJtRGrpDBy,FloyyMenor,1,50981,0.001979198,105
2026-06-15,IT,3AVx3OBPIk4pJQllAXoVs1,Gaia,1,50392,0.001956332,106
2026-06-15,IT,2tOGpIgNsnDk6BxqFU2vCX,Il Ghost,1,50357,0.001954973,107
2026-06-15,IT,4G9NDjRyZFDlJKMRL8hx3S,sombr,1,50137,0.001946432,108
2026-06-15,IT,7MdlXmq2HViAJWo9cf30sR,Cloonee,1,50013,0.001941618,109
2026-06-15,IT,6HabM2PUM519iIxervGWSb,Prospa,1,50013,0.001941618,109
2026-06-15,IT,2yNNYQBChuox9A5Ka93BIn,HUNTR/X,1,49910,0.001937619,110
2026-06-15,IT,0RMJOzHDhAKY1o2j0W0vxY,EJAE,1,49910,0.001937619,110
2026-06-15,IT,6U1dV7aL68N7Gb0Naq34V5,REI AMI,1,49910,0.001937619,110
2026-06-15,IT,7mW7Tv7NvywKKXqafZo0Lc,KPop Demon Hunters Cast,1,49910,0.001937619,110
2026-06-15,IT,0Wwji82sLA0Hcvtuak3omb,AUDREY NUNA,1,49910,0.001937619,110
2026-06-15,IT,5l4nhyz8876RhgE2d18h65,Vasco Rossi,1,49891,0.001936882,111
2026-06-15,IT,056KMTw6IztdQjBmFfVyO3,Rkomi,1,49570,0.00192442,112
2026-06-15,IT,07yfI2D37Ir0pGQ8huDd4j,TonyPitony,1,48935,0.001899768,113
2026-06-15,IT,1fctva4kpRbg2k3v7kwRuS,Rvssian,1,48669,0.001889441,114
2026-06-15,IT,11TplWqOPQBTmg2eiSLt1m,Tiziano Ferro,1,48363,0.001877561,115
2026-06-15,IT,716NhGYqD1jl2wI1Qkgq36,Bizarrap,1,48102,0.001867429,116
2026-06-15,IT,7KFOc3T4Xo8DVZt4PWw2qN,Gazzelle,1,48097,0.001867234,117
2026-06-15,IT,1Xylc3o4UrD53lo9CvFvVg,Zara Larsson,1,48023,0.001864362,118
2026-06-15,IT,6nVcHLIgY5pE2YCl8ubca1,JHAYCO,1,47999,0.00186343,119
2026-06-15,IT,6hkKbkZGvAXuvle2FhCnxy,Shablo,1,47701,0.001851861,120
2026-06-15,IT,0fTSzq9jAh4c36UVb4V7CB,Alex Warren,1,47344,0.001838001,121
2026-06-15,IT,250b0Wlc5Vk0CoUsaCY84M,JENNIE,1,47286,0.00183575,122
2026-06-15,IT,5INjqkS1o8h1imAzPqGZBb,Tame Impala,1,47286,0.00183575,122
2026-06-15,IT,2mUoO8KgRQOOzR0VoUWoEV,Latrelle,1,47095,0.001828335,123
2026-06-15,IT,1vyhD5VmyZ7KMfW5gqLgo5,J Balvin,1,46887,0.00182026,124
2026-06-15,IT,2PEMswqQspTSsAltdeF5kO,Simba La Rue,1,46773,0.001815834,125
2026-06-15,IT,0r310cYIlI5aMcuDTChNlO,Loretta Goggi,1,46655,0.001811253,126
2026-06-15,IT,5RTLRtXjbXI2lSXc6jxlAz,Ravyn Lenae,1,46518,0.001805934,127
2026-06-15,IT,38CThoTDmXugNnfonW466d,Jiz,2,293917,0.011410524,15
2026-06-15,IT,7108jelN43seqWILMvJwKi,Serena Brancale,2,292712,0.011363743,16
2026-06-15,IT,0QrUbsrL5imqntAfDl8i7q,Fred De Palma,2,291265,0.011307567,17
2026-06-15,IT,3fMbdgg4jU18AjLCKBhRSm,Michael Jackson,2,198795,0.007717672,32
2026-06-15,IT,7GacyaFUp0qkEJglERX9N7,Alfa,2,169245,0.006570474,34
2026-06-15,IT,47z0zz9ZMCn9GBiPRTn5Bc,Tommaso Paradiso,2,167955,0.006520393,35
2026-06-15,IT,1QeqGmpgU5Yg74GNcjIIq3,Fulminacci,2,153367,0.005954054,36
2026-06-15,IT,1A6HBLulvBFzNtlMb7b08f,Angelina Mango,2,151302,0.005873886,37
2026-06-15,IT,0gzwXezN4IUHAwLufA6YcX,Emma,2,147338,0.005719995,39
2026-06-15,IT,52iwsT98xCoGgiGntTiR7K,Quevedo,2,129964,0.005045497,41
2026-06-15,IT,1UjxAZqzphB1tsMb1aWBj0,Omega,2,128682,0.004995727,43
2026-06-15,IT,2aiM1OfMODFLUXaQgEVPK1,Roberto Ferrante,2,128682,0.004995727,43
2026-06-15,IT,0EqkKYDK9EkKY5N7zU3FPv,Annalisa,2,127203,0.004938309,45
2026-06-15,IT,1AgAVqo74e2q4FVvg0xpT7,Tedua,2,123417,0.004791327,46
2026-06-15,IT,08ppjXEpROUgrG1X0DEquB,Nerissima Serpe,2,112322,0.004360594,48
2026-06-15,IT,6TLwD7HPWuiOzvXEa3oCNe,Oliver Tree,2,110478,0.004289006,49
2026-06-15,IT,7cdIY4mDfM1dbjgl7s2fGR,Sal Da Vinci,2,104702,0.004064769,52
2026-06-15,IT,6FcVd3KlRxozcLl19FMXu9,Max Pezzali,2,100268,0.003892631,55
2026-06-15,IT,7GgpsUpkj3olseoaTY7TEY,Elodie,2,95814,0.003719716,57
2026-06-15,IT,3hN3iJMbbBmqBSAMx5veDa,Ultimo,3,281217,0.010917481,19
2026-06-15,IT,6RdcIWVKYYzNzjQRd3oyHS,Pinguini Tattici Nucleari,3,250617,0.009729519,24
2026-06-15,IT,5AZuEF0feCXMkUCwQiQlW7,Marracash,3,225253,0.008744832,27
2026-06-15,IT,5dXlc7MnpaTeUIsHLVe3n4,Coez,3,218235,0.008472377,28
2026-06-15,IT,0jdNdfi4vAuVi7a6cPDFBM,Lazza,3,216510,0.008405408,29
2026-06-15,IT,2QJ1AReDewmz4fcRhGxW6Y,Vito Salamanca,4,472009,0.018324458,10
2026-06-15,IT,2n0Ki4A5tKTEloq3WCt1IH,Samurai Jay,4,472009,0.018324458,10
2026-06-15,IT,1l1A1U8VJM15W7zonFqKhg,Succo,4,441352,0.017134284,12
2026-06-15,IT,2ifTEcQqKSPwijIEcPHQ1R,Flatpearl,4,441352,0.017134284,12
2026-06-15,IT,1dlyjeDlgXalzt5oqbgWDs,G.Mineiro,4,441352,0.017134284,12
2026-06-15,IT,3HAwumPgGOSXlZSyGWuLhB,Sayf,4,278618,0.010816582,20
2026-06-15,IT,3fhMfkPPzksWuw0hEm4ldm,Ernia,4,273798,0.010629458,21
2026-06-15,IT,3yiEJ9SByXZMXTwaKdVFN4,Luchè,4,269223,0.010451847,22
2026-06-15,IT,1McMsnEElThX1knmY4oliG,Olivia Rodrigo,4,266904,0.010361818,23
2026-06-15,IT,5SulO4l40qDuV9zUGLZx7n,Capo Plaza,4,236955,0.00919913,25
2026-06-15,IT,2R4kNOwHUUsuDYhKsESVbF,Artie 5ive,5,739471,0.028707939,4
2026-06-15,IT,7K80yOTC0Id95gRaOxDG5u,ANNA,5,504285,0.019577486,8
2026-06-15,IT,396Jr76018oUMR6QBnqT8T,Cesare Cremonini,5,365588,0.014192954,14
2026-06-15,IT,3LvwPiJQJ0da0GurKMToV0,Baby Gang,5,282469,0.010966086,18
2026-06-15,IT,7FeObngbQ0GY3SojNwKdKn,Bresh,6,552363,0.021443982,7
2026-06-15,IT,0lI3rF4hi4op6UxqlLHPzv,Achille Lauro,6,498489,0.019352472,9
2026-06-15,IT,25u1DN0MwQVSav4XoJS7hl,Olly,6,454363,0.017639401,11
2026-06-15,IT,0EUR8jz8L936AEbV2Spkca,Kid Yugi,6,391676,0.015205749,13
2026-06-15,IT,4rj3KWaLAnuxgtMMkypZhf,Juli,7,554804,0.021538748,6
2026-06-15,IT,4q3ewBCX7sLwd24euuV69X,Bad Bunny,9,712386,0.027656438,5
2026-06-15,IT,23TFHmajVfBtlRx5MXqgoz,Sfera Ebbasta,15,1257139,0.048804983,3
2026-06-15,IT,2K5nCggbhSZ00YCYP5qkZS,Shiva,16,1461271,0.056729849,2
2026-06-15,IT,27LlKWxS3KXW7RRAxN5S8s,Geolier,17,1527343,0.059294914,1
2026-06-21,IT,7FNnA9vBm6EKceENgCGRMb,Anitta,1,257421,0.00993634,19
2026-06-21,IT,6FtwCmLY6L1sqvjaQ2lV6G,Emis Killa,1,257421,0.00993634,19
2026-06-21,IT,5mTg1ztZByLRHsOEtwmT4G,Levante,1,244523,0.009438483,23
2026-06-21,IT,0BjRnUqiITQwjqGtTeoxUS,DELIA,1,244523,0.009438483,23
2026-06-21,IT,1cKyknhftNKXCjMBd2hDrG,DYSTINCT,1,196165,0.007571885,30
2026-06-21,IT,51OKuyM4BiiYxFm8Mi6fa9,Mauvais djo,1,145156,0.005602959,39
2026-06-21,IT,6X5L6rmyvrWWu60Gx6exiZ,54 Ultra,1,137305,0.005299914,44
2026-06-21,IT,4p5WgeiPSPpqPDs7T6OkWf,ANOTR,1,137305,0.005299914,44
2026-06-21,IT,3m5qlPf2OkihLz3dRYnkPA,Ovy On The Drums,1,125521,0.004845057,45
2026-06-21,IT,5uwa6tAMMfNbBFIHiI6NV4,W Sound,1,125521,0.004845057,45
2026-06-21,IT,7a0XAaPaK2aDSqa8p3QnC7,Beéle,1,125521,0.004845057,45
2026-06-21,IT,6PsQc21YZU7WNfiODG69Qk,Tony Boy,1,123463,0.004765619,46
2026-06-21,IT,0hCNtLu0JehylgoiP8L4Gh,Nicki Minaj,1,123167,0.004754193,47
2026-06-21,IT,1uNFoZAHBGtllmzznpCI3s,Justin Bieber,1,123167,0.004754193,47
2026-06-21,IT,3xGlLcG9CUrs5MvFkSLOS5,Marco Mengoni,1,121934,0.0047066,48
2026-06-21,IT,7tmMPdOmFvdRvbj2aWoiRi,Jovanotti,1,118462,0.004572582,49
2026-06-21,IT,0F3tUZeb9dLNEpxCpzEBQt,SOLTO (FR),1,105744,0.004081673,52
2026-06-21,IT,5PlfkPxwCpRRWQJBxCa0By,HUGEL,1,105744,0.004081673,52
2026-06-21,IT,01XCyobLTxOrswogL7YNIu,Dibla,1,97065,0.003746667,55
2026-06-21,IT,5mHUmlJWkcoOk1NbjfrXWz,Temper City,1,93637,0.003614348,56
2026-06-21,IT,1c22GXH30ijlOfXhfLz9Df,Elvis Crespo,1,92749,0.003580072,57
2026-06-21,IT,0EmeFodog0BfCgMzAIvKQp,Shakira,1,89835,0.003467592,58
2026-06-21,IT,3wcj11K77LjEY1PkEazffa,Burna Boy,1,89835,0.003467592,58
2026-06-21,IT,44DWomjW1oDuxIoBIRpmQ4,Rhove,1,86525,0.003339828,59
2026-06-21,IT,1uZVxckdGGKhFMpCnupXmP,Los Pleneros de la Cresta,1,85578,0.003303274,60
2026-06-21,IT,5rRcnWrevHgbuWjl7Lhft7,Merk & Kremont,1,83974,0.00324136,61
2026-06-21,IT,72A0Z8q8NiochyK9gUHpCR,The Kolors,1,83974,0.00324136,61
2026-06-21,IT,2R21vXR83lH98kGeO99Y66,Anuel AA,1,82495,0.003184272,62
2026-06-21,IT,6USv9qhCn6zfxlBQIYJ9qs,Dominic Fike,1,78077,0.003013739,63
2026-06-21,IT,0TnOYISbd1XYRBk9myaseg,Pitbull,1,71494,0.002759638,64
2026-06-21,IT,2DlGxzQSjYe5N6G9nkYghR,Jennifer Lopez,1,71494,0.002759638,64
2026-06-21,IT,790FomKkXshlbRYZFtlgla,KAROL G,1,68725,0.002652755,65
2026-06-21,IT,6bMul6rmRS03x38tWKYifO,883,1,67541,0.002607054,66
2026-06-21,IT,2LRoIwlKmHjgvigdNGBHNo,Feid,1,67162,0.002592424,67
2026-06-21,IT,4eq1q0o9XPyNq9RG3fNDD1,Yorghaki,1,66280,0.00255838,68
2026-06-21,IT,3DeOmVSmpv7WknXoo1OS8p,Alleh,1,66280,0.00255838,68
2026-06-21,IT,1HBjj22wzbscIZ9sEb5dyf,Jonas Blue,1,65707,0.002536262,69
2026-06-21,IT,5JsnFhU4OqgEtNXs7Sq1Vm,Malive,1,65707,0.002536262,69
2026-06-21,IT,5p9HO3XC5P3BLxJs5Mtrhm,Djo,1,65607,0.002532402,70
2026-06-21,IT,5FwDaIGy29GQC5d0MR7fKf,LDA,1,65373,0.00252337,71
2026-06-21,IT,0lQtBhjEJpoOroQS6fbWMc,Aka 7even,1,65373,0.00252337,71
2026-06-21,IT,7krakxeyEmge6pzTthKNyg,The Bausa,1,64014,0.002470913,72
2026-06-21,IT,6RWMnZmXs8Ob715qLr4374,Aissa,1,63813,0.002463154,73
2026-06-21,IT,3g9MKjIP9xrMTY5Pbwr6Nk,Kreamly,1,63813,0.002463154,73
2026-06-21,IT,2CCgb0KApjfQDuTppovpf8,Rvfv,1,63813,0.002463154,73
2026-06-21,IT,2sil8z5kiy4r76CRTXxBCA,The Goo Goo Dolls,1,63391,0.002446865,74
2026-06-21,IT,5H1nN1SzW0qNeUEZvuXjAj,Danny Ocean,1,62918,0.002428608,75
2026-06-21,IT,1McMsnEElThX1knmY4oliG,Olivia Rodrigo,1,62700,0.002420193,76
2026-06-21,IT,7HtzacrJpksCiS6qHypb8l,Ditonellapiaga,1,62510,0.002412859,77
2026-06-21,IT,05brE7yGJDmIYlMirfSi0B,Federica Abbate,1,60733,0.002344268,78
2026-06-21,IT,2oQX8QiMXOyuqbcZEFsZfm,El Alfa,1,59684,0.002303777,79
2026-06-21,IT,2pzFTbri7ew8mW2CbYpCNq,Astro,1,59523,0.002297562,80
2026-06-21,IT,08ppjXEpROUgrG1X0DEquB,Nerissima Serpe,1,59523,0.002297562,80
2026-06-21,IT,2DaxqgrOhkeH0fpeiQq2f4,Oasis,1,59400,0.002292814,81
2026-06-21,IT,2iK8weavvfS2xJCmzNzNE5,J-AX,1,58970,0.002276217,82
2026-06-21,IT,4Xsf5hhfIyhTgiVymlPLA7,22simba,1,58897,0.002273399,83
2026-06-21,IT,7F2utINZ6tSokSiZTQBE27,Guè,1,58897,0.002273399,83
2026-06-21,IT,6JhUHne9H09NdkTI5E9GSt,Dardust,1,57971,0.002237656,84
2026-06-21,IT,1eBPcZCSWh1EAv0aOXusye,Higashi,1,57641,0.002224918,85
2026-06-21,IT,5NGO30tJxFlKixkPSgXcFE,The Police,1,56382,0.002176321,86
2026-06-21,IT,0r310cYIlI5aMcuDTChNlO,Loretta Goggi,1,56213,0.002169798,87
2026-06-21,IT,1AgAVqo74e2q4FVvg0xpT7,Tedua,1,55836,0.002155246,88
2026-06-21,IT,33ScadVnbm2X8kkUqOkC6Z,Don Omar,1,54929,0.002120236,89
2026-06-21,IT,5bv5RplEOwdCvhq0EILh9E,Lucenzo,1,54929,0.002120236,89
2026-06-21,IT,6wH6iStAh4KIaWfuhf0NYM,Manu Chao,1,54603,0.002107652,90
2026-06-21,IT,2eFv7NVs8R6Go7msuqikeg,Pino Daniele,1,54506,0.002103908,91
2026-06-21,IT,10exVja0key0uqUkk6LJRT,Vance Joy,1,54494,0.002103445,92
2026-06-21,IT,2yNNYQBChuox9A5Ka93BIn,HUNTR/X,1,54470,0.002102519,93
2026-06-21,IT,0RMJOzHDhAKY1o2j0W0vxY,EJAE,1,54470,0.002102519,93
2026-06-21,IT,6U1dV7aL68N7Gb0Naq34V5,REI AMI,1,54470,0.002102519,93
2026-06-21,IT,0Wwji82sLA0Hcvtuak3omb,AUDREY NUNA,1,54470,0.002102519,93
2026-06-21,IT,7mW7Tv7NvywKKXqafZo0Lc,KPop Demon Hunters Cast,1,54470,0.002102519,93
2026-06-21,IT,6YBgd2LKccEB3pX6UaW1Yp,Thegiornalisti,1,54353,0.002098002,94
2026-06-21,IT,7MdlXmq2HViAJWo9cf30sR,Cloonee,1,53256,0.002055659,95
2026-06-21,IT,6HabM2PUM519iIxervGWSb,Prospa,1,53256,0.002055659,95
2026-06-21,IT,7gjqZ8coFZimZDtdk04WP1,MACE,1,52887,0.002041415,96
2026-06-21,IT,7H8ZC8uHJMPZGLMApRRNIz,Ligabue,1,52487,0.002025976,97
2026-06-21,IT,5KKpBU5eC2tJDzf0wmlRp2,RAYE,1,52138,0.002012504,98
2026-06-21,IT,5l4nhyz8876RhgE2d18h65,Vasco Rossi,1,51742,0.001997219,99
2026-06-21,IT,1Yj5Xey7kTwvZla8sqdsdE,Cris MJ,1,51028,0.001969659,100
2026-06-21,IT,7CvTknweLr9feJtRGrpDBy,FloyyMenor,1,51028,0.001969659,100
2026-06-21,IT,716NhGYqD1jl2wI1Qkgq36,Bizarrap,1,50879,0.001963908,101
2026-06-21,IT,2nftqfbLohpDYzY8VUlvbm,Benji & Fede,1,50269,0.001940362,102
2026-06-21,IT,6hkKbkZGvAXuvle2FhCnxy,Shablo,1,50077,0.001932951,103
2026-06-21,IT,7zPS3i8YJBNeDcqXUHfCMr,AVA,1,49738,0.001919865,104
2026-06-21,IT,2jnjbAYKylrmBMCFZE0OCK,Poison Beatz,1,49553,0.001912725,105
2026-06-21,IT,07yfI2D37Ir0pGQ8huDd4j,TonyPitony,1,49511,0.001911103,106
2026-06-21,IT,2tIP7SsRs7vjIcLrU85W8J,The Kid LAROI,1,49435,0.00190817,107
2026-06-21,IT,2dAKW1tsAariQ0Ta2gqp8N,Gow Tribe,1,49393,0.001906549,108
2026-06-21,IT,7h1amg0X7Q5d0D5KfuyKTg,Pyrex,1,49204,0.001899253,109
2026-06-21,IT,4e0nWw2r4BoQSKPQ2zpU13,Ray Dalton,1,48825,0.001884624,110
2026-06-21,IT,3JhNCzhSMTxs9WLGJJxWOY,Macklemore,1,48825,0.001884624,110
2026-06-21,IT,5mZJerulcERBZV7xnhrVp1,Ryan Lewis,1,48825,0.001884624,110
2026-06-21,IT,5BcAKTbp20cv7tC5VqPFoC,Macklemore & Ryan Lewis,1,48825,0.001884624,110
2026-06-21,IT,056KMTw6IztdQjBmFfVyO3,Rkomi,1,48503,0.001872195,111
2026-06-21,IT,4wLXwxDeWQ8mtUIRPxGiD6,Marc Anthony,1,48159,0.001858917,112
2026-06-21,IT,2cy1zPcrFcXAJTP0APWewL,Gente De Zona,1,48159,0.001858917,112
2026-06-21,IT,1vyhD5VmyZ7KMfW5gqLgo5,J Balvin,1,47752,0.001843207,113
2026-06-21,IT,4G9NDjRyZFDlJKMRL8hx3S,sombr,1,47354,0.001827844,114
2026-06-21,IT,1fctva4kpRbg2k3v7kwRuS,Rvssian,1,47340,0.001827304,115
2026-06-21,IT,6CKch2otN4SPznHf9ms5JF,Tony Effe,1,47287,0.001825258,116
2026-06-21,IT,7KFOc3T4Xo8DVZt4PWw2qN,Gazzelle,1,47246,0.001823675,117
2026-06-21,IT,6nVcHLIgY5pE2YCl8ubca1,JHAYCO,1,46532,0.001796115,118
2026-06-21,IT,5RTLRtXjbXI2lSXc6jxlAz,Ravyn Lenae,1,46269,0.001785964,119
2026-06-21,IT,1Xylc3o4UrD53lo9CvFvVg,Zara Larsson,1,46036,0.00177697,120
2026-06-21,IT,3o7fC2O4nraaicpID6bBZW,Elettra Lamborghini,1,45765,0.001766509,121
2026-06-21,IT,3wDn3kW2zDRLnaQAnX0S3x,Dat Boi Dee,1,45482,0.001755586,122
2026-06-21,IT,76UCIJTB0jcJvBaL0CdIqx,Takagi & Ketra,1,45482,0.001755586,122
2026-06-21,IT,7108jelN43seqWILMvJwKi,Serena Brancale,2,328497,0.012679843,15
2026-06-21,IT,0QrUbsrL5imqntAfDl8i7q,Fred De Palma,2,309174,0.011933984,17
2026-06-21,IT,38CThoTDmXugNnfonW466d,Jiz,2,279966,0.010806567,18
2026-06-21,IT,26toJml6wSdf58ZgNG0ci9,Dipinto,2,209159,0.008073448,27
2026-06-21,IT,6HQ27YefiitrZ9YsWrgRHX,Fresh Beatz,2,209159,0.008073448,27
2026-06-21,IT,1A6HBLulvBFzNtlMb7b08f,Angelina Mango,2,205055,0.007915035,28
2026-06-21,IT,3fMbdgg4jU18AjLCKBhRSm,Michael Jackson,2,187600,0.007241279,31
2026-06-21,IT,1vgQksyJ0IVz8y9XerEOy3,Madame,2,175166,0.006761332,32
2026-06-21,IT,7GacyaFUp0qkEJglERX9N7,Alfa,2,173065,0.006680235,33
2026-06-21,IT,0jdNdfi4vAuVi7a6cPDFBM,Lazza,2,157848,0.006092865,35
2026-06-21,IT,5iot8OPcosJN9nCl7I5SdK,Irama,2,156986,0.006059592,36
2026-06-21,IT,47z0zz9ZMCn9GBiPRTn5Bc,Tommaso Paradiso,2,155305,0.005994706,37
2026-06-21,IT,1QeqGmpgU5Yg74GNcjIIq3,Fulminacci,2,154211,0.005952478,38
2026-06-21,IT,0gzwXezN4IUHAwLufA6YcX,Emma,2,143932,0.005555713,40
2026-06-21,IT,52iwsT98xCoGgiGntTiR7K,Quevedo,2,143628,0.005543979,41
2026-06-21,IT,0EqkKYDK9EkKY5N7zU3FPv,Annalisa,2,143584,0.005542281,42
2026-06-21,IT,1UjxAZqzphB1tsMb1aWBj0,Omega,2,117325,0.004528695,50
2026-06-21,IT,2aiM1OfMODFLUXaQgEVPK1,Roberto Ferrante,2,117325,0.004528695,50
2026-06-21,IT,7cdIY4mDfM1dbjgl7s2fGR,Sal Da Vinci,2,109351,0.004220902,51
2026-06-21,IT,3AVx3OBPIk4pJQllAXoVs1,Gaia,2,104957,0.004051295,53
2026-06-21,IT,6FcVd3KlRxozcLl19FMXu9,Max Pezzali,2,98485,0.003801479,54
2026-06-21,IT,6RdcIWVKYYzNzjQRd3oyHS,Pinguini Tattici Nucleari,3,257373,0.009934487,20
2026-06-21,IT,3HAwumPgGOSXlZSyGWuLhB,Sayf,3,231534,0.008937113,24
2026-06-21,IT,5AZuEF0feCXMkUCwQiQlW7,Marracash,3,219066,0.008455854,26
2026-06-21,IT,5dXlc7MnpaTeUIsHLVe3n4,Coez,3,205000,0.007912912,29
2026-06-21,IT,3LvwPiJQJ0da0GurKMToV0,Baby Gang,3,169078,0.006526338,34
2026-06-21,IT,7GgpsUpkj3olseoaTY7TEY,Elodie,3,143209,0.005527806,43
2026-06-21,IT,2n0Ki4A5tKTEloq3WCt1IH,Samurai Jay,4,517255,0.019965821,10
2026-06-21,IT,2QJ1AReDewmz4fcRhGxW6Y,Vito Salamanca,4,517255,0.019965821,10
2026-06-21,IT,2ifTEcQqKSPwijIEcPHQ1R,Flatpearl,4,379781,0.014659383,13
2026-06-21,IT,1dlyjeDlgXalzt5oqbgWDs,G.Mineiro,4,379781,0.014659383,13
2026-06-21,IT,1l1A1U8VJM15W7zonFqKhg,Succo,4,379781,0.014659383,13
2026-06-21,IT,3yiEJ9SByXZMXTwaKdVFN4,Luchè,4,246441,0.009512517,21
2026-06-21,IT,3fhMfkPPzksWuw0hEm4ldm,Ernia,4,245162,0.009463148,22
2026-06-21,IT,5SulO4l40qDuV9zUGLZx7n,Capo Plaza,4,228858,0.008833821,25
2026-06-21,IT,2R4kNOwHUUsuDYhKsESVbF,Artie 5ive,5,648997,0.025051005,9
2026-06-21,IT,7FeObngbQ0GY3SojNwKdKn,Bresh,5,448750,0.017321557,11
2026-06-21,IT,396Jr76018oUMR6QBnqT8T,Cesare Cremonini,5,329222,0.012707828,14
2026-06-21,IT,0EUR8jz8L936AEbV2Spkca,Kid Yugi,5,317916,0.012271421,16
2026-06-21,IT,0lI3rF4hi4op6UxqlLHPzv,Achille Lauro,6,426822,0.016475146,12
2026-06-21,IT,7K80yOTC0Id95gRaOxDG5u,ANNA,7,728256,0.028110369,7
2026-06-21,IT,4q3ewBCX7sLwd24euuV69X,Bad Bunny,9,732581,0.028277312,6
2026-06-21,IT,3hN3iJMbbBmqBSAMx5veDa,Ultimo,9,688928,0.026592325,8
2026-06-21,IT,25u1DN0MwQVSav4XoJS7hl,Olly,11,842024,0.032501765,5
2026-06-21,IT,23TFHmajVfBtlRx5MXqgoz,Sfera Ebbasta,12,1043575,0.040281547,3
2026-06-21,IT,4rj3KWaLAnuxgtMMkypZhf,Juli,12,932719,0.036002553,4
2026-06-21,IT,2K5nCggbhSZ00YCYP5qkZS,Shiva,14,1217535,0.046996328,2
2026-06-21,IT,27LlKWxS3KXW7RRAxN5S8s,Geolier,18,1576444,0.060850061,1
2026-06-29,IT,7FNnA9vBm6EKceENgCGRMb,Anitta,1,228261,0.008881569,23
2026-06-29,IT,6FtwCmLY6L1sqvjaQ2lV6G,Emis Killa,1,228261,0.008881569,23
2026-06-29,IT,0BjRnUqiITQwjqGtTeoxUS,DELIA,1,201071,0.007823614,26
2026-06-29,IT,5mTg1ztZByLRHsOEtwmT4G,Levante,1,201071,0.007823614,26
2026-06-29,IT,1cKyknhftNKXCjMBd2hDrG,DYSTINCT,1,196521,0.007646575,29
2026-06-29,IT,3m5qlPf2OkihLz3dRYnkPA,Ovy On The Drums,1,122910,0.004782392,43
2026-06-29,IT,7a0XAaPaK2aDSqa8p3QnC7,Beéle,1,122910,0.004782392,43
2026-06-29,IT,5uwa6tAMMfNbBFIHiI6NV4,W Sound,1,122910,0.004782392,43
2026-06-29,IT,0EmeFodog0BfCgMzAIvKQp,Shakira,1,120178,0.004676091,45
2026-06-29,IT,3wcj11K77LjEY1PkEazffa,Burna Boy,1,120178,0.004676091,45
2026-06-29,IT,0hCNtLu0JehylgoiP8L4Gh,Nicki Minaj,1,119248,0.004639905,47
2026-06-29,IT,1uNFoZAHBGtllmzznpCI3s,Justin Bieber,1,119248,0.004639905,47
2026-06-29,IT,6X5L6rmyvrWWu60Gx6exiZ,54 Ultra,1,117509,0.004572241,49
2026-06-29,IT,4p5WgeiPSPpqPDs7T6OkWf,ANOTR,1,117509,0.004572241,49
2026-06-29,IT,1c22GXH30ijlOfXhfLz9Df,Elvis Crespo,1,112614,0.004381778,50
2026-06-29,IT,7tmMPdOmFvdRvbj2aWoiRi,Jovanotti,1,109549,0.00426252,53
2026-06-29,IT,6PsQc21YZU7WNfiODG69Qk,Tony Boy,1,108718,0.004230186,54
2026-06-29,IT,2R21vXR83lH98kGeO99Y66,Anuel AA,1,103401,0.004023303,56
2026-06-29,IT,3xGlLcG9CUrs5MvFkSLOS5,Marco Mengoni,1,100502,0.003910503,57
2026-06-29,IT,0F3tUZeb9dLNEpxCpzEBQt,SOLTO (FR),1,99760,0.003881632,58
2026-06-29,IT,5mHUmlJWkcoOk1NbjfrXWz,Temper City,1,98458,0.003830972,59
2026-06-29,IT,5iot8OPcosJN9nCl7I5SdK,Irama,1,96974,0.00377323,60
2026-06-29,IT,01XCyobLTxOrswogL7YNIu,Dibla,1,77571,0.003018265,65
2026-06-29,IT,5rRcnWrevHgbuWjl7Lhft7,Merk & Kremont,1,72881,0.002835778,66
2026-06-29,IT,72A0Z8q8NiochyK9gUHpCR,The Kolors,1,72881,0.002835778,66
2026-06-29,IT,1uZVxckdGGKhFMpCnupXmP,Los Pleneros de la Cresta,1,72342,0.002814806,67
2026-06-29,IT,2eFv7NVs8R6Go7msuqikeg,Pino Daniele,1,71942,0.002799242,68
2026-06-29,IT,2DlGxzQSjYe5N6G9nkYghR,Jennifer Lopez,1,67835,0.00263944,69
2026-06-29,IT,0TnOYISbd1XYRBk9myaseg,Pitbull,1,67835,0.00263944,69
2026-06-29,IT,2LRoIwlKmHjgvigdNGBHNo,Feid,1,67630,0.002631464,70
2026-06-29,IT,6USv9qhCn6zfxlBQIYJ9qs,Dominic Fike,1,67405,0.002622709,71
2026-06-29,IT,2CCgb0KApjfQDuTppovpf8,Rvfv,1,67005,0.002607145,72
2026-06-29,IT,3g9MKjIP9xrMTY5Pbwr6Nk,Kreamly,1,67005,0.002607145,72
2026-06-29,IT,6RWMnZmXs8Ob715qLr4374,Aissa,1,67005,0.002607145,72
2026-06-29,IT,790FomKkXshlbRYZFtlgla,KAROL G,1,66952,0.002605083,73
2026-06-29,IT,7krakxeyEmge6pzTthKNyg,The Bausa,1,66910,0.002603449,74
2026-06-29,IT,05brE7yGJDmIYlMirfSi0B,Federica Abbate,1,65786,0.002559714,75
2026-06-29,IT,5p9HO3XC5P3BLxJs5Mtrhm,Djo,1,65355,0.002542944,76
2026-06-29,IT,6hkKbkZGvAXuvle2FhCnxy,Shablo,1,63810,0.002482828,77
2026-06-29,IT,3DeOmVSmpv7WknXoo1OS8p,Alleh,1,63237,0.002460533,78
2026-06-29,IT,4eq1q0o9XPyNq9RG3fNDD1,Yorghaki,1,63237,0.002460533,78
2026-06-29,IT,2sil8z5kiy4r76CRTXxBCA,The Goo Goo Dolls,1,62173,0.002419133,79
2026-06-29,IT,5NGO30tJxFlKixkPSgXcFE,The Police,1,60949,0.002371508,80
2026-06-29,IT,1eBPcZCSWh1EAv0aOXusye,Higashi,1,60796,0.002365555,81
2026-06-29,IT,6bMul6rmRS03x38tWKYifO,883,1,60740,0.002363376,82
2026-06-29,IT,7gjqZ8coFZimZDtdk04WP1,MACE,1,60194,0.002342131,83
2026-06-29,IT,2jnjbAYKylrmBMCFZE0OCK,Poison Beatz,1,59223,0.00230435,84
2026-06-29,IT,2DaxqgrOhkeH0fpeiQq2f4,Oasis,1,58675,0.002283027,85
2026-06-29,IT,1HBjj22wzbscIZ9sEb5dyf,Jonas Blue,1,58508,0.002276529,86
2026-06-29,IT,5JsnFhU4OqgEtNXs7Sq1Vm,Malive,1,58508,0.002276529,86
2026-06-29,IT,5H1nN1SzW0qNeUEZvuXjAj,Danny Ocean,1,57798,0.002248903,87
2026-06-29,IT,2oQX8QiMXOyuqbcZEFsZfm,El Alfa,1,57013,0.002218359,88
2026-06-29,IT,1cK2Abwkni7m51wJCSGllN,Ultra Naté,1,56346,0.002192406,89
2026-06-29,IT,17yREPqyU875WJnX9U082A,Imael Angel,1,56346,0.002192406,89
2026-06-29,IT,3q7HBObVc0L8jNeTe5Gofh,50 Cent,1,56149,0.002184741,90
2026-06-29,IT,2PEMswqQspTSsAltdeF5kO,Simba La Rue,1,55559,0.002161784,91
2026-06-29,IT,5bv5RplEOwdCvhq0EILh9E,Lucenzo,1,55492,0.002159178,92
2026-06-29,IT,33ScadVnbm2X8kkUqOkC6Z,Don Omar,1,55492,0.002159178,92
2026-06-29,IT,3AVx3OBPIk4pJQllAXoVs1,Gaia,1,55273,0.002150656,93
2026-06-29,IT,5FwDaIGy29GQC5d0MR7fKf,LDA,1,55239,0.002149333,94
2026-06-29,IT,0lQtBhjEJpoOroQS6fbWMc,Aka 7even,1,55239,0.002149333,94
2026-06-29,IT,7h1amg0X7Q5d0D5KfuyKTg,Pyrex,1,54107,0.002105288,95
2026-06-29,IT,2iK8weavvfS2xJCmzNzNE5,J-AX,1,53467,0.002080385,96
2026-06-29,IT,7HtzacrJpksCiS6qHypb8l,Ditonellapiaga,1,52598,0.002046573,97
2026-06-29,IT,6YBgd2LKccEB3pX6UaW1Yp,Thegiornalisti,1,51803,0.00201564,98
2026-06-29,IT,2tIP7SsRs7vjIcLrU85W8J,The Kid LAROI,1,51248,0.001994045,99
2026-06-29,IT,10exVja0key0uqUkk6LJRT,Vance Joy,1,50691,0.001972372,100
2026-06-29,IT,6HabM2PUM519iIxervGWSb,Prospa,1,50518,0.001965641,101
2026-06-29,IT,7MdlXmq2HViAJWo9cf30sR,Cloonee,1,50518,0.001965641,101
2026-06-29,IT,4G9NDjRyZFDlJKMRL8hx3S,sombr,1,50491,0.00196459,102
2026-06-29,IT,3JhNCzhSMTxs9WLGJJxWOY,Macklemore,1,49974,0.001944474,103
2026-06-29,IT,4e0nWw2r4BoQSKPQ2zpU13,Ray Dalton,1,49974,0.001944474,103
2026-06-29,IT,5BcAKTbp20cv7tC5VqPFoC,Macklemore & Ryan Lewis,1,49974,0.001944474,103
2026-06-29,IT,5mZJerulcERBZV7xnhrVp1,Ryan Lewis,1,49974,0.001944474,103
2026-06-29,IT,4Xsf5hhfIyhTgiVymlPLA7,22simba,1,49874,0.001940583,104
2026-06-29,IT,07yfI2D37Ir0pGQ8huDd4j,TonyPitony,1,49805,0.001937898,105
2026-06-29,IT,1McMsnEElThX1knmY4oliG,Olivia Rodrigo,1,49774,0.001936692,106
2026-06-29,IT,2dAKW1tsAariQ0Ta2gqp8N,Gow Tribe,1,49628,0.001931011,107
2026-06-29,IT,5KKpBU5eC2tJDzf0wmlRp2,RAYE,1,48974,0.001905564,108
2026-06-29,IT,056KMTw6IztdQjBmFfVyO3,Rkomi,1,48803,0.00189891,109
2026-06-29,IT,08ppjXEpROUgrG1X0DEquB,Nerissima Serpe,1,48698,0.001894825,110
2026-06-29,IT,2pzFTbri7ew8mW2CbYpCNq,Astro,1,48698,0.001894825,110
2026-06-29,IT,716NhGYqD1jl2wI1Qkgq36,Bizarrap,1,47762,0.001858405,111
2026-06-29,IT,1Xylc3o4UrD53lo9CvFvVg,Zara Larsson,1,47712,0.00185646,112
2026-06-29,IT,2i04Yoaa4wV8J75w8aPX1G,Kano Choir,1,47699,0.001855954,113
2026-06-29,IT,4VmOlyJsnQB93ZIGMO2XWo,Madfingerz,1,47454,0.001846421,114
2026-06-29,IT,7CvTknweLr9feJtRGrpDBy,FloyyMenor,1,46829,0.001822103,115
2026-06-29,IT,1Yj5Xey7kTwvZla8sqdsdE,Cris MJ,1,46829,0.001822103,115
2026-06-29,IT,1vyhD5VmyZ7KMfW5gqLgo5,J Balvin,1,46571,0.001812064,116
2026-06-29,IT,6XyY86QOPPrYVGvF9ch6wz,Linkin Park,1,46290,0.00180113,117
2026-06-29,IT,6wH6iStAh4KIaWfuhf0NYM,Manu Chao,1,46137,0.001795177,118
2026-06-29,IT,2cy1zPcrFcXAJTP0APWewL,Gente De Zona,1,46033,0.001791131,119
2026-06-29,IT,4wLXwxDeWQ8mtUIRPxGiD6,Marc Anthony,1,46033,0.001791131,119
2026-06-29,IT,7KFOc3T4Xo8DVZt4PWw2qN,Gazzelle,1,45659,0.001776578,120
2026-06-29,IT,2yNNYQBChuox9A5Ka93BIn,HUNTR/X,1,45417,0.001767162,121
2026-06-29,IT,0Wwji82sLA0Hcvtuak3omb,AUDREY NUNA,1,45417,0.001767162,121
2026-06-29,IT,7mW7Tv7NvywKKXqafZo0Lc,KPop Demon Hunters Cast,1,45417,0.001767162,121
2026-06-29,IT,6U1dV7aL68N7Gb0Naq34V5,REI AMI,1,45417,0.001767162,121
2026-06-29,IT,0RMJOzHDhAKY1o2j0W0vxY,EJAE,1,45417,0.001767162,121
2026-06-29,IT,0QrUbsrL5imqntAfDl8i7q,Fred De Palma,2,276524,0.010759468,16
2026-06-29,IT,7108jelN43seqWILMvJwKi,Serena Brancale,2,273952,0.010659392,17
2026-06-29,IT,38CThoTDmXugNnfonW466d,Jiz,2,241226,0.009386033,22
2026-06-29,IT,6RdcIWVKYYzNzjQRd3oyHS,Pinguini Tattici Nucleari,2,202891,0.00789443,25
2026-06-29,IT,6HQ27YefiitrZ9YsWrgRHX,Fresh Beatz,2,190788,0.007423505,30
2026-06-29,IT,26toJml6wSdf58ZgNG0ci9,Dipinto,2,190788,0.007423505,30
2026-06-29,IT,1vgQksyJ0IVz8y9XerEOy3,Madame,2,171377,0.006668229,32
2026-06-29,IT,1A6HBLulvBFzNtlMb7b08f,Angelina Mango,2,167244,0.006507415,33
2026-06-29,IT,3fMbdgg4jU18AjLCKBhRSm,Michael Jackson,2,161215,0.006272829,34
2026-06-29,IT,52iwsT98xCoGgiGntTiR7K,Quevedo,2,160376,0.006240183,35
2026-06-29,IT,47z0zz9ZMCn9GBiPRTn5Bc,Tommaso Paradiso,2,157348,0.006122365,36
2026-06-29,IT,5PlfkPxwCpRRWQJBxCa0By,HUGEL,2,156106,0.006074039,37
2026-06-29,IT,7GacyaFUp0qkEJglERX9N7,Alfa,2,155686,0.006057697,38
2026-06-29,IT,0jdNdfi4vAuVi7a6cPDFBM,Lazza,2,152352,0.005927972,39
2026-06-29,IT,1QeqGmpgU5Yg74GNcjIIq3,Fulminacci,2,151452,0.005892953,40
2026-06-29,IT,0gzwXezN4IUHAwLufA6YcX,Emma,2,139443,0.005425686,41
2026-06-29,IT,44DWomjW1oDuxIoBIRpmQ4,Rhove,2,129427,0.005035967,42
2026-06-29,IT,0EqkKYDK9EkKY5N7zU3FPv,Annalisa,2,121407,0.004723911,44
2026-06-29,IT,6JhUHne9H09NdkTI5E9GSt,Dardust,2,119666,0.004656169,46
2026-06-29,IT,1UjxAZqzphB1tsMb1aWBj0,Omega,2,117809,0.004583914,48
2026-06-29,IT,2aiM1OfMODFLUXaQgEVPK1,Roberto Ferrante,2,117809,0.004583914,48
2026-06-29,IT,76UCIJTB0jcJvBaL0CdIqx,Takagi & Ketra,2,110485,0.004298939,51
2026-06-29,IT,3wDn3kW2zDRLnaQAnX0S3x,Dat Boi Dee,2,110201,0.004287889,52
2026-06-29,IT,1AgAVqo74e2q4FVvg0xpT7,Tedua,2,106688,0.004151199,55
2026-06-29,IT,6FcVd3KlRxozcLl19FMXu9,Max Pezzali,2,96959,0.003772646,61
2026-06-29,IT,7cdIY4mDfM1dbjgl7s2fGR,Sal Da Vinci,2,96780,0.003765682,62
2026-06-29,IT,7GgpsUpkj3olseoaTY7TEY,Elodie,2,95816,0.003728173,63
2026-06-29,IT,7F2utINZ6tSokSiZTQBE27,Guè,2,95304,0.003708251,64
2026-06-29,IT,2QJ1AReDewmz4fcRhGxW6Y,Vito Salamanca,3,406271,0.015807886,13
2026-06-29,IT,2n0Ki4A5tKTEloq3WCt1IH,Samurai Jay,3,406271,0.015807886,13
2026-06-29,IT,1dlyjeDlgXalzt5oqbgWDs,G.Mineiro,3,307640,0.011970183,15
2026-06-29,IT,2ifTEcQqKSPwijIEcPHQ1R,Flatpearl,3,307640,0.011970183,15
2026-06-29,IT,1l1A1U8VJM15W7zonFqKhg,Succo,3,307640,0.011970183,15
2026-06-29,IT,51OKuyM4BiiYxFm8Mi6fa9,Mauvais djo,3,260549,0.010137885,20
2026-06-29,IT,396Jr76018oUMR6QBnqT8T,Cesare Cremonini,3,220200,0.008567918,24
2026-06-29,IT,5dXlc7MnpaTeUIsHLVe3n4,Coez,3,199845,0.007775911,27
2026-06-29,IT,3HAwumPgGOSXlZSyGWuLhB,Sayf,3,197561,0.007687041,28
2026-06-29,IT,5SulO4l40qDuV9zUGLZx7n,Capo Plaza,3,178634,0.006950597,31
2026-06-29,IT,3fhMfkPPzksWuw0hEm4ldm,Ernia,4,261995,0.010194149,19
2026-06-29,IT,3yiEJ9SByXZMXTwaKdVFN4,Luchè,4,245587,0.009555718,21
2026-06-29,IT,2R4kNOwHUUsuDYhKsESVbF,Artie 5ive,5,621758,0.024192422,7
2026-06-29,IT,5AZuEF0feCXMkUCwQiQlW7,Marracash,5,311480,0.012119596,14
2026-06-29,IT,3LvwPiJQJ0da0GurKMToV0,Baby Gang,5,270389,0.010520757,18
2026-06-29,IT,7K80yOTC0Id95gRaOxDG5u,ANNA,6,691865,0.026920265,6
2026-06-29,IT,7FeObngbQ0GY3SojNwKdKn,Bresh,6,485489,0.018890235,10
2026-06-29,IT,3hN3iJMbbBmqBSAMx5veDa,Ultimo,6,479661,0.018663469,11
2026-06-29,IT,0lI3rF4hi4op6UxqlLHPzv,Achille Lauro,6,410755,0.015982357,12
2026-06-29,IT,4q3ewBCX7sLwd24euuV69X,Bad Bunny,7,586163,0.022807431,9
2026-06-29,IT,0EUR8jz8L936AEbV2Spkca,Kid Yugi,10,592738,0.023063262,8
2026-06-29,IT,25u1DN0MwQVSav4XoJS7hl,Olly,11,741157,0.028838202,5
2026-06-29,IT,4rj3KWaLAnuxgtMMkypZhf,Juli,12,825951,0.032137512,4
2026-06-29,IT,2K5nCggbhSZ00YCYP5qkZS,Shiva,14,1231239,0.04790715,3
2026-06-29,IT,23TFHmajVfBtlRx5MXqgoz,Sfera Ebbasta,16,1340786,0.052169592,2
2026-06-29,IT,27LlKWxS3KXW7RRAxN5S8s,Geolier,24,2278363,0.088650439,1
2026-07-02,IT,7FNnA9vBm6EKceENgCGRMb,Anitta,1,213911,0.008020771,27
2026-07-02,IT,6FtwCmLY6L1sqvjaQ2lV6G,Emis Killa,1,213911,0.008020771,27
2026-07-02,IT,1cKyknhftNKXCjMBd2hDrG,DYSTINCT,1,210541,0.007894411,30
2026-07-02,IT,5mTg1ztZByLRHsOEtwmT4G,Levante,1,175511,0.006580931,38
2026-07-02,IT,0BjRnUqiITQwjqGtTeoxUS,DELIA,1,175511,0.006580931,38
2026-07-02,IT,3xGlLcG9CUrs5MvFkSLOS5,Marco Mengoni,1,142539,0.005344619,43
2026-07-02,IT,3wcj11K77LjEY1PkEazffa,Burna Boy,1,137296,0.005148028,44
2026-07-02,IT,1c22GXH30ijlOfXhfLz9Df,Elvis Crespo,1,132474,0.004967223,46
2026-07-02,IT,5uwa6tAMMfNbBFIHiI6NV4,W Sound,1,129124,0.004841612,47
2026-07-02,IT,3m5qlPf2OkihLz3dRYnkPA,Ovy On The Drums,1,129124,0.004841612,47
2026-07-02,IT,7a0XAaPaK2aDSqa8p3QnC7,Beéle,1,129124,0.004841612,47
2026-07-02,IT,4p5WgeiPSPpqPDs7T6OkWf,ANOTR,1,128684,0.004825114,48
2026-07-02,IT,6X5L6rmyvrWWu60Gx6exiZ,54 Ultra,1,128684,0.004825114,48
2026-07-02,IT,5iot8OPcosJN9nCl7I5SdK,Irama,1,124920,0.00468398,50
2026-07-02,IT,7GacyaFUp0qkEJglERX9N7,Alfa,1,116974,0.004386038,53
2026-07-02,IT,7tmMPdOmFvdRvbj2aWoiRi,Jovanotti,1,116974,0.004386038,53
2026-07-02,IT,1uNFoZAHBGtllmzznpCI3s,Justin Bieber,1,116129,0.004354354,54
2026-07-02,IT,0hCNtLu0JehylgoiP8L4Gh,Nicki Minaj,1,116129,0.004354354,54
2026-07-02,IT,6PsQc21YZU7WNfiODG69Qk,Tony Boy,1,110770,0.004153414,55
2026-07-02,IT,0F3tUZeb9dLNEpxCpzEBQt,SOLTO (FR),1,110587,0.004146552,56
2026-07-02,IT,5mHUmlJWkcoOk1NbjfrXWz,Temper City,1,105682,0.003962635,59
2026-07-02,IT,2R21vXR83lH98kGeO99Y66,Anuel AA,1,94482,0.003542681,60
2026-07-02,IT,6RWMnZmXs8Ob715qLr4374,Aissa,1,80982,0.003036488,61
2026-07-02,IT,2CCgb0KApjfQDuTppovpf8,Rvfv,1,80982,0.003036488,61
2026-07-02,IT,3g9MKjIP9xrMTY5Pbwr6Nk,Kreamly,1,80982,0.003036488,61
2026-07-02,IT,01XCyobLTxOrswogL7YNIu,Dibla,1,80599,0.003022127,62
2026-07-02,IT,72A0Z8q8NiochyK9gUHpCR,The Kolors,1,79492,0.002980619,63
2026-07-02,IT,5rRcnWrevHgbuWjl7Lhft7,Merk & Kremont,1,79492,0.002980619,63
2026-07-02,IT,2DaxqgrOhkeH0fpeiQq2f4,Oasis,1,79348,0.002975219,64
2026-07-02,IT,1uZVxckdGGKhFMpCnupXmP,Los Pleneros de la Cresta,1,78499,0.002943386,65
2026-07-02,IT,44DWomjW1oDuxIoBIRpmQ4,Rhove,1,76757,0.002878068,66
2026-07-02,IT,3DeOmVSmpv7WknXoo1OS8p,Alleh,1,76723,0.002876793,67
2026-07-02,IT,4eq1q0o9XPyNq9RG3fNDD1,Yorghaki,1,76723,0.002876793,67
2026-07-02,IT,7krakxeyEmge6pzTthKNyg,The Bausa,1,76060,0.002851933,68
2026-07-02,IT,17yREPqyU875WJnX9U082A,Imael Angel,1,72843,0.002731309,69
2026-07-02,IT,1cK2Abwkni7m51wJCSGllN,Ultra Naté,1,72843,0.002731309,69
2026-07-02,IT,6JhUHne9H09NdkTI5E9GSt,Dardust,1,72261,0.002709487,70
2026-07-02,IT,6USv9qhCn6zfxlBQIYJ9qs,Dominic Fike,1,71649,0.002686539,71
2026-07-02,IT,1eBPcZCSWh1EAv0aOXusye,Higashi,1,68936,0.002584813,72
2026-07-02,IT,2eFv7NVs8R6Go7msuqikeg,Pino Daniele,1,68094,0.002553241,73
2026-07-02,IT,5p9HO3XC5P3BLxJs5Mtrhm,Djo,1,68000,0.002549717,74
2026-07-02,IT,1HBjj22wzbscIZ9sEb5dyf,Jonas Blue,1,67728,0.002539518,75
2026-07-02,IT,5JsnFhU4OqgEtNXs7Sq1Vm,Malive,1,67728,0.002539518,75
2026-07-02,IT,790FomKkXshlbRYZFtlgla,KAROL G,1,67514,0.002531494,76
2026-07-02,IT,2DlGxzQSjYe5N6G9nkYghR,Jennifer Lopez,1,67399,0.002527182,77
2026-07-02,IT,0TnOYISbd1XYRBk9myaseg,Pitbull,1,67399,0.002527182,77
2026-07-02,IT,2i04Yoaa4wV8J75w8aPX1G,Kano Choir,1,66776,0.002503822,78
2026-07-02,IT,2sil8z5kiy4r76CRTXxBCA,The Goo Goo Dolls,1,66261,0.002484512,79
2026-07-02,IT,2LRoIwlKmHjgvigdNGBHNo,Feid,1,66130,0.0024796,80
2026-07-02,IT,7cdIY4mDfM1dbjgl7s2fGR,Sal Da Vinci,1,65299,0.002448441,81
2026-07-02,IT,0fTSzq9jAh4c36UVb4V7CB,Alex Warren,1,64042,0.002401308,82
2026-07-02,IT,3wDn3kW2zDRLnaQAnX0S3x,Dat Boi Dee,1,63316,0.002374086,83
2026-07-02,IT,05brE7yGJDmIYlMirfSi0B,Federica Abbate,1,63291,0.002373149,84
2026-07-02,IT,0harR1ApYeMN6GOLBNMiUR,Eddie Brock,1,62428,0.00234079,85
2026-07-02,IT,7gjqZ8coFZimZDtdk04WP1,MACE,1,60394,0.002264523,86
2026-07-02,IT,6hkKbkZGvAXuvle2FhCnxy,Shablo,1,60047,0.002251512,87
2026-07-02,IT,2jnjbAYKylrmBMCFZE0OCK,Poison Beatz,1,59475,0.002230065,88
2026-07-02,IT,10exVja0key0uqUkk6LJRT,Vance Joy,1,59188,0.002219303,89
2026-07-02,IT,2oQX8QiMXOyuqbcZEFsZfm,El Alfa,1,58793,0.002204493,90
2026-07-02,IT,2dAKW1tsAariQ0Ta2gqp8N,Gow Tribe,1,58782,0.00220408,91
2026-07-02,IT,5H1nN1SzW0qNeUEZvuXjAj,Danny Ocean,1,58642,0.002198831,92
2026-07-02,IT,5FwDaIGy29GQC5d0MR7fKf,LDA,1,58538,0.002194931,93
2026-07-02,IT,0lQtBhjEJpoOroQS6fbWMc,Aka 7even,1,58538,0.002194931,93
2026-07-02,IT,7u710e44HW3K7A5eTnRqHC,Fabri Fibra,1,58538,0.002194931,93
2026-07-02,IT,1yq9UuPp5DIb5w6eswGbKV,Adriano Celentano,1,58114,0.002179033,94
2026-07-02,IT,2tIP7SsRs7vjIcLrU85W8J,The Kid LAROI,1,57794,0.002167034,95
2026-07-02,IT,6HabM2PUM519iIxervGWSb,Prospa,1,57671,0.002162422,96
2026-07-02,IT,7MdlXmq2HViAJWo9cf30sR,Cloonee,1,57671,0.002162422,96
2026-07-02,IT,7KFOc3T4Xo8DVZt4PWw2qN,Gazzelle,1,57226,0.002145737,97
2026-07-02,IT,3AVx3OBPIk4pJQllAXoVs1,Gaia,1,57200,0.002144762,98
2026-07-02,IT,5NGO30tJxFlKixkPSgXcFE,The Police,1,57068,0.002139812,99
2026-07-02,IT,2iK8weavvfS2xJCmzNzNE5,J-AX,1,55844,0.002093917,100
2026-07-02,IT,4G9NDjRyZFDlJKMRL8hx3S,sombr,1,55193,0.002069508,101
2026-07-02,IT,5KKpBU5eC2tJDzf0wmlRp2,RAYE,1,55102,0.002066095,102
2026-07-02,IT,056KMTw6IztdQjBmFfVyO3,Rkomi,1,55027,0.002063283,103
2026-07-02,IT,7HtzacrJpksCiS6qHypb8l,Ditonellapiaga,1,54778,0.002053947,104
2026-07-02,IT,7H8ZC8uHJMPZGLMApRRNIz,Ligabue,1,54151,0.002030437,105
2026-07-02,IT,2PEMswqQspTSsAltdeF5kO,Simba La Rue,1,53997,0.002024663,106
2026-07-02,IT,4e0nWw2r4BoQSKPQ2zpU13,Ray Dalton,1,53927,0.002022038,107
2026-07-02,IT,5BcAKTbp20cv7tC5VqPFoC,Macklemore & Ryan Lewis,1,53927,0.002022038,107
2026-07-02,IT,5mZJerulcERBZV7xnhrVp1,Ryan Lewis,1,53927,0.002022038,107
2026-07-02,IT,3JhNCzhSMTxs9WLGJJxWOY,Macklemore,1,53927,0.002022038,107
2026-07-02,IT,7GgpsUpkj3olseoaTY7TEY,Elodie,1,53913,0.002021513,108
2026-07-02,IT,7h1amg0X7Q5d0D5KfuyKTg,Pyrex,1,53601,0.002009814,109
2026-07-02,IT,7zPS3i8YJBNeDcqXUHfCMr,AVA,1,53165,0.001993466,110
2026-07-02,IT,07yfI2D37Ir0pGQ8huDd4j,TonyPitony,1,52905,0.001983717,111
2026-07-02,IT,4Xsf5hhfIyhTgiVymlPLA7,22simba,1,52299,0.001960995,112
2026-07-02,IT,1McMsnEElThX1knmY4oliG,Olivia Rodrigo,1,52221,0.00195807,113
2026-07-02,IT,6YBgd2LKccEB3pX6UaW1Yp,Thegiornalisti,1,52169,0.00195612,114
2026-07-02,IT,7aBzpmFXB4WWpPl2F7RjBe,Wyclef Jean,1,51627,0.001935797,115
2026-07-02,IT,33ScadVnbm2X8kkUqOkC6Z,Don Omar,1,51620,0.001935535,116
2026-07-02,IT,5bv5RplEOwdCvhq0EILh9E,Lucenzo,1,51620,0.001935535,116
2026-07-02,IT,6XyY86QOPPrYVGvF9ch6wz,Linkin Park,1,50601,0.001897327,117
2026-07-02,IT,0kcOfjhVfDMTS09s9aLmuD,Marco Masini,1,50352,0.00188799,118
2026-07-02,IT,3pgCLfNbw5ozIfoNsvDU7i,Fedez,1,50352,0.00188799,118
2026-07-02,IT,716NhGYqD1jl2wI1Qkgq36,Bizarrap,1,49685,0.001862981,119
2026-07-02,IT,08ppjXEpROUgrG1X0DEquB,Nerissima Serpe,1,49409,0.001852632,120
2026-07-02,IT,2pzFTbri7ew8mW2CbYpCNq,Astro,1,49409,0.001852632,120
2026-07-02,IT,1Yj5Xey7kTwvZla8sqdsdE,Cris MJ,1,48992,0.001836996,121
2026-07-02,IT,7CvTknweLr9feJtRGrpDBy,FloyyMenor,1,48992,0.001836996,121
2026-07-02,IT,4wLXwxDeWQ8mtUIRPxGiD6,Marc Anthony,1,48910,0.001833921,122
2026-07-02,IT,2cy1zPcrFcXAJTP0APWewL,Gente De Zona,1,48910,0.001833921,122
2026-07-02,IT,1Xylc3o4UrD53lo9CvFvVg,Zara Larsson,1,48896,0.001833396,123
2026-07-02,IT,6nVcHLIgY5pE2YCl8ubca1,JHAYCO,1,48794,0.001829572,124
2026-07-02,IT,0r310cYIlI5aMcuDTChNlO,Loretta Goggi,1,48646,0.001824022,125
2026-07-02,IT,0QrUbsrL5imqntAfDl8i7q,Fred De Palma,2,263028,0.009862454,19
2026-07-02,IT,7108jelN43seqWILMvJwKi,Serena Brancale,2,255003,0.00956155,21
2026-07-02,IT,38CThoTDmXugNnfonW466d,Jiz,2,253957,0.00952233,22
2026-07-02,IT,1A6HBLulvBFzNtlMb7b08f,Angelina Mango,2,221124,0.008291229,26
2026-07-02,IT,1vgQksyJ0IVz8y9XerEOy3,Madame,2,193332,0.007249145,32
2026-07-02,IT,0EmeFodog0BfCgMzAIvKQp,Shakira,2,188923,0.007083826,33
2026-07-02,IT,5AZuEF0feCXMkUCwQiQlW7,Marracash,2,187547,0.007032231,34
2026-07-02,IT,5PlfkPxwCpRRWQJBxCa0By,HUGEL,2,183430,0.006877861,35
2026-07-02,IT,26toJml6wSdf58ZgNG0ci9,Dipinto,2,180256,0.006758849,37
2026-07-02,IT,6HQ27YefiitrZ9YsWrgRHX,Fresh Beatz,2,180256,0.006758849,37
2026-07-02,IT,3fMbdgg4jU18AjLCKBhRSm,Michael Jackson,2,162588,0.006096373,39
2026-07-02,IT,1QeqGmpgU5Yg74GNcjIIq3,Fulminacci,2,159366,0.005975561,40
2026-07-02,IT,47z0zz9ZMCn9GBiPRTn5Bc,Tommaso Paradiso,2,157603,0.005909456,41
2026-07-02,IT,0jdNdfi4vAuVi7a6cPDFBM,Lazza,2,147499,0.005530598,42
2026-07-02,IT,76UCIJTB0jcJvBaL0CdIqx,Takagi & Ketra,2,133006,0.004987171,45
2026-07-02,IT,2aiM1OfMODFLUXaQgEVPK1,Roberto Ferrante,2,127729,0.004789305,49
2026-07-02,IT,1UjxAZqzphB1tsMb1aWBj0,Omega,2,127729,0.004789305,49
2026-07-02,IT,0EqkKYDK9EkKY5N7zU3FPv,Annalisa,2,120895,0.004533059,51
2026-07-02,IT,6FcVd3KlRxozcLl19FMXu9,Max Pezzali,2,119525,0.00448169,52
2026-07-02,IT,7F2utINZ6tSokSiZTQBE27,Guè,2,108282,0.004060124,57
2026-07-02,IT,1AgAVqo74e2q4FVvg0xpT7,Tedua,2,108217,0.004057687,58
2026-07-02,IT,2n0Ki4A5tKTEloq3WCt1IH,Samurai Jay,3,460619,0.017271294,12
2026-07-02,IT,2QJ1AReDewmz4fcRhGxW6Y,Vito Salamanca,3,460619,0.017271294,12
2026-07-02,IT,1dlyjeDlgXalzt5oqbgWDs,G.Mineiro,3,308506,0.01156769,15
2026-07-02,IT,1l1A1U8VJM15W7zonFqKhg,Succo,3,308506,0.01156769,15
2026-07-02,IT,2ifTEcQqKSPwijIEcPHQ1R,Flatpearl,3,308506,0.01156769,15
2026-07-02,IT,51OKuyM4BiiYxFm8Mi6fa9,Mauvais djo,3,285190,0.010693437,16
2026-07-02,IT,6RdcIWVKYYzNzjQRd3oyHS,Pinguini Tattici Nucleari,3,266406,0.009989115,18
2026-07-02,IT,3HAwumPgGOSXlZSyGWuLhB,Sayf,3,236635,0.008872827,23
2026-07-02,IT,52iwsT98xCoGgiGntTiR7K,Quevedo,3,231963,0.008697646,24
2026-07-02,IT,5dXlc7MnpaTeUIsHLVe3n4,Coez,3,226998,0.008511479,25
2026-07-02,IT,3yiEJ9SByXZMXTwaKdVFN4,Luchè,3,212571,0.007970527,28
2026-07-02,IT,396Jr76018oUMR6QBnqT8T,Cesare Cremonini,3,212176,0.007955716,29
2026-07-02,IT,0gzwXezN4IUHAwLufA6YcX,Emma,3,209823,0.007867489,31
2026-07-02,IT,6bMul6rmRS03x38tWKYifO,883,3,182047,0.006826004,36
2026-07-02,IT,0lI3rF4hi4op6UxqlLHPzv,Achille Lauro,4,328921,0.012333167,14
2026-07-02,IT,3fhMfkPPzksWuw0hEm4ldm,Ernia,4,262064,0.009826308,20
2026-07-02,IT,5SulO4l40qDuV9zUGLZx7n,Capo Plaza,5,334278,0.012534033,13
2026-07-02,IT,3LvwPiJQJ0da0GurKMToV0,Baby Gang,5,281610,0.010559202,17
2026-07-02,IT,7FeObngbQ0GY3SojNwKdKn,Bresh,6,539593,0.02023249,10
2026-07-02,IT,2R4kNOwHUUsuDYhKsESVbF,Artie 5ive,7,735917,0.027593822,7
2026-07-02,IT,4q3ewBCX7sLwd24euuV69X,Bad Bunny,7,604672,0.022672681,8
2026-07-02,IT,3hN3iJMbbBmqBSAMx5veDa,Ultimo,7,594599,0.022294986,9
2026-07-02,IT,7K80yOTC0Id95gRaOxDG5u,ANNA,8,799714,0.029985944,6
2026-07-02,IT,0EUR8jz8L936AEbV2Spkca,Kid Yugi,8,506197,0.018980279,11
2026-07-02,IT,25u1DN0MwQVSav4XoJS7hl,Olly,11,800755,0.030024977,5
2026-07-02,IT,2K5nCggbhSZ00YCYP5qkZS,Shiva,12,1124678,0.04217074,3
2026-07-02,IT,4rj3KWaLAnuxgtMMkypZhf,Juli,12,897699,0.033659973,4
2026-07-02,IT,23TFHmajVfBtlRx5MXqgoz,Sfera Ebbasta,13,1145299,0.042943942,2
2026-07-02,IT,27LlKWxS3KXW7RRAxN5S8s,Geolier,21,2107549,0.079024309,1
2026-06-07,IT,6PsQc21YZU7WNfiODG69Qk,Tony Boy,1,261401,0.010437714,22
2026-06-07,IT,7FNnA9vBm6EKceENgCGRMb,Anitta,1,249182,0.009949811,23
2026-06-07,IT,6FtwCmLY6L1sqvjaQ2lV6G,Emis Killa,1,249182,0.009949811,23
2026-06-07,IT,5mTg1ztZByLRHsOEtwmT4G,Levante,1,222848,0.008898297,27
2026-06-07,IT,7108jelN43seqWILMvJwKi,Serena Brancale,1,222848,0.008898297,27
2026-06-07,IT,0BjRnUqiITQwjqGtTeoxUS,DELIA,1,222848,0.008898297,27
2026-06-07,IT,1cKyknhftNKXCjMBd2hDrG,DYSTINCT,1,172520,0.006888705,34
2026-06-07,IT,51OKuyM4BiiYxFm8Mi6fa9,Mauvais djo,1,141595,0.005653873,37
2026-06-07,IT,1uNFoZAHBGtllmzznpCI3s,Justin Bieber,1,140666,0.005616779,38
2026-06-07,IT,0hCNtLu0JehylgoiP8L4Gh,Nicki Minaj,1,140666,0.005616779,38
2026-06-07,IT,7a0XAaPaK2aDSqa8p3QnC7,Beéle,1,132740,0.005300294,41
2026-06-07,IT,5uwa6tAMMfNbBFIHiI6NV4,W Sound,1,132740,0.005300294,41
2026-06-07,IT,3m5qlPf2OkihLz3dRYnkPA,Ovy On The Drums,1,132740,0.005300294,41
2026-06-07,IT,4p5WgeiPSPpqPDs7T6OkWf,ANOTR,1,127946,0.00510887,42
2026-06-07,IT,6X5L6rmyvrWWu60Gx6exiZ,54 Ultra,1,127946,0.00510887,42
2026-06-07,IT,6HQ27YefiitrZ9YsWrgRHX,Fresh Beatz,1,122199,0.004879393,43
2026-06-07,IT,26toJml6wSdf58ZgNG0ci9,Dipinto,1,122199,0.004879393,43
2026-06-07,IT,7tmMPdOmFvdRvbj2aWoiRi,Jovanotti,1,113564,0.004534599,46
2026-06-07,IT,01XCyobLTxOrswogL7YNIu,Dibla,1,110208,0.004400594,47
2026-06-07,IT,1vgQksyJ0IVz8y9XerEOy3,Madame,1,103332,0.004126036,48
2026-06-07,IT,5mHUmlJWkcoOk1NbjfrXWz,Temper City,1,95016,0.003793979,49
2026-06-07,IT,0TnOYISbd1XYRBk9myaseg,Pitbull,1,86989,0.003473462,51
2026-06-07,IT,2DlGxzQSjYe5N6G9nkYghR,Jennifer Lopez,1,86989,0.003473462,51
2026-06-07,IT,6USv9qhCn6zfxlBQIYJ9qs,Dominic Fike,1,84022,0.00335499,52
2026-06-07,IT,44DWomjW1oDuxIoBIRpmQ4,Rhove,1,83918,0.003350837,53
2026-06-07,IT,5PlfkPxwCpRRWQJBxCa0By,HUGEL,1,83086,0.003317615,54
2026-06-07,IT,0F3tUZeb9dLNEpxCpzEBQt,SOLTO (FR),1,83086,0.003317615,54
2026-06-07,IT,1uZVxckdGGKhFMpCnupXmP,Los Pleneros de la Cresta,1,81227,0.003243386,55
2026-06-07,IT,2R21vXR83lH98kGeO99Y66,Anuel AA,1,81149,0.003240271,56
2026-06-07,IT,0lQtBhjEJpoOroQS6fbWMc,Aka 7even,1,79943,0.003192116,57
2026-06-07,IT,5FwDaIGy29GQC5d0MR7fKf,LDA,1,79943,0.003192116,57
2026-06-07,IT,7HtzacrJpksCiS6qHypb8l,Ditonellapiaga,1,72319,0.00288769,58
2026-06-07,IT,2iK8weavvfS2xJCmzNzNE5,J-AX,1,71543,0.002856704,59
2026-06-07,IT,5p9HO3XC5P3BLxJs5Mtrhm,Djo,1,71512,0.002855467,60
2026-06-07,IT,5H1nN1SzW0qNeUEZvuXjAj,Danny Ocean,1,70222,0.002803957,61
2026-06-07,IT,1c22GXH30ijlOfXhfLz9Df,Elvis Crespo,1,68787,0.002746658,62
2026-06-07,IT,790FomKkXshlbRYZFtlgla,KAROL G,1,68676,0.002742225,63
2026-06-07,IT,3DeOmVSmpv7WknXoo1OS8p,Alleh,1,67365,0.002689877,64
2026-06-07,IT,4eq1q0o9XPyNq9RG3fNDD1,Yorghaki,1,67365,0.002689877,64
2026-06-07,IT,05brE7yGJDmIYlMirfSi0B,Federica Abbate,1,67331,0.00268852,65
2026-06-07,IT,2yNNYQBChuox9A5Ka93BIn,HUNTR/X,1,62301,0.002487672,66
2026-06-07,IT,7mW7Tv7NvywKKXqafZo0Lc,KPop Demon Hunters Cast,1,62301,0.002487672,66
2026-06-07,IT,0RMJOzHDhAKY1o2j0W0vxY,EJAE,1,62301,0.002487672,66
2026-06-07,IT,6U1dV7aL68N7Gb0Naq34V5,REI AMI,1,62301,0.002487672,66
2026-06-07,IT,0Wwji82sLA0Hcvtuak3omb,AUDREY NUNA,1,62301,0.002487672,66
2026-06-07,IT,1HBjj22wzbscIZ9sEb5dyf,Jonas Blue,1,61276,0.002446744,67
2026-06-07,IT,5JsnFhU4OqgEtNXs7Sq1Vm,Malive,1,61276,0.002446744,67
2026-06-07,IT,2oQX8QiMXOyuqbcZEFsZfm,El Alfa,1,60321,0.002408611,68
2026-06-07,IT,1A6HBLulvBFzNtlMb7b08f,Angelina Mango,1,59615,0.002380421,69
2026-06-07,IT,2sil8z5kiy4r76CRTXxBCA,The Goo Goo Dolls,1,59445,0.002373633,70
2026-06-07,IT,5iot8OPcosJN9nCl7I5SdK,Irama,1,59076,0.002358898,71
2026-06-07,IT,6bMul6rmRS03x38tWKYifO,883,1,58998,0.002355784,72
2026-06-07,IT,66CXWjxzNUsdJxJ2JdwvnR,Ariana Grande,1,58665,0.002342487,73
2026-06-07,IT,7gjqZ8coFZimZDtdk04WP1,MACE,1,58000,0.002315934,74
2026-06-07,IT,30fnIb0InCgAp2IPY17nqd,RRARI DAL TACCO,1,57849,0.002309904,75
2026-06-07,IT,7h1amg0X7Q5d0D5KfuyKTg,Pyrex,1,57417,0.002292655,76
2026-06-07,IT,5KKpBU5eC2tJDzf0wmlRp2,RAYE,1,56774,0.00226698,77
2026-06-07,IT,7CvTknweLr9feJtRGrpDBy,FloyyMenor,1,56591,0.002259673,78
2026-06-07,IT,1Yj5Xey7kTwvZla8sqdsdE,Cris MJ,1,56591,0.002259673,78
2026-06-07,IT,1Xylc3o4UrD53lo9CvFvVg,Zara Larsson,1,55591,0.002219743,79
2026-06-07,IT,1eBPcZCSWh1EAv0aOXusye,Higashi,1,55517,0.002216788,80
2026-06-07,IT,4wLXwxDeWQ8mtUIRPxGiD6,Marc Anthony,1,55284,0.002207484,81
2026-06-07,IT,2cy1zPcrFcXAJTP0APWewL,Gente De Zona,1,55284,0.002207484,81
2026-06-07,IT,10exVja0key0uqUkk6LJRT,Vance Joy,1,55035,0.002197542,82
2026-06-07,IT,07yfI2D37Ir0pGQ8huDd4j,TonyPitony,1,54822,0.002189037,83
2026-06-07,IT,33ScadVnbm2X8kkUqOkC6Z,Don Omar,1,54737,0.002185643,84
2026-06-07,IT,5bv5RplEOwdCvhq0EILh9E,Lucenzo,1,54737,0.002185643,84
2026-06-07,IT,5NGO30tJxFlKixkPSgXcFE,The Police,1,54441,0.002173823,85
2026-06-07,IT,2dAKW1tsAariQ0Ta2gqp8N,Gow Tribe,1,54186,0.002163641,86
2026-06-07,IT,11TplWqOPQBTmg2eiSLt1m,Tiziano Ferro,1,54011,0.002156654,87
2026-06-07,IT,7krakxeyEmge6pzTthKNyg,The Bausa,1,53593,0.002139963,88
2026-06-07,IT,716NhGYqD1jl2wI1Qkgq36,Bizarrap,1,52964,0.002114847,89
2026-06-07,IT,6wH6iStAh4KIaWfuhf0NYM,Manu Chao,1,52909,0.002112651,90
2026-06-07,IT,6nVcHLIgY5pE2YCl8ubca1,JHAYCO,1,52636,0.00210175,91
2026-06-07,IT,6YBgd2LKccEB3pX6UaW1Yp,Thegiornalisti,1,52492,0.002096,92
2026-06-07,IT,2tOGpIgNsnDk6BxqFU2vCX,Il Ghost,1,52477,0.002095401,93
2026-06-07,IT,5mZJerulcERBZV7xnhrVp1,Ryan Lewis,1,51922,0.00207324,94
2026-06-07,IT,4e0nWw2r4BoQSKPQ2zpU13,Ray Dalton,1,51922,0.00207324,94
2026-06-07,IT,5BcAKTbp20cv7tC5VqPFoC,Macklemore & Ryan Lewis,1,51922,0.00207324,94
2026-06-07,IT,3JhNCzhSMTxs9WLGJJxWOY,Macklemore,1,51922,0.00207324,94
2026-06-07,IT,056KMTw6IztdQjBmFfVyO3,Rkomi,1,51716,0.002065014,95
2026-06-07,IT,6FcVd3KlRxozcLl19FMXu9,Max Pezzali,1,51158,0.002042734,96
2026-06-07,IT,2nftqfbLohpDYzY8VUlvbm,Benji & Fede,1,50923,0.00203335,97
2026-06-07,IT,6HabM2PUM519iIxervGWSb,Prospa,1,50063,0.00199901,98
2026-06-07,IT,7MdlXmq2HViAJWo9cf30sR,Cloonee,1,50063,0.00199901,98
2026-06-07,IT,4G9NDjRyZFDlJKMRL8hx3S,sombr,1,49735,0.001985913,99
2026-06-07,IT,3AVx3OBPIk4pJQllAXoVs1,Gaia,1,49490,0.00197613,100
2026-06-07,IT,5l4nhyz8876RhgE2d18h65,Vasco Rossi,1,48681,0.001943827,101
2026-06-07,IT,0G8zq8IrKIR5at4Lsq2XmV,DDM 80146,1,48641,0.00194223,102
2026-06-07,IT,5Cb508kGFzNJvPDsu9KgP2,Whizy,1,48641,0.00194223,102
2026-06-07,IT,0r310cYIlI5aMcuDTChNlO,Loretta Goggi,1,48295,0.001928414,103
2026-06-07,IT,1McMsnEElThX1knmY4oliG,Olivia Rodrigo,1,48188,0.001924142,104
2026-06-07,IT,5RTLRtXjbXI2lSXc6jxlAz,Ravyn Lenae,1,48117,0.001921307,105
2026-06-07,IT,2mUoO8KgRQOOzR0VoUWoEV,Latrelle,1,48012,0.001917114,106
2026-06-07,IT,4gzpq5DPGxSnKTe4SA8HAU,Coldplay,1,47901,0.001912682,107
2026-06-07,IT,6RWMnZmXs8Ob715qLr4374,Aissa,1,47831,0.001909887,108
2026-06-07,IT,2CCgb0KApjfQDuTppovpf8,Rvfv,1,47831,0.001909887,108
2026-06-07,IT,3g9MKjIP9xrMTY5Pbwr6Nk,Kreamly,1,47831,0.001909887,108
2026-06-07,IT,7zPS3i8YJBNeDcqXUHfCMr,AVA,1,47480,0.001895871,109
2026-06-07,IT,7KFOc3T4Xo8DVZt4PWw2qN,Gazzelle,1,47373,0.001891599,110
2026-06-07,IT,7H8ZC8uHJMPZGLMApRRNIz,Ligabue,1,47220,0.00188549,111
2026-06-07,IT,0fTSzq9jAh4c36UVb4V7CB,Alex Warren,1,47196,0.001884531,112
2026-06-07,IT,5YV5crRpcdknHgEzystZHr,SHUNE,1,47116,0.001881337,113
2026-06-07,IT,1vyhD5VmyZ7KMfW5gqLgo5,J Balvin,1,46685,0.001864127,114
2026-06-07,IT,08ppjXEpROUgrG1X0DEquB,Nerissima Serpe,1,46549,0.001858697,115
2026-06-07,IT,250b0Wlc5Vk0CoUsaCY84M,JENNIE,1,46366,0.001851389,116
2026-06-07,IT,5INjqkS1o8h1imAzPqGZBb,Tame Impala,1,46366,0.001851389,116
2026-06-07,IT,1vfezMIyCr4XUdYRaKIKi3,Keyshia Cole,1,46145,0.001842565,117
2026-06-07,IT,3Isy6kedDrgPYoTS1dazA9,Sean Paul,1,46145,0.001842565,117
2026-06-07,IT,6k8mwkKJKKjBILo7ypBspl,Ana Mena,1,45853,0.001830905,118
2026-06-07,IT,2tIP7SsRs7vjIcLrU85W8J,The Kid LAROI,1,45767,0.001827471,119
2026-06-07,IT,2eFv7NVs8R6Go7msuqikeg,Pino Daniele,1,45535,0.001818208,120
2026-06-07,IT,687cZJR45JO7jhk1LHIbgq,Tems,1,45226,0.001805869,121
2026-06-07,IT,6Ip8FS7vWT1uKkJSweANQK,Dave,1,45226,0.001805869,121
2026-06-07,IT,6hkKbkZGvAXuvle2FhCnxy,Shablo,1,45083,0.001800159,122
2026-06-07,IT,2jnjbAYKylrmBMCFZE0OCK,Poison Beatz,1,44737,0.001786344,123
2026-06-07,IT,0EmeFodog0BfCgMzAIvKQp,Shakira,1,44691,0.001784507,124
2026-06-07,IT,7aBzpmFXB4WWpPl2F7RjBe,Wyclef Jean,1,44691,0.001784507,124
2026-06-07,IT,22wbnEMDvgVIAGdFeek6ET,Benson Boone,1,44586,0.001780314,125
2026-06-07,IT,1fctva4kpRbg2k3v7kwRuS,Rvssian,1,44050,0.001758912,126
2026-06-07,IT,38CThoTDmXugNnfonW466d,Jiz,2,296172,0.011826117,18
2026-06-07,IT,3hN3iJMbbBmqBSAMx5veDa,Ultimo,2,223537,0.008925809,25
2026-06-07,IT,0jdNdfi4vAuVi7a6cPDFBM,Lazza,2,175343,0.007001427,32
2026-06-07,IT,47z0zz9ZMCn9GBiPRTn5Bc,Tommaso Paradiso,2,173407,0.006924123,33
2026-06-07,IT,1QeqGmpgU5Yg74GNcjIIq3,Fulminacci,2,151699,0.006057325,35
2026-06-07,IT,0gzwXezN4IUHAwLufA6YcX,Emma,2,149112,0.005954026,36
2026-06-07,IT,7cdIY4mDfM1dbjgl7s2fGR,Sal Da Vinci,2,134198,0.005358512,39
2026-06-07,IT,0EqkKYDK9EkKY5N7zU3FPv,Annalisa,2,133113,0.005315188,40
2026-06-07,IT,52iwsT98xCoGgiGntTiR7K,Quevedo,2,121751,0.004861505,44
2026-06-07,IT,2aiM1OfMODFLUXaQgEVPK1,Roberto Ferrante,2,115838,0.004625399,45
2026-06-07,IT,1UjxAZqzphB1tsMb1aWBj0,Omega,2,115838,0.004625399,45
2026-06-07,IT,7GgpsUpkj3olseoaTY7TEY,Elodie,2,92339,0.003687087,50
2026-06-07,IT,0QrUbsrL5imqntAfDl8i7q,Fred De Palma,3,349869,0.013970232,15
2026-06-07,IT,5AZuEF0feCXMkUCwQiQlW7,Marracash,3,216464,0.008643385,28
2026-06-07,IT,7GacyaFUp0qkEJglERX9N7,Alfa,3,213369,0.008519802,29
2026-06-07,IT,5dXlc7MnpaTeUIsHLVe3n4,Coez,3,209833,0.00837861,30
2026-06-07,IT,1AgAVqo74e2q4FVvg0xpT7,Tedua,3,176789,0.007059166,31
2026-06-07,IT,2QJ1AReDewmz4fcRhGxW6Y,Vito Salamanca,4,544192,0.021729529,7
2026-06-07,IT,2n0Ki4A5tKTEloq3WCt1IH,Samurai Jay,4,544192,0.021729529,7
2026-06-07,IT,1l1A1U8VJM15W7zonFqKhg,Succo,4,388091,0.015496433,12
2026-06-07,IT,1dlyjeDlgXalzt5oqbgWDs,G.Mineiro,4,388091,0.015496433,12
2026-06-07,IT,2ifTEcQqKSPwijIEcPHQ1R,Flatpearl,4,388091,0.015496433,12
2026-06-07,IT,6RdcIWVKYYzNzjQRd3oyHS,Pinguini Tattici Nucleari,4,302052,0.012060904,17
2026-06-07,IT,3HAwumPgGOSXlZSyGWuLhB,Sayf,4,284664,0.011366603,20
2026-06-07,IT,3yiEJ9SByXZMXTwaKdVFN4,Luchè,4,274750,0.010970738,21
2026-06-07,IT,3fhMfkPPzksWuw0hEm4ldm,Ernia,4,241678,0.009650177,24
2026-06-07,IT,3LvwPiJQJ0da0GurKMToV0,Baby Gang,4,223149,0.008910316,26
2026-06-07,IT,2R4kNOwHUUsuDYhKsESVbF,Artie 5ive,5,711994,0.028429845,5
2026-06-07,IT,25u1DN0MwQVSav4XoJS7hl,Olly,5,378339,0.015107036,13
2026-06-07,IT,3fMbdgg4jU18AjLCKBhRSm,Michael Jackson,5,366267,0.014625003,14
2026-06-07,IT,396Jr76018oUMR6QBnqT8T,Cesare Cremonini,5,325697,0.013005047,16
2026-06-07,IT,5SulO4l40qDuV9zUGLZx7n,Capo Plaza,5,290050,0.011581666,19
2026-06-07,IT,7K80yOTC0Id95gRaOxDG5u,ANNA,6,570335,0.022773416,6
2026-06-07,IT,7FeObngbQ0GY3SojNwKdKn,Bresh,6,527408,0.021059346,8
2026-06-07,IT,4rj3KWaLAnuxgtMMkypZhf,Juli,6,480230,0.019175533,10
2026-06-07,IT,0lI3rF4hi4op6UxqlLHPzv,Achille Lauro,6,440192,0.01757682,11
2026-06-07,IT,0EUR8jz8L936AEbV2Spkca,Kid Yugi,8,482509,0.019266533,9
2026-06-07,IT,4q3ewBCX7sLwd24euuV69X,Bad Bunny,9,790485,0.031563982,4
2026-06-07,IT,23TFHmajVfBtlRx5MXqgoz,Sfera Ebbasta,13,1085707,0.043352166,3
2026-06-07,IT,27LlKWxS3KXW7RRAxN5S8s,Geolier,14,1374209,0.05487202,2
2026-06-07,IT,2K5nCggbhSZ00YCYP5qkZS,Shiva,17,1637986,0.065404608,1
2026-06-18,IT,6FtwCmLY6L1sqvjaQ2lV6G,Emis Killa,1,269368,0.009933854,21
2026-06-18,IT,7FNnA9vBm6EKceENgCGRMb,Anitta,1,269368,0.009933854,21
2026-06-18,IT,0BjRnUqiITQwjqGtTeoxUS,DELIA,1,242473,0.00894201,24
2026-06-18,IT,5mTg1ztZByLRHsOEtwmT4G,Levante,1,242473,0.00894201,24
2026-06-18,IT,1cKyknhftNKXCjMBd2hDrG,DYSTINCT,1,212875,0.007850484,29
2026-06-18,IT,51OKuyM4BiiYxFm8Mi6fa9,Mauvais djo,1,158710,0.005852967,37
2026-06-18,IT,6PsQc21YZU7WNfiODG69Qk,Tony Boy,1,156825,0.005783451,38
2026-06-18,IT,3m5qlPf2OkihLz3dRYnkPA,Ovy On The Drums,1,137377,0.005066241,44
2026-06-18,IT,7a0XAaPaK2aDSqa8p3QnC7,Beéle,1,137377,0.005066241,44
2026-06-18,IT,5uwa6tAMMfNbBFIHiI6NV4,W Sound,1,137377,0.005066241,44
2026-06-18,IT,4p5WgeiPSPpqPDs7T6OkWf,ANOTR,1,135306,0.004989865,45
2026-06-18,IT,6X5L6rmyvrWWu60Gx6exiZ,54 Ultra,1,135306,0.004989865,45
2026-06-18,IT,0hCNtLu0JehylgoiP8L4Gh,Nicki Minaj,1,131907,0.004864516,46
2026-06-18,IT,1uNFoZAHBGtllmzznpCI3s,Justin Bieber,1,131907,0.004864516,46
2026-06-18,IT,3xGlLcG9CUrs5MvFkSLOS5,Marco Mengoni,1,123310,0.004547472,48
2026-06-18,IT,1vgQksyJ0IVz8y9XerEOy3,Madame,1,121742,0.004489647,49
2026-06-18,IT,7tmMPdOmFvdRvbj2aWoiRi,Jovanotti,1,120001,0.004425442,50
2026-06-18,IT,5mHUmlJWkcoOk1NbjfrXWz,Temper City,1,109578,0.004041059,52
2026-06-18,IT,44DWomjW1oDuxIoBIRpmQ4,Rhove,1,99998,0.003687764,55
2026-06-18,IT,01XCyobLTxOrswogL7YNIu,Dibla,1,99398,0.003665637,57
2026-06-18,IT,5PlfkPxwCpRRWQJBxCa0By,HUGEL,1,96974,0.003576244,58
2026-06-18,IT,0F3tUZeb9dLNEpxCpzEBQt,SOLTO (FR),1,96974,0.003576244,58
2026-06-18,IT,1c22GXH30ijlOfXhfLz9Df,Elvis Crespo,1,96577,0.003561603,59
2026-06-18,IT,26toJml6wSdf58ZgNG0ci9,Dipinto,1,96422,0.003555887,60
2026-06-18,IT,6HQ27YefiitrZ9YsWrgRHX,Fresh Beatz,1,96422,0.003555887,60
2026-06-18,IT,3wcj11K77LjEY1PkEazffa,Burna Boy,1,88974,0.003281217,61
2026-06-18,IT,5rRcnWrevHgbuWjl7Lhft7,Merk & Kremont,1,88755,0.00327314,62
2026-06-18,IT,72A0Z8q8NiochyK9gUHpCR,The Kolors,1,88755,0.00327314,62
2026-06-18,IT,1uZVxckdGGKhFMpCnupXmP,Los Pleneros de la Cresta,1,87447,0.003224903,63
2026-06-18,IT,2LRoIwlKmHjgvigdNGBHNo,Feid,1,86230,0.003180022,64
2026-06-18,IT,6USv9qhCn6zfxlBQIYJ9qs,Dominic Fike,1,85598,0.003156715,65
2026-06-18,IT,2R21vXR83lH98kGeO99Y66,Anuel AA,1,84344,0.00311047,66
2026-06-18,IT,2DlGxzQSjYe5N6G9nkYghR,Jennifer Lopez,1,80491,0.002968377,67
2026-06-18,IT,0TnOYISbd1XYRBk9myaseg,Pitbull,1,80491,0.002968377,67
2026-06-18,IT,7F2utINZ6tSokSiZTQBE27,Guè,1,78618,0.002899304,68
2026-06-18,IT,4Xsf5hhfIyhTgiVymlPLA7,22simba,1,78618,0.002899304,68
2026-06-18,IT,5p9HO3XC5P3BLxJs5Mtrhm,Djo,1,74414,0.002744267,69
2026-06-18,IT,1AgAVqo74e2q4FVvg0xpT7,Tedua,1,71703,0.00264429,70
2026-06-18,IT,2sil8z5kiy4r76CRTXxBCA,The Goo Goo Dolls,1,70516,0.002600516,71
2026-06-18,IT,4eq1q0o9XPyNq9RG3fNDD1,Yorghaki,1,70384,0.002595648,72
2026-06-18,IT,3DeOmVSmpv7WknXoo1OS8p,Alleh,1,70384,0.002595648,72
2026-06-18,IT,6bMul6rmRS03x38tWKYifO,883,1,70098,0.0025851,73
2026-06-18,IT,2pzFTbri7ew8mW2CbYpCNq,Astro,1,69523,0.002563895,74
2026-06-18,IT,08ppjXEpROUgrG1X0DEquB,Nerissima Serpe,1,69523,0.002563895,74
2026-06-18,IT,790FomKkXshlbRYZFtlgla,KAROL G,1,69087,0.002547816,75
2026-06-18,IT,2tIP7SsRs7vjIcLrU85W8J,The Kid LAROI,1,67908,0.002504337,76
2026-06-18,IT,5H1nN1SzW0qNeUEZvuXjAj,Danny Ocean,1,67756,0.002498731,77
2026-06-18,IT,3g9MKjIP9xrMTY5Pbwr6Nk,Kreamly,1,67247,0.00247996,78
2026-06-18,IT,6RWMnZmXs8Ob715qLr4374,Aissa,1,67247,0.00247996,78
2026-06-18,IT,2CCgb0KApjfQDuTppovpf8,Rvfv,1,67247,0.00247996,78
2026-06-18,IT,0lQtBhjEJpoOroQS6fbWMc,Aka 7even,1,66571,0.00245503,79
2026-06-18,IT,5FwDaIGy29GQC5d0MR7fKf,LDA,1,66571,0.00245503,79
2026-06-18,IT,7HtzacrJpksCiS6qHypb8l,Ditonellapiaga,1,66216,0.002441939,80
2026-06-18,IT,7krakxeyEmge6pzTthKNyg,The Bausa,1,66210,0.002441717,81
2026-06-18,IT,2oQX8QiMXOyuqbcZEFsZfm,El Alfa,1,64901,0.002393443,82
2026-06-18,IT,05brE7yGJDmIYlMirfSi0B,Federica Abbate,1,64248,0.002369362,83
2026-06-18,IT,2iK8weavvfS2xJCmzNzNE5,J-AX,1,64150,0.002365748,84
2026-06-18,IT,1HBjj22wzbscIZ9sEb5dyf,Jonas Blue,1,63961,0.002358778,85
2026-06-18,IT,5JsnFhU4OqgEtNXs7Sq1Vm,Malive,1,63961,0.002358778,85
2026-06-18,IT,2dAKW1tsAariQ0Ta2gqp8N,Gow Tribe,1,62630,0.002309693,86
2026-06-18,IT,7gjqZ8coFZimZDtdk04WP1,MACE,1,61242,0.002258505,87
2026-06-18,IT,5KKpBU5eC2tJDzf0wmlRp2,RAYE,1,61025,0.002250503,88
2026-06-18,IT,10exVja0key0uqUkk6LJRT,Vance Joy,1,59743,0.002203225,89
2026-06-18,IT,1eBPcZCSWh1EAv0aOXusye,Higashi,1,59264,0.00218556,90
2026-06-18,IT,3AVx3OBPIk4pJQllAXoVs1,Gaia,1,58722,0.002165572,91
2026-06-18,IT,66CXWjxzNUsdJxJ2JdwvnR,Ariana Grande,1,58010,0.002139315,92
2026-06-18,IT,6YBgd2LKccEB3pX6UaW1Yp,Thegiornalisti,1,57803,0.002131681,93
2026-06-18,IT,2DaxqgrOhkeH0fpeiQq2f4,Oasis,1,57664,0.002126555,94
2026-06-18,IT,3JhNCzhSMTxs9WLGJJxWOY,Macklemore,1,57160,0.002107968,95
2026-06-18,IT,5BcAKTbp20cv7tC5VqPFoC,Macklemore & Ryan Lewis,1,57160,0.002107968,95
2026-06-18,IT,4e0nWw2r4BoQSKPQ2zpU13,Ray Dalton,1,57160,0.002107968,95
2026-06-18,IT,5mZJerulcERBZV7xnhrVp1,Ryan Lewis,1,57160,0.002107968,95
2026-06-18,IT,6JhUHne9H09NdkTI5E9GSt,Dardust,1,57016,0.002102657,96
2026-06-18,IT,716NhGYqD1jl2wI1Qkgq36,Bizarrap,1,56622,0.002088127,97
2026-06-18,IT,5NGO30tJxFlKixkPSgXcFE,The Police,1,56250,0.002074409,98
2026-06-18,IT,7H8ZC8uHJMPZGLMApRRNIz,Ligabue,1,56041,0.002066701,99
2026-06-18,IT,7h1amg0X7Q5d0D5KfuyKTg,Pyrex,1,56009,0.002065521,100
2026-06-18,IT,4G9NDjRyZFDlJKMRL8hx3S,sombr,1,55531,0.002047893,101
2026-06-18,IT,2eFv7NVs8R6Go7msuqikeg,Pino Daniele,1,54984,0.002027721,102
2026-06-18,IT,7CvTknweLr9feJtRGrpDBy,FloyyMenor,1,54061,0.001993682,103
2026-06-18,IT,6HabM2PUM519iIxervGWSb,Prospa,1,54061,0.001993682,103
2026-06-18,IT,1Yj5Xey7kTwvZla8sqdsdE,Cris MJ,1,54061,0.001993682,103
2026-06-18,IT,7MdlXmq2HViAJWo9cf30sR,Cloonee,1,54061,0.001993682,103
2026-06-18,IT,0r310cYIlI5aMcuDTChNlO,Loretta Goggi,1,53825,0.001984979,104
2026-06-18,IT,5RTLRtXjbXI2lSXc6jxlAz,Ravyn Lenae,1,53813,0.001984536,105
2026-06-18,IT,5bv5RplEOwdCvhq0EILh9E,Lucenzo,1,53460,0.001971518,106
2026-06-18,IT,33ScadVnbm2X8kkUqOkC6Z,Don Omar,1,53460,0.001971518,106
2026-06-18,IT,6hkKbkZGvAXuvle2FhCnxy,Shablo,1,53165,0.001960639,107
2026-06-18,IT,3t5xRXzsuZmMDkQzgOX35S,Robin Schulz,1,53071,0.001957172,108
2026-06-18,IT,7KFOc3T4Xo8DVZt4PWw2qN,Gazzelle,1,52771,0.001946109,109
2026-06-18,IT,11TplWqOPQBTmg2eiSLt1m,Tiziano Ferro,1,52403,0.001932538,110
2026-06-18,IT,2cy1zPcrFcXAJTP0APWewL,Gente De Zona,1,52229,0.001926121,111
2026-06-18,IT,4wLXwxDeWQ8mtUIRPxGiD6,Marc Anthony,1,52229,0.001926121,111
2026-06-18,IT,056KMTw6IztdQjBmFfVyO3,Rkomi,1,52196,0.001924904,112
2026-06-18,IT,07yfI2D37Ir0pGQ8huDd4j,TonyPitony,1,51996,0.001917528,113
2026-06-18,IT,0fTSzq9jAh4c36UVb4V7CB,Alex Warren,1,51894,0.001913766,114
2026-06-18,IT,3hYLJPJuDyblFKersEaFd6,Antonello Venditti,1,51659,0.0019051,115
2026-06-18,IT,2jnjbAYKylrmBMCFZE0OCK,Poison Beatz,1,51453,0.001897503,116
2026-06-18,IT,2nftqfbLohpDYzY8VUlvbm,Benji & Fede,1,51443,0.001897134,117
2026-06-18,IT,0Wwji82sLA0Hcvtuak3omb,AUDREY NUNA,1,51070,0.001883379,118
2026-06-18,IT,2yNNYQBChuox9A5Ka93BIn,HUNTR/X,1,51070,0.001883379,118
2026-06-18,IT,6U1dV7aL68N7Gb0Naq34V5,REI AMI,1,51070,0.001883379,118
2026-06-18,IT,0RMJOzHDhAKY1o2j0W0vxY,EJAE,1,51070,0.001883379,118
2026-06-18,IT,7mW7Tv7NvywKKXqafZo0Lc,KPop Demon Hunters Cast,1,51070,0.001883379,118
2026-06-18,IT,3wDn3kW2zDRLnaQAnX0S3x,Dat Boi Dee,1,50912,0.001877552,119
2026-06-18,IT,5INjqkS1o8h1imAzPqGZBb,Tame Impala,1,50717,0.001870361,120
2026-06-18,IT,250b0Wlc5Vk0CoUsaCY84M,JENNIE,1,50717,0.001870361,120
2026-06-18,IT,5l4nhyz8876RhgE2d18h65,Vasco Rossi,1,50230,0.001852401,121
2026-06-18,IT,6wH6iStAh4KIaWfuhf0NYM,Manu Chao,1,50122,0.001848418,122
2026-06-18,IT,6nVcHLIgY5pE2YCl8ubca1,JHAYCO,1,49942,0.00184178,123
2026-06-18,IT,7aBzpmFXB4WWpPl2F7RjBe,Wyclef Jean,1,49840,0.001838018,124
2026-06-18,IT,5YV5crRpcdknHgEzystZHr,SHUNE,1,49833,0.00183776,125
2026-06-18,IT,6FPxOArEPVZUDv925qq8IQ,CLARA,1,49649,0.001830974,126
2026-06-18,IT,7dL0nOHwnSAsNAwpkPSGWP,sangiovanni,1,49649,0.001830974,126
2026-06-18,IT,2aya6KuqjXEhHBqYKsTPLs,Rose Villain,1,49635,0.001830458,127
2026-06-18,IT,1vyhD5VmyZ7KMfW5gqLgo5,J Balvin,1,49608,0.001829462,128
2026-06-18,IT,7108jelN43seqWILMvJwKi,Serena Brancale,2,331228,0.012215151,16
2026-06-18,IT,0QrUbsrL5imqntAfDl8i7q,Fred De Palma,2,325793,0.012014717,17
2026-06-18,IT,38CThoTDmXugNnfonW466d,Jiz,2,302662,0.011161683,18
2026-06-18,IT,1A6HBLulvBFzNtlMb7b08f,Angelina Mango,2,203240,0.007495161,30
2026-06-18,IT,3fMbdgg4jU18AjLCKBhRSm,Michael Jackson,2,199610,0.007361293,31
2026-06-18,IT,5AZuEF0feCXMkUCwQiQlW7,Marracash,2,185990,0.006859009,32
2026-06-18,IT,47z0zz9ZMCn9GBiPRTn5Bc,Tommaso Paradiso,2,171518,0.006325305,35
2026-06-18,IT,1QeqGmpgU5Yg74GNcjIIq3,Fulminacci,2,159101,0.005867386,36
2026-06-18,IT,52iwsT98xCoGgiGntTiR7K,Quevedo,2,153199,0.00564973,39
2026-06-18,IT,0gzwXezN4IUHAwLufA6YcX,Emma,2,152172,0.005611856,40
2026-06-18,IT,5iot8OPcosJN9nCl7I5SdK,Irama,2,150045,0.005533416,41
2026-06-18,IT,0EqkKYDK9EkKY5N7zU3FPv,Annalisa,2,146062,0.005386529,42
2026-06-18,IT,0EmeFodog0BfCgMzAIvKQp,Shakira,2,138814,0.005119235,43
2026-06-18,IT,1UjxAZqzphB1tsMb1aWBj0,Omega,2,124165,0.004579003,47
2026-06-18,IT,2aiM1OfMODFLUXaQgEVPK1,Roberto Ferrante,2,124165,0.004579003,47
2026-06-18,IT,7cdIY4mDfM1dbjgl7s2fGR,Sal Da Vinci,2,111475,0.004111017,51
2026-06-18,IT,6FcVd3KlRxozcLl19FMXu9,Max Pezzali,2,102666,0.003786155,53
2026-06-18,IT,6TLwD7HPWuiOzvXEa3oCNe,Oliver Tree,2,101682,0.003749867,54
2026-06-18,IT,76UCIJTB0jcJvBaL0CdIqx,Takagi & Ketra,2,99913,0.003684629,56
2026-06-18,IT,6RdcIWVKYYzNzjQRd3oyHS,Pinguini Tattici Nucleari,3,265049,0.009774577,22
2026-06-18,IT,3HAwumPgGOSXlZSyGWuLhB,Sayf,3,251054,0.009258464,23
2026-06-18,IT,0jdNdfi4vAuVi7a6cPDFBM,Lazza,3,231288,0.008529526,25
2026-06-18,IT,5dXlc7MnpaTeUIsHLVe3n4,Coez,3,224469,0.008278052,26
2026-06-18,IT,3yiEJ9SByXZMXTwaKdVFN4,Luchè,3,223663,0.008248328,27
2026-06-18,IT,7GacyaFUp0qkEJglERX9N7,Alfa,3,220193,0.00812036,28
2026-06-18,IT,1McMsnEElThX1knmY4oliG,Olivia Rodrigo,3,185052,0.006824417,33
2026-06-18,IT,3LvwPiJQJ0da0GurKMToV0,Baby Gang,3,180590,0.006659866,34
2026-06-18,IT,2QJ1AReDewmz4fcRhGxW6Y,Vito Salamanca,4,537206,0.019811285,9
2026-06-18,IT,2n0Ki4A5tKTEloq3WCt1IH,Samurai Jay,4,537206,0.019811285,9
2026-06-18,IT,1dlyjeDlgXalzt5oqbgWDs,G.Mineiro,4,429436,0.015836902,12
2026-06-18,IT,2ifTEcQqKSPwijIEcPHQ1R,Flatpearl,4,429436,0.015836902,12
2026-06-18,IT,1l1A1U8VJM15W7zonFqKhg,Succo,4,429436,0.015836902,12
2026-06-18,IT,3hN3iJMbbBmqBSAMx5veDa,Ultimo,4,353359,0.013031306,15
2026-06-18,IT,3fhMfkPPzksWuw0hEm4ldm,Ernia,4,276254,0.010187799,19
2026-06-18,IT,5SulO4l40qDuV9zUGLZx7n,Capo Plaza,4,269760,0.009948311,20
2026-06-18,IT,2R4kNOwHUUsuDYhKsESVbF,Artie 5ive,5,756664,0.027904539,6
2026-06-18,IT,7K80yOTC0Id95gRaOxDG5u,ANNA,5,521032,0.019214814,11
2026-06-18,IT,396Jr76018oUMR6QBnqT8T,Cesare Cremonini,5,371246,0.013690949,13
2026-06-18,IT,0EUR8jz8L936AEbV2Spkca,Kid Yugi,5,358291,0.01321319,14
2026-06-18,IT,7FeObngbQ0GY3SojNwKdKn,Bresh,7,620308,0.022875951,8
2026-06-18,IT,0lI3rF4hi4op6UxqlLHPzv,Achille Lauro,7,526616,0.019420743,10
2026-06-18,IT,4q3ewBCX7sLwd24euuV69X,Bad Bunny,9,772889,0.028502891,5
2026-06-18,IT,25u1DN0MwQVSav4XoJS7hl,Olly,9,729244,0.026893334,7
2026-06-18,IT,23TFHmajVfBtlRx5MXqgoz,Sfera Ebbasta,10,1035349,0.038181989,3
2026-06-18,IT,4rj3KWaLAnuxgtMMkypZhf,Juli,10,832864,0.030714671,4
2026-06-18,IT,2K5nCggbhSZ00YCYP5qkZS,Shiva,14,1371189,0.050567223,2
2026-06-18,IT,27LlKWxS3KXW7RRAxN5S8s,Geolier,19,1678616,0.061904631,1
2026-07-07,IT,6FtwCmLY6L1sqvjaQ2lV6G,Emis Killa,1,219453,0.008430702,25
2026-07-07,IT,7FNnA9vBm6EKceENgCGRMb,Anitta,1,219453,0.008430702,25
2026-07-07,IT,1cKyknhftNKXCjMBd2hDrG,DYSTINCT,1,192658,0.007401321,30
2026-07-07,IT,5mTg1ztZByLRHsOEtwmT4G,Levante,1,180889,0.006949193,34
2026-07-07,IT,0BjRnUqiITQwjqGtTeoxUS,DELIA,1,180889,0.006949193,34
2026-07-07,IT,3xGlLcG9CUrs5MvFkSLOS5,Marco Mengoni,1,145565,0.005592155,43
2026-07-07,IT,3wcj11K77LjEY1PkEazffa,Burna Boy,1,136873,0.005258235,46
2026-07-07,IT,4p5WgeiPSPpqPDs7T6OkWf,ANOTR,1,133434,0.005126119,47
2026-07-07,IT,6X5L6rmyvrWWu60Gx6exiZ,54 Ultra,1,133434,0.005126119,47
2026-07-07,IT,7a0XAaPaK2aDSqa8p3QnC7,Beéle,1,130297,0.005005606,48
2026-07-07,IT,5uwa6tAMMfNbBFIHiI6NV4,W Sound,1,130297,0.005005606,48
2026-07-07,IT,3m5qlPf2OkihLz3dRYnkPA,Ovy On The Drums,1,130297,0.005005606,48
2026-07-07,IT,1c22GXH30ijlOfXhfLz9Df,Elvis Crespo,1,130151,0.004999997,50
2026-07-07,IT,5iot8OPcosJN9nCl7I5SdK,Irama,1,126617,0.004864231,51
2026-07-07,IT,7tmMPdOmFvdRvbj2aWoiRi,Jovanotti,1,113999,0.004379487,56
2026-07-07,IT,1uNFoZAHBGtllmzznpCI3s,Justin Bieber,1,112148,0.004308377,57
2026-07-07,IT,0hCNtLu0JehylgoiP8L4Gh,Nicki Minaj,1,112148,0.004308377,57
2026-07-07,IT,0F3tUZeb9dLNEpxCpzEBQt,SOLTO (FR),1,109829,0.004219289,58
2026-07-07,IT,5mHUmlJWkcoOk1NbjfrXWz,Temper City,1,105697,0.00406055,59
2026-07-07,IT,6PsQc21YZU7WNfiODG69Qk,Tony Boy,1,98018,0.003765547,60
2026-07-07,IT,2R21vXR83lH98kGeO99Y66,Anuel AA,1,82928,0.003185836,61
2026-07-07,IT,3g9MKjIP9xrMTY5Pbwr6Nk,Kreamly,1,82421,0.003166359,62
2026-07-07,IT,2CCgb0KApjfQDuTppovpf8,Rvfv,1,82421,0.003166359,62
2026-07-07,IT,6RWMnZmXs8Ob715qLr4374,Aissa,1,82421,0.003166359,62
2026-07-07,IT,01XCyobLTxOrswogL7YNIu,Dibla,1,79888,0.003069049,63
2026-07-07,IT,1uZVxckdGGKhFMpCnupXmP,Los Pleneros de la Cresta,1,77408,0.002973775,64
2026-07-07,IT,7krakxeyEmge6pzTthKNyg,The Bausa,1,77123,0.002962826,65
2026-07-07,IT,1cK2Abwkni7m51wJCSGllN,Ultra Naté,1,73996,0.002842696,66
2026-07-07,IT,17yREPqyU875WJnX9U082A,Imael Angel,1,73996,0.002842696,66
2026-07-07,IT,5rRcnWrevHgbuWjl7Lhft7,Merk & Kremont,1,71959,0.002764441,67
2026-07-07,IT,72A0Z8q8NiochyK9gUHpCR,The Kolors,1,71959,0.002764441,67
2026-07-07,IT,1eBPcZCSWh1EAv0aOXusye,Higashi,1,71136,0.002732824,68
2026-07-07,IT,4eq1q0o9XPyNq9RG3fNDD1,Yorghaki,1,70193,0.002696597,69
2026-07-07,IT,3DeOmVSmpv7WknXoo1OS8p,Alleh,1,70193,0.002696597,69
2026-07-07,IT,6USv9qhCn6zfxlBQIYJ9qs,Dominic Fike,1,70093,0.002692755,70
2026-07-07,IT,1HBjj22wzbscIZ9sEb5dyf,Jonas Blue,1,68604,0.002635552,71
2026-07-07,IT,5JsnFhU4OqgEtNXs7Sq1Vm,Malive,1,68604,0.002635552,71
2026-07-07,IT,5p9HO3XC5P3BLxJs5Mtrhm,Djo,1,65806,0.002528062,72
2026-07-07,IT,2sil8z5kiy4r76CRTXxBCA,The Goo Goo Dolls,1,65130,0.002502092,73
2026-07-07,IT,6JhUHne9H09NdkTI5E9GSt,Dardust,1,64919,0.002493986,74
2026-07-07,IT,2DlGxzQSjYe5N6G9nkYghR,Jennifer Lopez,1,64666,0.002484267,75
2026-07-07,IT,0TnOYISbd1XYRBk9myaseg,Pitbull,1,64666,0.002484267,75
2026-07-07,IT,790FomKkXshlbRYZFtlgla,KAROL G,1,64644,0.002483421,76
2026-07-07,IT,0fTSzq9jAh4c36UVb4V7CB,Alex Warren,1,62306,0.002393603,77
2026-07-07,IT,3wDn3kW2zDRLnaQAnX0S3x,Dat Boi Dee,1,61445,0.002360526,78
2026-07-07,IT,7cdIY4mDfM1dbjgl7s2fGR,Sal Da Vinci,1,60818,0.002336438,79
2026-07-07,IT,10exVja0key0uqUkk6LJRT,Vance Joy,1,60369,0.002319189,80
2026-07-07,IT,5H1nN1SzW0qNeUEZvuXjAj,Danny Ocean,1,60218,0.002313388,81
2026-07-07,IT,2eFv7NVs8R6Go7msuqikeg,Pino Daniele,1,59918,0.002301863,82
2026-07-07,IT,2oQX8QiMXOyuqbcZEFsZfm,El Alfa,1,59024,0.002267519,83
2026-07-07,IT,6HabM2PUM519iIxervGWSb,Prospa,1,58785,0.002258337,84
2026-07-07,IT,7MdlXmq2HViAJWo9cf30sR,Cloonee,1,58785,0.002258337,84
2026-07-07,IT,2i04Yoaa4wV8J75w8aPX1G,Kano Choir,1,58619,0.00225196,85
2026-07-07,IT,05brE7yGJDmIYlMirfSi0B,Federica Abbate,1,58385,0.00224297,86
2026-07-07,IT,2LRoIwlKmHjgvigdNGBHNo,Feid,1,58215,0.002236439,87
2026-07-07,IT,2dAKW1tsAariQ0Ta2gqp8N,Gow Tribe,1,58159,0.002234288,88
2026-07-07,IT,7gjqZ8coFZimZDtdk04WP1,MACE,1,58042,0.002229793,89
2026-07-07,IT,3AVx3OBPIk4pJQllAXoVs1,Gaia,1,57868,0.002223109,90
2026-07-07,IT,0lQtBhjEJpoOroQS6fbWMc,Aka 7even,1,56774,0.002181081,91
2026-07-07,IT,5FwDaIGy29GQC5d0MR7fKf,LDA,1,56774,0.002181081,91
2026-07-07,IT,7H8ZC8uHJMPZGLMApRRNIz,Ligabue,1,56392,0.002166405,92
2026-07-07,IT,4G9NDjRyZFDlJKMRL8hx3S,sombr,1,56114,0.002155725,93
2026-07-07,IT,4e0nWw2r4BoQSKPQ2zpU13,Ray Dalton,1,55435,0.00212964,94
2026-07-07,IT,3JhNCzhSMTxs9WLGJJxWOY,Macklemore,1,55435,0.00212964,94
2026-07-07,IT,5mZJerulcERBZV7xnhrVp1,Ryan Lewis,1,55435,0.00212964,94
2026-07-07,IT,5BcAKTbp20cv7tC5VqPFoC,Macklemore & Ryan Lewis,1,55435,0.00212964,94
2026-07-07,IT,2iK8weavvfS2xJCmzNzNE5,J-AX,1,55434,0.002129602,95
2026-07-07,IT,5NGO30tJxFlKixkPSgXcFE,The Police,1,55348,0.002126298,96
2026-07-07,IT,056KMTw6IztdQjBmFfVyO3,Rkomi,1,55016,0.002113544,97
2026-07-07,IT,7aBzpmFXB4WWpPl2F7RjBe,Wyclef Jean,1,54800,0.002105246,98
2026-07-07,IT,1yq9UuPp5DIb5w6eswGbKV,Adriano Celentano,1,54536,0.002095104,99
2026-07-07,IT,7h1amg0X7Q5d0D5KfuyKTg,Pyrex,1,53886,0.002070133,100
2026-07-07,IT,5KKpBU5eC2tJDzf0wmlRp2,RAYE,1,53597,0.00205903,101
2026-07-07,IT,6hkKbkZGvAXuvle2FhCnxy,Shablo,1,53558,0.002057532,102
2026-07-07,IT,2jnjbAYKylrmBMCFZE0OCK,Poison Beatz,1,53477,0.00205442,103
2026-07-07,IT,0harR1ApYeMN6GOLBNMiUR,Eddie Brock,1,53424,0.002052384,104
2026-07-07,IT,7HtzacrJpksCiS6qHypb8l,Ditonellapiaga,1,53391,0.002051116,105
2026-07-07,IT,7KFOc3T4Xo8DVZt4PWw2qN,Gazzelle,1,52916,0.002032868,106
2026-07-07,IT,6YBgd2LKccEB3pX6UaW1Yp,Thegiornalisti,1,52571,0.002019614,107
2026-07-07,IT,4t97syp5w3yh2LrN0g4gmv,Flextony,1,52221,0.002006168,108
2026-07-07,IT,6BvbuCQioYZUBH1z4vm37u,Nuova Scena,1,52221,0.002006168,108
2026-07-07,IT,7KqLY09TEFK55X9DMMzd1K,Tigerplug,1,52221,0.002006168,108
2026-07-07,IT,2PEMswqQspTSsAltdeF5kO,Simba La Rue,1,51454,0.001976703,109
2026-07-07,IT,7u710e44HW3K7A5eTnRqHC,Fabri Fibra,1,51430,0.001975781,110
2026-07-07,IT,1Yj5Xey7kTwvZla8sqdsdE,Cris MJ,1,51045,0.00196099,111
2026-07-07,IT,7CvTknweLr9feJtRGrpDBy,FloyyMenor,1,51045,0.00196099,111
2026-07-07,IT,1Xylc3o4UrD53lo9CvFvVg,Zara Larsson,1,50987,0.001958762,112
2026-07-07,IT,7GgpsUpkj3olseoaTY7TEY,Elodie,1,50828,0.001952654,113
2026-07-07,IT,7zPS3i8YJBNeDcqXUHfCMr,AVA,1,50818,0.00195227,114
2026-07-07,IT,1AgAVqo74e2q4FVvg0xpT7,Tedua,1,50747,0.001949542,115
2026-07-07,IT,6k8mwkKJKKjBILo7ypBspl,Ana Mena,1,50513,0.001940552,116
2026-07-07,IT,6wH6iStAh4KIaWfuhf0NYM,Manu Chao,1,50322,0.001933215,117
2026-07-07,IT,5bv5RplEOwdCvhq0EILh9E,Lucenzo,1,50255,0.001930641,118
2026-07-07,IT,33ScadVnbm2X8kkUqOkC6Z,Don Omar,1,50255,0.001930641,118
2026-07-07,IT,2cy1zPcrFcXAJTP0APWewL,Gente De Zona,1,50198,0.001928451,119
2026-07-07,IT,4wLXwxDeWQ8mtUIRPxGiD6,Marc Anthony,1,50198,0.001928451,119
2026-07-07,IT,1McMsnEElThX1knmY4oliG,Olivia Rodrigo,1,49707,0.001909588,120
2026-07-07,IT,0r310cYIlI5aMcuDTChNlO,Loretta Goggi,1,49686,0.001908782,121
2026-07-07,IT,4VmOlyJsnQB93ZIGMO2XWo,Madfingerz,1,49520,0.001902404,122
2026-07-07,IT,716NhGYqD1jl2wI1Qkgq36,Bizarrap,1,49469,0.001900445,123
2026-07-07,IT,2tIP7SsRs7vjIcLrU85W8J,The Kid LAROI,1,48824,0.001875666,124
2026-07-07,IT,6XyY86QOPPrYVGvF9ch6wz,Linkin Park,1,48533,0.001864487,125
2026-07-07,IT,6nVcHLIgY5pE2YCl8ubca1,JHAYCO,1,48277,0.001854652,126
2026-07-07,IT,7108jelN43seqWILMvJwKi,Serena Brancale,2,252848,0.009713634,19
2026-07-07,IT,38CThoTDmXugNnfonW466d,Jiz,2,237901,0.009139417,20
2026-07-07,IT,1A6HBLulvBFzNtlMb7b08f,Angelina Mango,2,213765,0.008212187,27
2026-07-07,IT,0EmeFodog0BfCgMzAIvKQp,Shakira,2,191673,0.007363481,31
2026-07-07,IT,5PlfkPxwCpRRWQJBxCa0By,HUGEL,2,183825,0.007061985,32
2026-07-07,IT,1vgQksyJ0IVz8y9XerEOy3,Madame,2,183649,0.007055224,33
2026-07-07,IT,5AZuEF0feCXMkUCwQiQlW7,Marracash,2,178779,0.006868133,35
2026-07-07,IT,6HQ27YefiitrZ9YsWrgRHX,Fresh Beatz,2,167978,0.006453192,36
2026-07-07,IT,26toJml6wSdf58ZgNG0ci9,Dipinto,2,167978,0.006453192,36
2026-07-07,IT,1QeqGmpgU5Yg74GNcjIIq3,Fulminacci,2,163733,0.006290113,37
2026-07-07,IT,3fMbdgg4jU18AjLCKBhRSm,Michael Jackson,2,156756,0.006022078,38
2026-07-07,IT,47z0zz9ZMCn9GBiPRTn5Bc,Tommaso Paradiso,2,155271,0.005965029,39
2026-07-07,IT,396Jr76018oUMR6QBnqT8T,Cesare Cremonini,2,148602,0.005708827,40
2026-07-07,IT,2DaxqgrOhkeH0fpeiQq2f4,Oasis,2,147226,0.005655965,41
2026-07-07,IT,3fhMfkPPzksWuw0hEm4ldm,Ernia,2,146463,0.005626653,42
2026-07-07,IT,76UCIJTB0jcJvBaL0CdIqx,Takagi & Ketra,2,144919,0.005567337,44
2026-07-07,IT,0jdNdfi4vAuVi7a6cPDFBM,Lazza,2,138387,0.005316398,45
2026-07-07,IT,2aiM1OfMODFLUXaQgEVPK1,Roberto Ferrante,2,130160,0.005000342,49
2026-07-07,IT,1UjxAZqzphB1tsMb1aWBj0,Omega,2,130160,0.005000342,49
2026-07-07,IT,0EqkKYDK9EkKY5N7zU3FPv,Annalisa,2,124036,0.004765077,52
2026-07-07,IT,44DWomjW1oDuxIoBIRpmQ4,Rhove,2,117721,0.004522475,53
2026-07-07,IT,6FcVd3KlRxozcLl19FMXu9,Max Pezzali,2,116339,0.004469383,54
2026-07-07,IT,6bMul6rmRS03x38tWKYifO,883,2,115332,0.004430697,55
2026-07-07,IT,2QJ1AReDewmz4fcRhGxW6Y,Vito Salamanca,3,435953,0.016747959,11
2026-07-07,IT,2n0Ki4A5tKTEloq3WCt1IH,Samurai Jay,3,435953,0.016747959,11
2026-07-07,IT,0QrUbsrL5imqntAfDl8i7q,Fred De Palma,3,318265,0.012226752,14
2026-07-07,IT,51OKuyM4BiiYxFm8Mi6fa9,Mauvais djo,3,277920,0.010676822,15
2026-07-07,IT,6RdcIWVKYYzNzjQRd3oyHS,Pinguini Tattici Nucleari,3,262650,0.010090196,18
2026-07-07,IT,3HAwumPgGOSXlZSyGWuLhB,Sayf,3,236963,0.009103382,21
2026-07-07,IT,5dXlc7MnpaTeUIsHLVe3n4,Coez,3,234925,0.009025088,22
2026-07-07,IT,52iwsT98xCoGgiGntTiR7K,Quevedo,3,228506,0.00877849,24
2026-07-07,IT,7GacyaFUp0qkEJglERX9N7,Alfa,3,214150,0.008226977,26
2026-07-07,IT,3yiEJ9SByXZMXTwaKdVFN4,Luchè,3,207471,0.007970391,28
2026-07-07,IT,0gzwXezN4IUHAwLufA6YcX,Emma,3,198222,0.007615073,29
2026-07-07,IT,1dlyjeDlgXalzt5oqbgWDs,G.Mineiro,4,332758,0.012783528,13
2026-07-07,IT,2ifTEcQqKSPwijIEcPHQ1R,Flatpearl,4,332758,0.012783528,13
2026-07-07,IT,1l1A1U8VJM15W7zonFqKhg,Succo,4,332758,0.012783528,13
2026-07-07,IT,0EUR8jz8L936AEbV2Spkca,Kid Yugi,4,273943,0.010524038,16
2026-07-07,IT,5SulO4l40qDuV9zUGLZx7n,Capo Plaza,4,265164,0.010186776,17
2026-07-07,IT,3LvwPiJQJ0da0GurKMToV0,Baby Gang,4,229913,0.008832543,23
2026-07-07,IT,2R4kNOwHUUsuDYhKsESVbF,Artie 5ive,5,605596,0.023265115,8
2026-07-07,IT,7FeObngbQ0GY3SojNwKdKn,Bresh,5,491063,0.018865114,10
2026-07-07,IT,0lI3rF4hi4op6UxqlLHPzv,Achille Lauro,5,375273,0.014416822,12
2026-07-07,IT,7K80yOTC0Id95gRaOxDG5u,ANNA,7,726618,0.027914404,6
2026-07-07,IT,4q3ewBCX7sLwd24euuV69X,Bad Bunny,7,595848,0.022890627,9
2026-07-07,IT,25u1DN0MwQVSav4XoJS7hl,Olly,10,720458,0.027677756,7
2026-07-07,IT,2K5nCggbhSZ00YCYP5qkZS,Shiva,11,1008333,0.038737019,4
2026-07-07,IT,4rj3KWaLAnuxgtMMkypZhf,Juli,11,818852,0.031457748,5
2026-07-07,IT,23TFHmajVfBtlRx5MXqgoz,Sfera Ebbasta,14,1145771,0.044016959,3
2026-07-07,IT,3hN3iJMbbBmqBSAMx5veDa,Ultimo,15,1276368,0.04903409,2
2026-07-07,IT,27LlKWxS3KXW7RRAxN5S8s,Geolier,21,1975466,0.075891261,1
2026-07-01,IT,1cKyknhftNKXCjMBd2hDrG,DYSTINCT,1,211007,0.008170796,28
2026-07-01,IT,7FNnA9vBm6EKceENgCGRMb,Anitta,1,206129,0.007981906,30
2026-07-01,IT,0QrUbsrL5imqntAfDl8i7q,Fred De Palma,1,206129,0.007981906,30
2026-07-01,IT,6FtwCmLY6L1sqvjaQ2lV6G,Emis Killa,1,206129,0.007981906,30
2026-07-01,IT,0BjRnUqiITQwjqGtTeoxUS,DELIA,1,172091,0.006663857,36
2026-07-01,IT,5mTg1ztZByLRHsOEtwmT4G,Levante,1,172091,0.006663857,36
2026-07-01,IT,0EmeFodog0BfCgMzAIvKQp,Shakira,1,130606,0.005057439,41
2026-07-01,IT,3wcj11K77LjEY1PkEazffa,Burna Boy,1,130606,0.005057439,41
2026-07-01,IT,1c22GXH30ijlOfXhfLz9Df,Elvis Crespo,1,124166,0.004808064,44
2026-07-01,IT,5iot8OPcosJN9nCl7I5SdK,Irama,1,122195,0.004731741,45
2026-07-01,IT,6X5L6rmyvrWWu60Gx6exiZ,54 Ultra,1,121317,0.004697742,46
2026-07-01,IT,4p5WgeiPSPpqPDs7T6OkWf,ANOTR,1,121317,0.004697742,46
2026-07-01,IT,7tmMPdOmFvdRvbj2aWoiRi,Jovanotti,1,118161,0.004575533,48
2026-07-01,IT,7GacyaFUp0qkEJglERX9N7,Alfa,1,118161,0.004575533,48
2026-07-01,IT,3m5qlPf2OkihLz3dRYnkPA,Ovy On The Drums,1,117694,0.004557449,50
2026-07-01,IT,5uwa6tAMMfNbBFIHiI6NV4,W Sound,1,117694,0.004557449,50
2026-07-01,IT,7a0XAaPaK2aDSqa8p3QnC7,Beéle,1,117694,0.004557449,50
2026-07-01,IT,0hCNtLu0JehylgoiP8L4Gh,Nicki Minaj,1,113308,0.004387611,52
2026-07-01,IT,1uNFoZAHBGtllmzznpCI3s,Justin Bieber,1,113308,0.004387611,52
2026-07-01,IT,3xGlLcG9CUrs5MvFkSLOS5,Marco Mengoni,1,110517,0.004279535,53
2026-07-01,IT,0F3tUZeb9dLNEpxCpzEBQt,SOLTO (FR),1,107911,0.004178623,54
2026-07-01,IT,6PsQc21YZU7WNfiODG69Qk,Tony Boy,1,107423,0.004159727,55
2026-07-01,IT,5mHUmlJWkcoOk1NbjfrXWz,Temper City,1,98687,0.003821444,58
2026-07-01,IT,2R21vXR83lH98kGeO99Y66,Anuel AA,1,98470,0.003813041,59
2026-07-01,IT,5rRcnWrevHgbuWjl7Lhft7,Merk & Kremont,1,76653,0.002968224,60
2026-07-01,IT,72A0Z8q8NiochyK9gUHpCR,The Kolors,1,76653,0.002968224,60
2026-07-01,IT,01XCyobLTxOrswogL7YNIu,Dibla,1,75494,0.002923344,61
2026-07-01,IT,3DeOmVSmpv7WknXoo1OS8p,Alleh,1,74688,0.002892134,62
2026-07-01,IT,4eq1q0o9XPyNq9RG3fNDD1,Yorghaki,1,74688,0.002892134,62
2026-07-01,IT,1uZVxckdGGKhFMpCnupXmP,Los Pleneros de la Cresta,1,74007,0.002865763,63
2026-07-01,IT,2CCgb0KApjfQDuTppovpf8,Rvfv,1,72773,0.002817979,64
2026-07-01,IT,3g9MKjIP9xrMTY5Pbwr6Nk,Kreamly,1,72773,0.002817979,64
2026-07-01,IT,6RWMnZmXs8Ob715qLr4374,Aissa,1,72773,0.002817979,64
2026-07-01,IT,2LRoIwlKmHjgvigdNGBHNo,Feid,1,69826,0.002703863,65
2026-07-01,IT,2eFv7NVs8R6Go7msuqikeg,Pino Daniele,1,69528,0.002692324,66
2026-07-01,IT,790FomKkXshlbRYZFtlgla,KAROL G,1,69465,0.002689884,67
2026-07-01,IT,7krakxeyEmge6pzTthKNyg,The Bausa,1,68934,0.002669322,68
2026-07-01,IT,6USv9qhCn6zfxlBQIYJ9qs,Dominic Fike,1,68932,0.002669245,69
2026-07-01,IT,6JhUHne9H09NdkTI5E9GSt,Dardust,1,68536,0.00265391,70
2026-07-01,IT,17yREPqyU875WJnX9U082A,Imael Angel,1,67250,0.002604113,71
2026-07-01,IT,1cK2Abwkni7m51wJCSGllN,Ultra Naté,1,67250,0.002604113,71
2026-07-01,IT,2DlGxzQSjYe5N6G9nkYghR,Jennifer Lopez,1,66292,0.002567016,72
2026-07-01,IT,0TnOYISbd1XYRBk9myaseg,Pitbull,1,66292,0.002567016,72
2026-07-01,IT,1eBPcZCSWh1EAv0aOXusye,Higashi,1,64737,0.002506802,73
2026-07-01,IT,2i04Yoaa4wV8J75w8aPX1G,Kano Choir,1,64089,0.00248171,74
2026-07-01,IT,5p9HO3XC5P3BLxJs5Mtrhm,Djo,1,63346,0.002452939,75
2026-07-01,IT,2DaxqgrOhkeH0fpeiQq2f4,Oasis,1,62565,0.002422696,76
2026-07-01,IT,1HBjj22wzbscIZ9sEb5dyf,Jonas Blue,1,62389,0.002415881,77
2026-07-01,IT,5JsnFhU4OqgEtNXs7Sq1Vm,Malive,1,62389,0.002415881,77
2026-07-01,IT,05brE7yGJDmIYlMirfSi0B,Federica Abbate,1,61726,0.002390208,78
2026-07-01,IT,0fTSzq9jAh4c36UVb4V7CB,Alex Warren,1,60201,0.002331155,79
2026-07-01,IT,3wDn3kW2zDRLnaQAnX0S3x,Dat Boi Dee,1,60057,0.002325579,80
2026-07-01,IT,6hkKbkZGvAXuvle2FhCnxy,Shablo,1,59717,0.002312413,81
2026-07-01,IT,2sil8z5kiy4r76CRTXxBCA,The Goo Goo Dolls,1,59708,0.002312065,82
2026-07-01,IT,2dAKW1tsAariQ0Ta2gqp8N,Gow Tribe,1,59539,0.002305521,83
2026-07-01,IT,7cdIY4mDfM1dbjgl7s2fGR,Sal Da Vinci,1,58546,0.002267069,84
2026-07-01,IT,056KMTw6IztdQjBmFfVyO3,Rkomi,1,58293,0.002257272,85
2026-07-01,IT,7u710e44HW3K7A5eTnRqHC,Fabri Fibra,1,56721,0.0021964,86
2026-07-01,IT,5NGO30tJxFlKixkPSgXcFE,The Police,1,56388,0.002183505,87
2026-07-01,IT,10exVja0key0uqUkk6LJRT,Vance Joy,1,55364,0.002143853,88
2026-07-01,IT,7gjqZ8coFZimZDtdk04WP1,MACE,1,55157,0.002135837,89
2026-07-01,IT,5FwDaIGy29GQC5d0MR7fKf,LDA,1,55144,0.002135334,90
2026-07-01,IT,0lQtBhjEJpoOroQS6fbWMc,Aka 7even,1,55144,0.002135334,90
2026-07-01,IT,2oQX8QiMXOyuqbcZEFsZfm,El Alfa,1,55114,0.002134172,91
2026-07-01,IT,5bv5RplEOwdCvhq0EILh9E,Lucenzo,1,54943,0.00212755,92
2026-07-01,IT,33ScadVnbm2X8kkUqOkC6Z,Don Omar,1,54943,0.00212755,92
2026-07-01,IT,5H1nN1SzW0qNeUEZvuXjAj,Danny Ocean,1,54717,0.002118799,93
2026-07-01,IT,2tIP7SsRs7vjIcLrU85W8J,The Kid LAROI,1,54322,0.002103504,94
2026-07-01,IT,0harR1ApYeMN6GOLBNMiUR,Eddie Brock,1,54296,0.002102497,95
2026-07-01,IT,7GgpsUpkj3olseoaTY7TEY,Elodie,1,54140,0.002096456,96
2026-07-01,IT,4Xsf5hhfIyhTgiVymlPLA7,22simba,1,54022,0.002091887,97
2026-07-01,IT,3AVx3OBPIk4pJQllAXoVs1,Gaia,1,54012,0.0020915,98
2026-07-01,IT,1McMsnEElThX1knmY4oliG,Olivia Rodrigo,1,53842,0.002084917,99
2026-07-01,IT,7h1amg0X7Q5d0D5KfuyKTg,Pyrex,1,53264,0.002062535,100
2026-07-01,IT,2jnjbAYKylrmBMCFZE0OCK,Poison Beatz,1,53249,0.002061954,101
2026-07-01,IT,6HabM2PUM519iIxervGWSb,Prospa,1,52327,0.002026251,102
2026-07-01,IT,7MdlXmq2HViAJWo9cf30sR,Cloonee,1,52327,0.002026251,102
2026-07-01,IT,7KFOc3T4Xo8DVZt4PWw2qN,Gazzelle,1,51867,0.002008439,103
2026-07-01,IT,7HtzacrJpksCiS6qHypb8l,Ditonellapiaga,1,51739,0.002003482,104
2026-07-01,IT,4G9NDjRyZFDlJKMRL8hx3S,sombr,1,51449,0.001992253,105
2026-07-01,IT,2PEMswqQspTSsAltdeF5kO,Simba La Rue,1,50937,0.001972427,106
2026-07-01,IT,5KKpBU5eC2tJDzf0wmlRp2,RAYE,1,50793,0.001966851,107
2026-07-01,IT,7H8ZC8uHJMPZGLMApRRNIz,Ligabue,1,50568,0.001958138,108
2026-07-01,IT,1yq9UuPp5DIb5w6eswGbKV,Adriano Celentano,1,50541,0.001957092,109
2026-07-01,IT,5BcAKTbp20cv7tC5VqPFoC,Macklemore & Ryan Lewis,1,50317,0.001948419,110
2026-07-01,IT,3JhNCzhSMTxs9WLGJJxWOY,Macklemore,1,50317,0.001948419,110
2026-07-01,IT,5mZJerulcERBZV7xnhrVp1,Ryan Lewis,1,50317,0.001948419,110
2026-07-01,IT,4e0nWw2r4BoQSKPQ2zpU13,Ray Dalton,1,50317,0.001948419,110
2026-07-01,IT,6YBgd2LKccEB3pX6UaW1Yp,Thegiornalisti,1,50255,0.001946018,111
2026-07-01,IT,2iK8weavvfS2xJCmzNzNE5,J-AX,1,49851,0.001930374,112
2026-07-01,IT,07yfI2D37Ir0pGQ8huDd4j,TonyPitony,1,49114,0.001901835,113
2026-07-01,IT,2yNNYQBChuox9A5Ka93BIn,HUNTR/X,1,48892,0.001893238,114
2026-07-01,IT,0RMJOzHDhAKY1o2j0W0vxY,EJAE,1,48892,0.001893238,114
2026-07-01,IT,0Wwji82sLA0Hcvtuak3omb,AUDREY NUNA,1,48892,0.001893238,114
2026-07-01,IT,6U1dV7aL68N7Gb0Naq34V5,REI AMI,1,48892,0.001893238,114
2026-07-01,IT,7mW7Tv7NvywKKXqafZo0Lc,KPop Demon Hunters Cast,1,48892,0.001893238,114
2026-07-01,IT,2pzFTbri7ew8mW2CbYpCNq,Astro,1,48301,0.001870353,115
2026-07-01,IT,08ppjXEpROUgrG1X0DEquB,Nerissima Serpe,1,48301,0.001870353,115
2026-07-01,IT,3q7HBObVc0L8jNeTe5Gofh,50 Cent,1,48137,0.001864003,116
2026-07-01,IT,716NhGYqD1jl2wI1Qkgq36,Bizarrap,1,47588,0.001842744,117
2026-07-01,IT,4VmOlyJsnQB93ZIGMO2XWo,Madfingerz,1,47535,0.001840691,118
2026-07-01,IT,5l4nhyz8876RhgE2d18h65,Vasco Rossi,1,47296,0.001831437,119
2026-07-01,IT,11TplWqOPQBTmg2eiSLt1m,Tiziano Ferro,1,47225,0.001828687,120
2026-07-01,IT,6XyY86QOPPrYVGvF9ch6wz,Linkin Park,1,47134,0.001825164,121
2026-07-01,IT,1Yj5Xey7kTwvZla8sqdsdE,Cris MJ,1,46958,0.001818348,122
2026-07-01,IT,7CvTknweLr9feJtRGrpDBy,FloyyMenor,1,46958,0.001818348,122
2026-07-01,IT,6289Bbkkk3gaCbh1K7Rv8F,Izi,1,46887,0.001815599,123
2026-07-01,IT,7zPS3i8YJBNeDcqXUHfCMr,AVA,1,46756,0.001810526,124
2026-07-01,IT,7108jelN43seqWILMvJwKi,Serena Brancale,2,248744,0.009632081,20
2026-07-01,IT,38CThoTDmXugNnfonW466d,Jiz,2,247411,0.009580463,21
2026-07-01,IT,6RdcIWVKYYzNzjQRd3oyHS,Pinguini Tattici Nucleari,2,210081,0.008134939,29
2026-07-01,IT,1vgQksyJ0IVz8y9XerEOy3,Madame,2,187548,0.007262396,32
2026-07-01,IT,1A6HBLulvBFzNtlMb7b08f,Angelina Mango,2,181692,0.007035635,33
2026-07-01,IT,5PlfkPxwCpRRWQJBxCa0By,HUGEL,2,175161,0.006782736,34
2026-07-01,IT,26toJml6wSdf58ZgNG0ci9,Dipinto,2,172495,0.006679501,35
2026-07-01,IT,6HQ27YefiitrZ9YsWrgRHX,Fresh Beatz,2,172495,0.006679501,35
2026-07-01,IT,47z0zz9ZMCn9GBiPRTn5Bc,Tommaso Paradiso,2,154134,0.00596851,38
2026-07-01,IT,3fMbdgg4jU18AjLCKBhRSm,Michael Jackson,2,153742,0.005953331,39
2026-07-01,IT,1QeqGmpgU5Yg74GNcjIIq3,Fulminacci,2,147193,0.005699735,40
2026-07-01,IT,44DWomjW1oDuxIoBIRpmQ4,Rhove,2,128534,0.004977205,42
2026-07-01,IT,76UCIJTB0jcJvBaL0CdIqx,Takagi & Ketra,2,124609,0.004825218,43
2026-07-01,IT,1UjxAZqzphB1tsMb1aWBj0,Omega,2,119851,0.004640974,47
2026-07-01,IT,2aiM1OfMODFLUXaQgEVPK1,Roberto Ferrante,2,119851,0.004640974,47
2026-07-01,IT,0EqkKYDK9EkKY5N7zU3FPv,Annalisa,2,117992,0.004568989,49
2026-07-01,IT,6FcVd3KlRxozcLl19FMXu9,Max Pezzali,2,113612,0.004399382,51
2026-07-01,IT,7F2utINZ6tSokSiZTQBE27,Guè,2,107179,0.004150278,56
2026-07-01,IT,1AgAVqo74e2q4FVvg0xpT7,Tedua,2,104309,0.004039144,57
2026-07-01,IT,2n0Ki4A5tKTEloq3WCt1IH,Samurai Jay,3,462347,0.017903401,12
2026-07-01,IT,2QJ1AReDewmz4fcRhGxW6Y,Vito Salamanca,3,462347,0.017903401,12
2026-07-01,IT,1dlyjeDlgXalzt5oqbgWDs,G.Mineiro,3,314921,0.012194644,14
2026-07-01,IT,2ifTEcQqKSPwijIEcPHQ1R,Flatpearl,3,314921,0.012194644,14
2026-07-01,IT,1l1A1U8VJM15W7zonFqKhg,Succo,3,314921,0.012194644,14
2026-07-01,IT,51OKuyM4BiiYxFm8Mi6fa9,Mauvais djo,3,272401,0.010548148,16
2026-07-01,IT,5AZuEF0feCXMkUCwQiQlW7,Marracash,3,232545,0.009004809,22
2026-07-01,IT,52iwsT98xCoGgiGntTiR7K,Quevedo,3,218491,0.008460598,24
2026-07-01,IT,3HAwumPgGOSXlZSyGWuLhB,Sayf,3,217585,0.008425515,25
2026-07-01,IT,5dXlc7MnpaTeUIsHLVe3n4,Coez,3,215820,0.008357169,26
2026-07-01,IT,0gzwXezN4IUHAwLufA6YcX,Emma,3,212058,0.008211494,27
2026-07-01,IT,0jdNdfi4vAuVi7a6cPDFBM,Lazza,3,196194,0.007597194,31
2026-07-01,IT,6bMul6rmRS03x38tWKYifO,883,3,161631,0.006258816,37
2026-07-01,IT,396Jr76018oUMR6QBnqT8T,Cesare Cremonini,4,262224,0.010154065,17
2026-07-01,IT,3fhMfkPPzksWuw0hEm4ldm,Ernia,4,259160,0.010035418,18
2026-07-01,IT,3yiEJ9SByXZMXTwaKdVFN4,Luchè,4,258881,0.010024615,19
2026-07-01,IT,3LvwPiJQJ0da0GurKMToV0,Baby Gang,4,219781,0.00851055,23
2026-07-01,IT,0lI3rF4hi4op6UxqlLHPzv,Achille Lauro,5,363950,0.014093188,13
2026-07-01,IT,5SulO4l40qDuV9zUGLZx7n,Capo Plaza,5,310870,0.012037778,15
2026-07-01,IT,2R4kNOwHUUsuDYhKsESVbF,Artie 5ive,6,655069,0.02536615,7
2026-07-01,IT,4q3ewBCX7sLwd24euuV69X,Bad Bunny,6,534566,0.020699928,8
2026-07-01,IT,3hN3iJMbbBmqBSAMx5veDa,Ultimo,6,505427,0.019571583,10
2026-07-01,IT,7FeObngbQ0GY3SojNwKdKn,Bresh,6,488451,0.018914223,11
2026-07-01,IT,7K80yOTC0Id95gRaOxDG5u,ANNA,7,736899,0.028534842,5
2026-07-01,IT,0EUR8jz8L936AEbV2Spkca,Kid Yugi,8,509833,0.019742196,9
2026-07-01,IT,25u1DN0MwQVSav4XoJS7hl,Olly,10,732658,0.028370618,6
2026-07-01,IT,4rj3KWaLAnuxgtMMkypZhf,Juli,11,821164,0.031797825,4
2026-07-01,IT,2K5nCggbhSZ00YCYP5qkZS,Shiva,13,1139180,0.044112316,3
2026-07-01,IT,23TFHmajVfBtlRx5MXqgoz,Sfera Ebbasta,14,1205391,0.046676196,2
2026-07-01,IT,27LlKWxS3KXW7RRAxN5S8s,Geolier,22,2153941,0.083406771,1
2026-07-04,IT,6FtwCmLY6L1sqvjaQ2lV6G,Emis Killa,1,252180,0.008828958,24
2026-07-04,IT,7FNnA9vBm6EKceENgCGRMb,Anitta,1,252180,0.008828958,24
2026-07-04,IT,1cKyknhftNKXCjMBd2hDrG,DYSTINCT,1,215875,0.0075579,31
2026-07-04,IT,5mTg1ztZByLRHsOEtwmT4G,Levante,1,209457,0.007333202,34
2026-07-04,IT,0BjRnUqiITQwjqGtTeoxUS,DELIA,1,209457,0.007333202,34
2026-07-04,IT,3xGlLcG9CUrs5MvFkSLOS5,Marco Mengoni,1,164551,0.005761019,43
2026-07-04,IT,3wcj11K77LjEY1PkEazffa,Burna Boy,1,155240,0.005435036,44
2026-07-04,IT,6X5L6rmyvrWWu60Gx6exiZ,54 Ultra,1,154079,0.005394389,45
2026-07-04,IT,4p5WgeiPSPpqPDs7T6OkWf,ANOTR,1,154079,0.005394389,45
2026-07-04,IT,5uwa6tAMMfNbBFIHiI6NV4,W Sound,1,149118,0.005220702,46
2026-07-04,IT,7a0XAaPaK2aDSqa8p3QnC7,Beéle,1,149118,0.005220702,46
2026-07-04,IT,3m5qlPf2OkihLz3dRYnkPA,Ovy On The Drums,1,149118,0.005220702,46
2026-07-04,IT,1c22GXH30ijlOfXhfLz9Df,Elvis Crespo,1,142478,0.004988232,50
2026-07-04,IT,7tmMPdOmFvdRvbj2aWoiRi,Jovanotti,1,132801,0.004649435,53
2026-07-04,IT,0F3tUZeb9dLNEpxCpzEBQt,SOLTO (FR),1,131660,0.004609488,54
2026-07-04,IT,0hCNtLu0JehylgoiP8L4Gh,Nicki Minaj,1,129202,0.004523432,56
2026-07-04,IT,1uNFoZAHBGtllmzznpCI3s,Justin Bieber,1,129202,0.004523432,56
2026-07-04,IT,5mHUmlJWkcoOk1NbjfrXWz,Temper City,1,103868,0.003636475,59
2026-07-04,IT,6PsQc21YZU7WNfiODG69Qk,Tony Boy,1,102579,0.003591346,60
2026-07-04,IT,2R21vXR83lH98kGeO99Y66,Anuel AA,1,99225,0.003473921,61
2026-07-04,IT,1uZVxckdGGKhFMpCnupXmP,Los Pleneros de la Cresta,1,91784,0.003213407,62
2026-07-04,IT,01XCyobLTxOrswogL7YNIu,Dibla,1,90085,0.003153924,63
2026-07-04,IT,2CCgb0KApjfQDuTppovpf8,Rvfv,1,88204,0.00308807,64
2026-07-04,IT,6RWMnZmXs8Ob715qLr4374,Aissa,1,88204,0.00308807,64
2026-07-04,IT,3g9MKjIP9xrMTY5Pbwr6Nk,Kreamly,1,88204,0.00308807,64
2026-07-04,IT,7krakxeyEmge6pzTthKNyg,The Bausa,1,86123,0.003015213,65
2026-07-04,IT,1cK2Abwkni7m51wJCSGllN,Ultra Naté,1,83253,0.002914732,66
2026-07-04,IT,17yREPqyU875WJnX9U082A,Imael Angel,1,83253,0.002914732,66
2026-07-04,IT,5rRcnWrevHgbuWjl7Lhft7,Merk & Kremont,1,81503,0.002853464,67
2026-07-04,IT,72A0Z8q8NiochyK9gUHpCR,The Kolors,1,81503,0.002853464,67
2026-07-04,IT,1HBjj22wzbscIZ9sEb5dyf,Jonas Blue,1,81235,0.002844081,68
2026-07-04,IT,5JsnFhU4OqgEtNXs7Sq1Vm,Malive,1,81235,0.002844081,68
2026-07-04,IT,3DeOmVSmpv7WknXoo1OS8p,Alleh,1,80582,0.002821219,69
2026-07-04,IT,4eq1q0o9XPyNq9RG3fNDD1,Yorghaki,1,80582,0.002821219,69
2026-07-04,IT,2DaxqgrOhkeH0fpeiQq2f4,Oasis,1,80413,0.002815302,70
2026-07-04,IT,790FomKkXshlbRYZFtlgla,KAROL G,1,77521,0.002714052,71
2026-07-04,IT,1eBPcZCSWh1EAv0aOXusye,Higashi,1,77339,0.00270768,72
2026-07-04,IT,6JhUHne9H09NdkTI5E9GSt,Dardust,1,73089,0.002558885,73
2026-07-04,IT,2DlGxzQSjYe5N6G9nkYghR,Jennifer Lopez,1,72441,0.002536198,74
2026-07-04,IT,0TnOYISbd1XYRBk9myaseg,Pitbull,1,72441,0.002536198,74
2026-07-04,IT,5H1nN1SzW0qNeUEZvuXjAj,Danny Ocean,1,69622,0.002437504,75
2026-07-04,IT,6USv9qhCn6zfxlBQIYJ9qs,Dominic Fike,1,68905,0.002412401,76
2026-07-04,IT,6HabM2PUM519iIxervGWSb,Prospa,1,67602,0.002366782,77
2026-07-04,IT,7MdlXmq2HViAJWo9cf30sR,Cloonee,1,67602,0.002366782,77
2026-07-04,IT,2oQX8QiMXOyuqbcZEFsZfm,El Alfa,1,66976,0.002344866,78
2026-07-04,IT,2eFv7NVs8R6Go7msuqikeg,Pino Daniele,1,66952,0.002344026,79
2026-07-04,IT,5p9HO3XC5P3BLxJs5Mtrhm,Djo,1,65794,0.002303483,80
2026-07-04,IT,2i04Yoaa4wV8J75w8aPX1G,Kano Choir,1,65523,0.002293996,81
2026-07-04,IT,3wDn3kW2zDRLnaQAnX0S3x,Dat Boi Dee,1,65129,0.002280201,82
2026-07-04,IT,7gjqZ8coFZimZDtdk04WP1,MACE,1,65023,0.00227649,83
2026-07-04,IT,0fTSzq9jAh4c36UVb4V7CB,Alex Warren,1,64619,0.002262346,84
2026-07-04,IT,2jnjbAYKylrmBMCFZE0OCK,Poison Beatz,1,64439,0.002256044,85
2026-07-04,IT,2LRoIwlKmHjgvigdNGBHNo,Feid,1,64340,0.002252578,86
2026-07-04,IT,3AVx3OBPIk4pJQllAXoVs1,Gaia,1,63938,0.002238504,87
2026-07-04,IT,2sil8z5kiy4r76CRTXxBCA,The Goo Goo Dolls,1,63233,0.002213821,88
2026-07-04,IT,05brE7yGJDmIYlMirfSi0B,Federica Abbate,1,62904,0.002202303,89
2026-07-04,IT,5FwDaIGy29GQC5d0MR7fKf,LDA,1,62190,0.002177305,90
2026-07-04,IT,0lQtBhjEJpoOroQS6fbWMc,Aka 7even,1,62190,0.002177305,90
2026-07-04,IT,2dAKW1tsAariQ0Ta2gqp8N,Gow Tribe,1,62093,0.002173909,91
2026-07-04,IT,6hkKbkZGvAXuvle2FhCnxy,Shablo,1,61733,0.002161306,92
2026-07-04,IT,7HtzacrJpksCiS6qHypb8l,Ditonellapiaga,1,60554,0.002120028,93
2026-07-04,IT,2iK8weavvfS2xJCmzNzNE5,J-AX,1,60407,0.002114882,94
2026-07-04,IT,10exVja0key0uqUkk6LJRT,Vance Joy,1,59410,0.002079976,95
2026-07-04,IT,7H8ZC8uHJMPZGLMApRRNIz,Ligabue,1,59243,0.002074129,96
2026-07-04,IT,7zPS3i8YJBNeDcqXUHfCMr,AVA,1,58936,0.002063381,97
2026-07-04,IT,33ScadVnbm2X8kkUqOkC6Z,Don Omar,1,58235,0.002038839,98
2026-07-04,IT,5bv5RplEOwdCvhq0EILh9E,Lucenzo,1,58235,0.002038839,98
2026-07-04,IT,5NGO30tJxFlKixkPSgXcFE,The Police,1,58173,0.002036668,99
2026-07-04,IT,7aBzpmFXB4WWpPl2F7RjBe,Wyclef Jean,1,57947,0.002028756,100
2026-07-04,IT,716NhGYqD1jl2wI1Qkgq36,Bizarrap,1,57753,0.002021964,101
2026-07-04,IT,056KMTw6IztdQjBmFfVyO3,Rkomi,1,57631,0.002017692,102
2026-07-04,IT,6YBgd2LKccEB3pX6UaW1Yp,Thegiornalisti,1,57489,0.002012721,103
2026-07-04,IT,7F2utINZ6tSokSiZTQBE27,Guè,1,57455,0.002011531,104
2026-07-04,IT,5KKpBU5eC2tJDzf0wmlRp2,RAYE,1,57318,0.002006734,105
2026-07-04,IT,0r310cYIlI5aMcuDTChNlO,Loretta Goggi,1,56366,0.001973404,106
2026-07-04,IT,1Yj5Xey7kTwvZla8sqdsdE,Cris MJ,1,56353,0.001972949,107
2026-07-04,IT,7CvTknweLr9feJtRGrpDBy,FloyyMenor,1,56353,0.001972949,107
2026-07-04,IT,2cy1zPcrFcXAJTP0APWewL,Gente De Zona,1,55943,0.001958595,108
2026-07-04,IT,4wLXwxDeWQ8mtUIRPxGiD6,Marc Anthony,1,55943,0.001958595,108
2026-07-04,IT,1yq9UuPp5DIb5w6eswGbKV,Adriano Celentano,1,55592,0.001946306,109
2026-07-04,IT,4VmOlyJsnQB93ZIGMO2XWo,Madfingerz,1,55490,0.001942735,110
2026-07-04,IT,3JhNCzhSMTxs9WLGJJxWOY,Macklemore,1,55461,0.001941719,111
2026-07-04,IT,4e0nWw2r4BoQSKPQ2zpU13,Ray Dalton,1,55461,0.001941719,111
2026-07-04,IT,5BcAKTbp20cv7tC5VqPFoC,Macklemore & Ryan Lewis,1,55461,0.001941719,111
2026-07-04,IT,5mZJerulcERBZV7xnhrVp1,Ryan Lewis,1,55461,0.001941719,111
2026-07-04,IT,7KFOc3T4Xo8DVZt4PWw2qN,Gazzelle,1,54752,0.001916897,112
2026-07-04,IT,6U1dV7aL68N7Gb0Naq34V5,REI AMI,1,54323,0.001901878,113
2026-07-04,IT,0Wwji82sLA0Hcvtuak3omb,AUDREY NUNA,1,54323,0.001901878,113
2026-07-04,IT,0RMJOzHDhAKY1o2j0W0vxY,EJAE,1,54323,0.001901878,113
2026-07-04,IT,2yNNYQBChuox9A5Ka93BIn,HUNTR/X,1,54323,0.001901878,113
2026-07-04,IT,7mW7Tv7NvywKKXqafZo0Lc,KPop Demon Hunters Cast,1,54323,0.001901878,113
2026-07-04,IT,7u710e44HW3K7A5eTnRqHC,Fabri Fibra,1,54224,0.001898411,114
2026-07-04,IT,7GgpsUpkj3olseoaTY7TEY,Elodie,1,54178,0.001896801,115
2026-07-04,IT,2PEMswqQspTSsAltdeF5kO,Simba La Rue,1,54149,0.001895786,116
2026-07-04,IT,0harR1ApYeMN6GOLBNMiUR,Eddie Brock,1,53786,0.001883077,117
2026-07-04,IT,6nVcHLIgY5pE2YCl8ubca1,JHAYCO,1,53563,0.001875269,118
2026-07-04,IT,6wH6iStAh4KIaWfuhf0NYM,Manu Chao,1,53079,0.001858324,119
2026-07-04,IT,7h1amg0X7Q5d0D5KfuyKTg,Pyrex,1,52769,0.001847471,120
2026-07-04,IT,1Xylc3o4UrD53lo9CvFvVg,Zara Larsson,1,52710,0.001845406,121
2026-07-04,IT,07yfI2D37Ir0pGQ8huDd4j,TonyPitony,1,52538,0.001839384,122
2026-07-04,IT,1AgAVqo74e2q4FVvg0xpT7,Tedua,1,52256,0.001829511,123
2026-07-04,IT,2tIP7SsRs7vjIcLrU85W8J,The Kid LAROI,1,51693,0.0018098,124
2026-07-04,IT,1vyhD5VmyZ7KMfW5gqLgo5,J Balvin,1,51681,0.00180938,125
2026-07-04,IT,1i8SpTcr7yvPOmcqrbnVXY,Ozuna,1,51316,0.001796601,126
2026-07-04,IT,4G9NDjRyZFDlJKMRL8hx3S,sombr,1,51219,0.001793205,127
2026-07-04,IT,0QrUbsrL5imqntAfDl8i7q,Fred De Palma,2,308969,0.010817171,16
2026-07-04,IT,7108jelN43seqWILMvJwKi,Serena Brancale,2,290960,0.010186666,19
2026-07-04,IT,38CThoTDmXugNnfonW466d,Jiz,2,272624,0.009544713,20
2026-07-04,IT,1A6HBLulvBFzNtlMb7b08f,Angelina Mango,2,250665,0.008775917,25
2026-07-04,IT,5PlfkPxwCpRRWQJBxCa0By,HUGEL,2,214913,0.00752422,32
2026-07-04,IT,0EmeFodog0BfCgMzAIvKQp,Shakira,2,213187,0.007463792,33
2026-07-04,IT,1vgQksyJ0IVz8y9XerEOy3,Madame,2,200045,0.007003683,37
2026-07-04,IT,5AZuEF0feCXMkUCwQiQlW7,Marracash,2,194536,0.00681081,38
2026-07-04,IT,26toJml6wSdf58ZgNG0ci9,Dipinto,2,191522,0.006705288,39
2026-07-04,IT,6HQ27YefiitrZ9YsWrgRHX,Fresh Beatz,2,191522,0.006705288,39
2026-07-04,IT,5iot8OPcosJN9nCl7I5SdK,Irama,2,188374,0.006595075,40
2026-07-04,IT,3fMbdgg4jU18AjLCKBhRSm,Michael Jackson,2,175800,0.006154853,41
2026-07-04,IT,1QeqGmpgU5Yg74GNcjIIq3,Fulminacci,2,171896,0.006018172,42
2026-07-04,IT,76UCIJTB0jcJvBaL0CdIqx,Takagi & Ketra,2,145678,0.005100265,47
2026-07-04,IT,2aiM1OfMODFLUXaQgEVPK1,Roberto Ferrante,2,144315,0.005052546,48
2026-07-04,IT,1UjxAZqzphB1tsMb1aWBj0,Omega,2,144315,0.005052546,48
2026-07-04,IT,0jdNdfi4vAuVi7a6cPDFBM,Lazza,2,143300,0.00501701,49
2026-07-04,IT,0EqkKYDK9EkKY5N7zU3FPv,Annalisa,2,141090,0.004939637,51
2026-07-04,IT,44DWomjW1oDuxIoBIRpmQ4,Rhove,2,132966,0.004655211,52
2026-07-04,IT,6bMul6rmRS03x38tWKYifO,883,2,131458,0.004602415,55
2026-07-04,IT,7cdIY4mDfM1dbjgl7s2fGR,Sal Da Vinci,2,124451,0.004357097,57
2026-07-04,IT,6FcVd3KlRxozcLl19FMXu9,Max Pezzali,2,122771,0.004298279,58
2026-07-04,IT,2QJ1AReDewmz4fcRhGxW6Y,Vito Salamanca,3,519869,0.018200894,10
2026-07-04,IT,2n0Ki4A5tKTEloq3WCt1IH,Samurai Jay,3,519869,0.018200894,10
2026-07-04,IT,1l1A1U8VJM15W7zonFqKhg,Succo,3,315138,0.011033151,14
2026-07-04,IT,1dlyjeDlgXalzt5oqbgWDs,G.Mineiro,3,315138,0.011033151,14
2026-07-04,IT,2ifTEcQqKSPwijIEcPHQ1R,Flatpearl,3,315138,0.011033151,14
2026-07-04,IT,51OKuyM4BiiYxFm8Mi6fa9,Mauvais djo,3,309871,0.010848751,15
2026-07-04,IT,3HAwumPgGOSXlZSyGWuLhB,Sayf,3,266493,0.009330064,21
2026-07-04,IT,52iwsT98xCoGgiGntTiR7K,Quevedo,3,252559,0.008842227,23
2026-07-04,IT,7GacyaFUp0qkEJglERX9N7,Alfa,3,237485,0.008314478,26
2026-07-04,IT,5dXlc7MnpaTeUIsHLVe3n4,Coez,3,233629,0.008179477,27
2026-07-04,IT,396Jr76018oUMR6QBnqT8T,Cesare Cremonini,3,230037,0.008053719,28
2026-07-04,IT,3yiEJ9SByXZMXTwaKdVFN4,Luchè,3,222965,0.007806125,29
2026-07-04,IT,47z0zz9ZMCn9GBiPRTn5Bc,Tommaso Paradiso,3,216086,0.007565287,30
2026-07-04,IT,0gzwXezN4IUHAwLufA6YcX,Emma,3,207334,0.007258875,35
2026-07-04,IT,3fhMfkPPzksWuw0hEm4ldm,Ernia,3,203325,0.007118518,36
2026-07-04,IT,6RdcIWVKYYzNzjQRd3oyHS,Pinguini Tattici Nucleari,4,353103,0.012362326,13
2026-07-04,IT,0EUR8jz8L936AEbV2Spkca,Kid Yugi,4,297504,0.010415775,17
2026-07-04,IT,5SulO4l40qDuV9zUGLZx7n,Capo Plaza,4,291513,0.010206027,18
2026-07-04,IT,3LvwPiJQJ0da0GurKMToV0,Baby Gang,4,255253,0.008936545,22
2026-07-04,IT,7FeObngbQ0GY3SojNwKdKn,Bresh,5,496379,0.017378496,11
2026-07-04,IT,2R4kNOwHUUsuDYhKsESVbF,Artie 5ive,6,715797,0.025060439,9
2026-07-04,IT,0lI3rF4hi4op6UxqlLHPzv,Achille Lauro,6,452722,0.015850041,12
2026-07-04,IT,7K80yOTC0Id95gRaOxDG5u,ANNA,7,813976,0.028497738,5
2026-07-04,IT,4q3ewBCX7sLwd24euuV69X,Bad Bunny,9,789120,0.027627516,7
2026-07-04,IT,3hN3iJMbbBmqBSAMx5veDa,Ultimo,9,763524,0.026731387,8
2026-07-04,IT,25u1DN0MwQVSav4XoJS7hl,Olly,10,806586,0.028239011,6
2026-07-04,IT,2K5nCggbhSZ00YCYP5qkZS,Shiva,11,1070616,0.037482843,3
2026-07-04,IT,4rj3KWaLAnuxgtMMkypZhf,Juli,11,909260,0.031833683,4
2026-07-04,IT,23TFHmajVfBtlRx5MXqgoz,Sfera Ebbasta,13,1180489,0.041329556,2
2026-07-04,IT,27LlKWxS3KXW7RRAxN5S8s,Geolier,21,2283227,0.079937008,1
2026-07-03,IT,7FNnA9vBm6EKceENgCGRMb,Anitta,1,244429,0.008462361,27
2026-07-03,IT,6FtwCmLY6L1sqvjaQ2lV6G,Emis Killa,1,244429,0.008462361,27
2026-07-03,IT,1cKyknhftNKXCjMBd2hDrG,DYSTINCT,1,214371,0.007421725,31
2026-07-03,IT,5mTg1ztZByLRHsOEtwmT4G,Levante,1,192653,0.006669827,35
2026-07-03,IT,0BjRnUqiITQwjqGtTeoxUS,DELIA,1,192653,0.006669827,35
2026-07-03,IT,3xGlLcG9CUrs5MvFkSLOS5,Marco Mengoni,1,166921,0.005778961,42
2026-07-03,IT,3wcj11K77LjEY1PkEazffa,Burna Boy,1,148094,0.005127153,45
2026-07-03,IT,4p5WgeiPSPpqPDs7T6OkWf,ANOTR,1,147752,0.005115312,46
2026-07-03,IT,6X5L6rmyvrWWu60Gx6exiZ,54 Ultra,1,147752,0.005115312,46
2026-07-03,IT,1c22GXH30ijlOfXhfLz9Df,Elvis Crespo,1,145840,0.005049117,47
2026-07-03,IT,7a0XAaPaK2aDSqa8p3QnC7,Beéle,1,143760,0.004977106,48
2026-07-03,IT,3m5qlPf2OkihLz3dRYnkPA,Ovy On The Drums,1,143760,0.004977106,48
2026-07-03,IT,5uwa6tAMMfNbBFIHiI6NV4,W Sound,1,143760,0.004977106,48
2026-07-03,IT,5iot8OPcosJN9nCl7I5SdK,Irama,1,138352,0.004789876,51
2026-07-03,IT,0hCNtLu0JehylgoiP8L4Gh,Nicki Minaj,1,130157,0.004506157,54
2026-07-03,IT,1uNFoZAHBGtllmzznpCI3s,Justin Bieber,1,130157,0.004506157,54
2026-07-03,IT,7tmMPdOmFvdRvbj2aWoiRi,Jovanotti,1,127243,0.004405272,55
2026-07-03,IT,0F3tUZeb9dLNEpxCpzEBQt,SOLTO (FR),1,126012,0.004362653,56
2026-07-03,IT,5mHUmlJWkcoOk1NbjfrXWz,Temper City,1,108801,0.003766792,58
2026-07-03,IT,6PsQc21YZU7WNfiODG69Qk,Tony Boy,1,108123,0.003743319,59
2026-07-03,IT,2R21vXR83lH98kGeO99Y66,Anuel AA,1,101172,0.003502669,60
2026-07-03,IT,1uZVxckdGGKhFMpCnupXmP,Los Pleneros de la Cresta,1,88889,0.00307742,61
2026-07-03,IT,2CCgb0KApjfQDuTppovpf8,Rvfv,1,87677,0.00303546,62
2026-07-03,IT,6RWMnZmXs8Ob715qLr4374,Aissa,1,87677,0.00303546,62
2026-07-03,IT,3g9MKjIP9xrMTY5Pbwr6Nk,Kreamly,1,87677,0.00303546,62
2026-07-03,IT,01XCyobLTxOrswogL7YNIu,Dibla,1,86287,0.002987337,63
2026-07-03,IT,2DaxqgrOhkeH0fpeiQq2f4,Oasis,1,85783,0.002969888,64
2026-07-03,IT,7krakxeyEmge6pzTthKNyg,The Bausa,1,84126,0.002912521,65
2026-07-03,IT,1cK2Abwkni7m51wJCSGllN,Ultra Naté,1,83748,0.002899434,66
2026-07-03,IT,17yREPqyU875WJnX9U082A,Imael Angel,1,83748,0.002899434,66
2026-07-03,IT,3DeOmVSmpv7WknXoo1OS8p,Alleh,1,83474,0.002889948,67
2026-07-03,IT,4eq1q0o9XPyNq9RG3fNDD1,Yorghaki,1,83474,0.002889948,67
2026-07-03,IT,5rRcnWrevHgbuWjl7Lhft7,Merk & Kremont,1,79736,0.002760535,68
2026-07-03,IT,72A0Z8q8NiochyK9gUHpCR,The Kolors,1,79736,0.002760535,68
2026-07-03,IT,5JsnFhU4OqgEtNXs7Sq1Vm,Malive,1,76929,0.002663354,69
2026-07-03,IT,1HBjj22wzbscIZ9sEb5dyf,Jonas Blue,1,76929,0.002663354,69
2026-07-03,IT,0TnOYISbd1XYRBk9myaseg,Pitbull,1,75715,0.002621324,70
2026-07-03,IT,2DlGxzQSjYe5N6G9nkYghR,Jennifer Lopez,1,75715,0.002621324,70
2026-07-03,IT,6JhUHne9H09NdkTI5E9GSt,Dardust,1,75116,0.002600586,71
2026-07-03,IT,790FomKkXshlbRYZFtlgla,KAROL G,1,74935,0.00259432,72
2026-07-03,IT,6USv9qhCn6zfxlBQIYJ9qs,Dominic Fike,1,72235,0.002500843,73
2026-07-03,IT,2eFv7NVs8R6Go7msuqikeg,Pino Daniele,1,70653,0.002446073,74
2026-07-03,IT,2i04Yoaa4wV8J75w8aPX1G,Kano Choir,1,70235,0.002431601,75
2026-07-03,IT,0h0p7RkMjCUMdcf0nXmHjX,Gianna Nannini,1,70046,0.002425058,76
2026-07-03,IT,2LRoIwlKmHjgvigdNGBHNo,Feid,1,69767,0.002415399,77
2026-07-03,IT,3wDn3kW2zDRLnaQAnX0S3x,Dat Boi Dee,1,69163,0.002394488,78
2026-07-03,IT,1eBPcZCSWh1EAv0aOXusye,Higashi,1,69028,0.002389814,79
2026-07-03,IT,5p9HO3XC5P3BLxJs5Mtrhm,Djo,1,68703,0.002378562,80
2026-07-03,IT,7cdIY4mDfM1dbjgl7s2fGR,Sal Da Vinci,1,68091,0.002357374,81
2026-07-03,IT,05brE7yGJDmIYlMirfSi0B,Federica Abbate,1,67910,0.002351108,82
2026-07-03,IT,0fTSzq9jAh4c36UVb4V7CB,Alex Warren,1,66735,0.002310428,83
2026-07-03,IT,2oQX8QiMXOyuqbcZEFsZfm,El Alfa,1,66429,0.002299834,84
2026-07-03,IT,7gjqZ8coFZimZDtdk04WP1,MACE,1,65937,0.002282801,85
2026-07-03,IT,7MdlXmq2HViAJWo9cf30sR,Cloonee,1,65631,0.002272207,86
2026-07-03,IT,6HabM2PUM519iIxervGWSb,Prospa,1,65631,0.002272207,86
2026-07-03,IT,2dAKW1tsAariQ0Ta2gqp8N,Gow Tribe,1,64946,0.002248491,87
2026-07-03,IT,2jnjbAYKylrmBMCFZE0OCK,Poison Beatz,1,64820,0.002244129,88
2026-07-03,IT,5H1nN1SzW0qNeUEZvuXjAj,Danny Ocean,1,64761,0.002242086,89
2026-07-03,IT,0lQtBhjEJpoOroQS6fbWMc,Aka 7even,1,64370,0.00222855,90
2026-07-03,IT,5FwDaIGy29GQC5d0MR7fKf,LDA,1,64370,0.00222855,90
2026-07-03,IT,2sil8z5kiy4r76CRTXxBCA,The Goo Goo Dolls,1,64363,0.002228307,91
2026-07-03,IT,056KMTw6IztdQjBmFfVyO3,Rkomi,1,63221,0.00218877,92
2026-07-03,IT,7u710e44HW3K7A5eTnRqHC,Fabri Fibra,1,63139,0.002185931,93
2026-07-03,IT,10exVja0key0uqUkk6LJRT,Vance Joy,1,61912,0.002143451,94
2026-07-03,IT,5NGO30tJxFlKixkPSgXcFE,The Police,1,61836,0.00214082,95
2026-07-03,IT,3AVx3OBPIk4pJQllAXoVs1,Gaia,1,61534,0.002130365,96
2026-07-03,IT,6hkKbkZGvAXuvle2FhCnxy,Shablo,1,61057,0.00211385,97
2026-07-03,IT,0harR1ApYeMN6GOLBNMiUR,Eddie Brock,1,60738,0.002102806,98
2026-07-03,IT,7HtzacrJpksCiS6qHypb8l,Ditonellapiaga,1,60114,0.002081203,99
2026-07-03,IT,2iK8weavvfS2xJCmzNzNE5,J-AX,1,60050,0.002078987,100
2026-07-03,IT,2tIP7SsRs7vjIcLrU85W8J,The Kid LAROI,1,59464,0.002058699,101
2026-07-03,IT,7F2utINZ6tSokSiZTQBE27,Guè,1,59016,0.002043189,102
2026-07-03,IT,1AgAVqo74e2q4FVvg0xpT7,Tedua,1,58466,0.002024148,103
2026-07-03,IT,4VmOlyJsnQB93ZIGMO2XWo,Madfingerz,1,58453,0.002023698,104
2026-07-03,IT,5KKpBU5eC2tJDzf0wmlRp2,RAYE,1,58103,0.00201158,105
2026-07-03,IT,6YBgd2LKccEB3pX6UaW1Yp,Thegiornalisti,1,57806,0.002001298,106
2026-07-03,IT,7H8ZC8uHJMPZGLMApRRNIz,Ligabue,1,57719,0.001998286,107
2026-07-03,IT,2PEMswqQspTSsAltdeF5kO,Simba La Rue,1,57691,0.001997316,108
2026-07-03,IT,33ScadVnbm2X8kkUqOkC6Z,Don Omar,1,57570,0.001993127,109
2026-07-03,IT,5bv5RplEOwdCvhq0EILh9E,Lucenzo,1,57570,0.001993127,109
2026-07-03,IT,7zPS3i8YJBNeDcqXUHfCMr,AVA,1,57568,0.001993058,110
2026-07-03,IT,5BcAKTbp20cv7tC5VqPFoC,Macklemore & Ryan Lewis,1,57374,0.001986342,111
2026-07-03,IT,5mZJerulcERBZV7xnhrVp1,Ryan Lewis,1,57374,0.001986342,111
2026-07-03,IT,4e0nWw2r4BoQSKPQ2zpU13,Ray Dalton,1,57374,0.001986342,111
2026-07-03,IT,3JhNCzhSMTxs9WLGJJxWOY,Macklemore,1,57374,0.001986342,111
2026-07-03,IT,716NhGYqD1jl2wI1Qkgq36,Bizarrap,1,57216,0.001980871,112
2026-07-03,IT,5CqlDzj8DSqsklkXuTYfSd,Nabi,1,57097,0.001976752,113
2026-07-03,IT,7aBzpmFXB4WWpPl2F7RjBe,Wyclef Jean,1,56879,0.001969204,114
2026-07-03,IT,6tbjWDEIzxoDsBA1FuhfPW,Madonna,1,56646,0.001961138,115
2026-07-03,IT,1yq9UuPp5DIb5w6eswGbKV,Adriano Celentano,1,56323,0.001949955,116
2026-07-03,IT,7KFOc3T4Xo8DVZt4PWw2qN,Gazzelle,1,56153,0.001944069,117
2026-07-03,IT,4G9NDjRyZFDlJKMRL8hx3S,sombr,1,55580,0.001924232,118
2026-07-03,IT,7h1amg0X7Q5d0D5KfuyKTg,Pyrex,1,55517,0.00192205,119
2026-07-03,IT,4wLXwxDeWQ8mtUIRPxGiD6,Marc Anthony,1,55307,0.00191478,120
2026-07-03,IT,2cy1zPcrFcXAJTP0APWewL,Gente De Zona,1,55307,0.00191478,120
2026-07-03,IT,7GgpsUpkj3olseoaTY7TEY,Elodie,1,54656,0.001892242,121
2026-07-03,IT,07yfI2D37Ir0pGQ8huDd4j,TonyPitony,1,54553,0.001888676,122
2026-07-03,IT,1McMsnEElThX1knmY4oliG,Olivia Rodrigo,1,54123,0.001873789,123
2026-07-03,IT,0r310cYIlI5aMcuDTChNlO,Loretta Goggi,1,53963,0.00186825,124
2026-07-03,IT,6nVcHLIgY5pE2YCl8ubca1,JHAYCO,1,53643,0.001857171,125
2026-07-03,IT,1Yj5Xey7kTwvZla8sqdsdE,Cris MJ,1,53604,0.001855821,126
2026-07-03,IT,7CvTknweLr9feJtRGrpDBy,FloyyMenor,1,53604,0.001855821,126
2026-07-03,IT,2tOGpIgNsnDk6BxqFU2vCX,Il Ghost,1,53319,0.001845954,127
2026-07-03,IT,1KQJOTeIMbixtnSWY4sYs2,Paky,1,53319,0.001845954,127
2026-07-03,IT,57XSE1wSSI6Xnpx6LMWAKN,Promessa,1,53217,0.001842422,128
2026-07-03,IT,10MRM6SOHyREmzwlDFbXof,IDUA,1,53217,0.001842422,128
2026-07-03,IT,1Xylc3o4UrD53lo9CvFvVg,Zara Larsson,1,52754,0.001826393,129
2026-07-03,IT,6k8mwkKJKKjBILo7ypBspl,Ana Mena,1,52491,0.001817288,130
2026-07-03,IT,6wH6iStAh4KIaWfuhf0NYM,Manu Chao,1,52476,0.001816768,131
2026-07-03,IT,7108jelN43seqWILMvJwKi,Serena Brancale,2,272389,0.009430362,21
2026-07-03,IT,38CThoTDmXugNnfonW466d,Jiz,2,266511,0.00922686,22
2026-07-03,IT,1A6HBLulvBFzNtlMb7b08f,Angelina Mango,2,254850,0.008823145,25
2026-07-03,IT,5PlfkPxwCpRRWQJBxCa0By,HUGEL,2,209760,0.007262087,32
2026-07-03,IT,1vgQksyJ0IVz8y9XerEOy3,Madame,2,207939,0.007199043,33
2026-07-03,IT,0EmeFodog0BfCgMzAIvKQp,Shakira,2,204973,0.007096357,34
2026-07-03,IT,26toJml6wSdf58ZgNG0ci9,Dipinto,2,192281,0.006656948,36
2026-07-03,IT,6HQ27YefiitrZ9YsWrgRHX,Fresh Beatz,2,192281,0.006656948,36
2026-07-03,IT,7GacyaFUp0qkEJglERX9N7,Alfa,2,179719,0.00622204,38
2026-07-03,IT,1QeqGmpgU5Yg74GNcjIIq3,Fulminacci,2,175994,0.006093077,39
2026-07-03,IT,3fMbdgg4jU18AjLCKBhRSm,Michael Jackson,2,171636,0.005942199,40
2026-07-03,IT,47z0zz9ZMCn9GBiPRTn5Bc,Tommaso Paradiso,2,169283,0.005860736,41
2026-07-03,IT,3fhMfkPPzksWuw0hEm4ldm,Ernia,2,162590,0.005629018,43
2026-07-03,IT,0jdNdfi4vAuVi7a6cPDFBM,Lazza,2,152448,0.005277892,44
2026-07-03,IT,76UCIJTB0jcJvBaL0CdIqx,Takagi & Ketra,2,142395,0.004929848,49
2026-07-03,IT,0EqkKYDK9EkKY5N7zU3FPv,Annalisa,2,138641,0.004799881,50
2026-07-03,IT,44DWomjW1oDuxIoBIRpmQ4,Rhove,2,137950,0.004775958,52
2026-07-03,IT,2aiM1OfMODFLUXaQgEVPK1,Roberto Ferrante,2,135457,0.004689648,53
2026-07-03,IT,1UjxAZqzphB1tsMb1aWBj0,Omega,2,135457,0.004689648,53
2026-07-03,IT,6FcVd3KlRxozcLl19FMXu9,Max Pezzali,2,123661,0.00428126,57
2026-07-03,IT,2QJ1AReDewmz4fcRhGxW6Y,Vito Salamanca,3,506753,0.017544263,11
2026-07-03,IT,2n0Ki4A5tKTEloq3WCt1IH,Samurai Jay,3,506753,0.017544263,11
2026-07-03,IT,0QrUbsrL5imqntAfDl8i7q,Fred De Palma,3,349802,0.012110472,14
2026-07-03,IT,1dlyjeDlgXalzt5oqbgWDs,G.Mineiro,3,319133,0.011048683,16
2026-07-03,IT,2ifTEcQqKSPwijIEcPHQ1R,Flatpearl,3,319133,0.011048683,16
2026-07-03,IT,1l1A1U8VJM15W7zonFqKhg,Succo,3,319133,0.011048683,16
2026-07-03,IT,51OKuyM4BiiYxFm8Mi6fa9,Mauvais djo,3,317192,0.010981484,18
2026-07-03,IT,5AZuEF0feCXMkUCwQiQlW7,Marracash,3,273357,0.009463875,20
2026-07-03,IT,3HAwumPgGOSXlZSyGWuLhB,Sayf,3,261874,0.009066323,23
2026-07-03,IT,52iwsT98xCoGgiGntTiR7K,Quevedo,3,258459,0.008948092,24
2026-07-03,IT,3yiEJ9SByXZMXTwaKdVFN4,Luchè,3,228660,0.007916423,28
2026-07-03,IT,0gzwXezN4IUHAwLufA6YcX,Emma,3,227797,0.007886545,29
2026-07-03,IT,396Jr76018oUMR6QBnqT8T,Cesare Cremonini,3,225369,0.007802486,30
2026-07-03,IT,6bMul6rmRS03x38tWKYifO,883,3,187290,0.006484155,37
2026-07-03,IT,6RdcIWVKYYzNzjQRd3oyHS,Pinguini Tattici Nucleari,4,348511,0.012065777,15
2026-07-03,IT,0EUR8jz8L936AEbV2Spkca,Kid Yugi,4,317526,0.010993047,17
2026-07-03,IT,5dXlc7MnpaTeUIsHLVe3n4,Coez,4,282888,0.009793847,19
2026-07-03,IT,3LvwPiJQJ0da0GurKMToV0,Baby Gang,4,246030,0.008517789,26
2026-07-03,IT,7FeObngbQ0GY3SojNwKdKn,Bresh,5,536020,0.018557514,10
2026-07-03,IT,0lI3rF4hi4op6UxqlLHPzv,Achille Lauro,5,411657,0.01425195,12
2026-07-03,IT,5SulO4l40qDuV9zUGLZx7n,Capo Plaza,5,353663,0.012244144,13
2026-07-03,IT,2R4kNOwHUUsuDYhKsESVbF,Artie 5ive,6,727028,0.02517039,7
2026-07-03,IT,7K80yOTC0Id95gRaOxDG5u,ANNA,7,834546,0.028892763,6
2026-07-03,IT,3hN3iJMbbBmqBSAMx5veDa,Ultimo,7,679604,0.023528526,9
2026-07-03,IT,4q3ewBCX7sLwd24euuV69X,Bad Bunny,8,726266,0.025144008,8
2026-07-03,IT,2K5nCggbhSZ00YCYP5qkZS,Shiva,11,1103111,0.038190735,3
2026-07-03,IT,25u1DN0MwQVSav4XoJS7hl,Olly,11,888695,0.030767452,5
2026-07-03,IT,4rj3KWaLAnuxgtMMkypZhf,Juli,12,993099,0.034382016,4
2026-07-03,IT,23TFHmajVfBtlRx5MXqgoz,Sfera Ebbasta,13,1216009,0.042099369,2
2026-07-03,IT,27LlKWxS3KXW7RRAxN5S8s,Geolier,21,2341811,0.081075688,1
2026-06-20,IT,7FNnA9vBm6EKceENgCGRMb,Anitta,1,304389,0.0101926,19
2026-06-20,IT,6FtwCmLY6L1sqvjaQ2lV6G,Emis Killa,1,304389,0.0101926,19
2026-06-20,IT,0BjRnUqiITQwjqGtTeoxUS,DELIA,1,279728,0.009366815,21
2026-06-20,IT,5mTg1ztZByLRHsOEtwmT4G,Levante,1,279728,0.009366815,21
2026-06-20,IT,1cKyknhftNKXCjMBd2hDrG,DYSTINCT,1,225339,0.007545576,28
2026-06-20,IT,51OKuyM4BiiYxFm8Mi6fa9,Mauvais djo,1,173429,0.005807346,38
2026-06-20,IT,4p5WgeiPSPpqPDs7T6OkWf,ANOTR,1,163220,0.005465493,43
2026-06-20,IT,6X5L6rmyvrWWu60Gx6exiZ,54 Ultra,1,163220,0.005465493,43
2026-06-20,IT,5uwa6tAMMfNbBFIHiI6NV4,W Sound,1,153720,0.005147382,45
2026-06-20,IT,7a0XAaPaK2aDSqa8p3QnC7,Beéle,1,153720,0.005147382,45
2026-06-20,IT,3m5qlPf2OkihLz3dRYnkPA,Ovy On The Drums,1,153720,0.005147382,45
2026-06-20,IT,1uNFoZAHBGtllmzznpCI3s,Justin Bieber,1,142256,0.004763505,47
2026-06-20,IT,0hCNtLu0JehylgoiP8L4Gh,Nicki Minaj,1,142256,0.004763505,47
2026-06-20,IT,6PsQc21YZU7WNfiODG69Qk,Tony Boy,1,142121,0.004758984,48
2026-06-20,IT,7tmMPdOmFvdRvbj2aWoiRi,Jovanotti,1,134506,0.004503993,49
2026-06-20,IT,3xGlLcG9CUrs5MvFkSLOS5,Marco Mengoni,1,129829,0.004347381,50
2026-06-20,IT,0F3tUZeb9dLNEpxCpzEBQt,SOLTO (FR),1,120814,0.00404551,53
2026-06-20,IT,5PlfkPxwCpRRWQJBxCa0By,HUGEL,1,120814,0.00404551,53
2026-06-20,IT,01XCyobLTxOrswogL7YNIu,Dibla,1,108541,0.003634543,55
2026-06-20,IT,1c22GXH30ijlOfXhfLz9Df,Elvis Crespo,1,107958,0.003615021,56
2026-06-20,IT,5mHUmlJWkcoOk1NbjfrXWz,Temper City,1,105055,0.003517813,57
2026-06-20,IT,3wcj11K77LjEY1PkEazffa,Burna Boy,1,104617,0.003503146,58
2026-06-20,IT,1uZVxckdGGKhFMpCnupXmP,Los Pleneros de la Cresta,1,100616,0.003369171,59
2026-06-20,IT,44DWomjW1oDuxIoBIRpmQ4,Rhove,1,98945,0.003313217,60
2026-06-20,IT,72A0Z8q8NiochyK9gUHpCR,The Kolors,1,96934,0.003245878,61
2026-06-20,IT,5rRcnWrevHgbuWjl7Lhft7,Merk & Kremont,1,96934,0.003245878,61
2026-06-20,IT,2R21vXR83lH98kGeO99Y66,Anuel AA,1,94748,0.003172678,62
2026-06-20,IT,6USv9qhCn6zfxlBQIYJ9qs,Dominic Fike,1,84159,0.002818101,63
2026-06-20,IT,2DlGxzQSjYe5N6G9nkYghR,Jennifer Lopez,1,83833,0.002807185,64
2026-06-20,IT,0TnOYISbd1XYRBk9myaseg,Pitbull,1,83833,0.002807185,64
2026-06-20,IT,5JsnFhU4OqgEtNXs7Sq1Vm,Malive,1,79127,0.002649602,65
2026-06-20,IT,1HBjj22wzbscIZ9sEb5dyf,Jonas Blue,1,79127,0.002649602,65
2026-06-20,IT,2LRoIwlKmHjgvigdNGBHNo,Feid,1,78750,0.002636978,66
2026-06-20,IT,790FomKkXshlbRYZFtlgla,KAROL G,1,78465,0.002627435,67
2026-06-20,IT,2CCgb0KApjfQDuTppovpf8,Rvfv,1,77414,0.002592242,68
2026-06-20,IT,3g9MKjIP9xrMTY5Pbwr6Nk,Kreamly,1,77414,0.002592242,68
2026-06-20,IT,6RWMnZmXs8Ob715qLr4374,Aissa,1,77414,0.002592242,68
2026-06-20,IT,7krakxeyEmge6pzTthKNyg,The Bausa,1,77377,0.002591003,69
2026-06-20,IT,3DeOmVSmpv7WknXoo1OS8p,Alleh,1,76041,0.002546266,70
2026-06-20,IT,4eq1q0o9XPyNq9RG3fNDD1,Yorghaki,1,76041,0.002546266,70
2026-06-20,IT,0lQtBhjEJpoOroQS6fbWMc,Aka 7even,1,74890,0.002507725,71
2026-06-20,IT,5FwDaIGy29GQC5d0MR7fKf,LDA,1,74890,0.002507725,71
2026-06-20,IT,7HtzacrJpksCiS6qHypb8l,Ditonellapiaga,1,74866,0.002506921,72
2026-06-20,IT,5H1nN1SzW0qNeUEZvuXjAj,Danny Ocean,1,74704,0.002501496,73
2026-06-20,IT,2oQX8QiMXOyuqbcZEFsZfm,El Alfa,1,73729,0.002468848,74
2026-06-20,IT,1McMsnEElThX1knmY4oliG,Olivia Rodrigo,1,73697,0.002467776,75
2026-06-20,IT,5p9HO3XC5P3BLxJs5Mtrhm,Djo,1,71755,0.002402748,76
2026-06-20,IT,1eBPcZCSWh1EAv0aOXusye,Higashi,1,68588,0.002296699,77
2026-06-20,IT,7F2utINZ6tSokSiZTQBE27,Guè,1,68502,0.00229382,78
2026-06-20,IT,4Xsf5hhfIyhTgiVymlPLA7,22simba,1,68502,0.00229382,78
2026-06-20,IT,2sil8z5kiy4r76CRTXxBCA,The Goo Goo Dolls,1,68482,0.00229315,79
2026-06-20,IT,2iK8weavvfS2xJCmzNzNE5,J-AX,1,68479,0.002293049,80
2026-06-20,IT,6bMul6rmRS03x38tWKYifO,883,1,67719,0.0022676,81
2026-06-20,IT,2pzFTbri7ew8mW2CbYpCNq,Astro,1,67122,0.00224761,82
2026-06-20,IT,08ppjXEpROUgrG1X0DEquB,Nerissima Serpe,1,67122,0.00224761,82
2026-06-20,IT,05brE7yGJDmIYlMirfSi0B,Federica Abbate,1,66528,0.002227719,83
2026-06-20,IT,2dAKW1tsAariQ0Ta2gqp8N,Gow Tribe,1,66021,0.002210742,84
2026-06-20,IT,2DaxqgrOhkeH0fpeiQq2f4,Oasis,1,65460,0.002191957,85
2026-06-20,IT,1AgAVqo74e2q4FVvg0xpT7,Tedua,1,65444,0.002191421,86
2026-06-20,IT,6JhUHne9H09NdkTI5E9GSt,Dardust,1,63719,0.002133659,87
2026-06-20,IT,5KKpBU5eC2tJDzf0wmlRp2,RAYE,1,62786,0.002102417,88
2026-06-20,IT,2tIP7SsRs7vjIcLrU85W8J,The Kid LAROI,1,62309,0.002086444,89
2026-06-20,IT,6wH6iStAh4KIaWfuhf0NYM,Manu Chao,1,61898,0.002072682,90
2026-06-20,IT,6HabM2PUM519iIxervGWSb,Prospa,1,61874,0.002071878,91
2026-06-20,IT,7MdlXmq2HViAJWo9cf30sR,Cloonee,1,61874,0.002071878,91
2026-06-20,IT,0r310cYIlI5aMcuDTChNlO,Loretta Goggi,1,61347,0.002054231,92
2026-06-20,IT,7H8ZC8uHJMPZGLMApRRNIz,Ligabue,1,61267,0.002051552,93
2026-06-20,IT,5bv5RplEOwdCvhq0EILh9E,Lucenzo,1,61124,0.002046764,94
2026-06-20,IT,33ScadVnbm2X8kkUqOkC6Z,Don Omar,1,61124,0.002046764,94
2026-06-20,IT,7gjqZ8coFZimZDtdk04WP1,MACE,1,60746,0.002034107,95
2026-06-20,IT,2eFv7NVs8R6Go7msuqikeg,Pino Daniele,1,60396,0.002022387,96
2026-06-20,IT,5NGO30tJxFlKixkPSgXcFE,The Police,1,59917,0.002006347,97
2026-06-20,IT,2yNNYQBChuox9A5Ka93BIn,HUNTR/X,1,59364,0.00198783,98
2026-06-20,IT,0Wwji82sLA0Hcvtuak3omb,AUDREY NUNA,1,59364,0.00198783,98
2026-06-20,IT,0RMJOzHDhAKY1o2j0W0vxY,EJAE,1,59364,0.00198783,98
2026-06-20,IT,6U1dV7aL68N7Gb0Naq34V5,REI AMI,1,59364,0.00198783,98
2026-06-20,IT,7mW7Tv7NvywKKXqafZo0Lc,KPop Demon Hunters Cast,1,59364,0.00198783,98
2026-06-20,IT,7CvTknweLr9feJtRGrpDBy,FloyyMenor,1,59167,0.001981233,99
2026-06-20,IT,1Yj5Xey7kTwvZla8sqdsdE,Cris MJ,1,59167,0.001981233,99
2026-06-20,IT,6YBgd2LKccEB3pX6UaW1Yp,Thegiornalisti,1,59104,0.001979123,100
2026-06-20,IT,716NhGYqD1jl2wI1Qkgq36,Bizarrap,1,58680,0.001964926,101
2026-06-20,IT,10exVja0key0uqUkk6LJRT,Vance Joy,1,57932,0.001939879,102
2026-06-20,IT,5mZJerulcERBZV7xnhrVp1,Ryan Lewis,1,57567,0.001927656,103
2026-06-20,IT,5BcAKTbp20cv7tC5VqPFoC,Macklemore & Ryan Lewis,1,57567,0.001927656,103
2026-06-20,IT,3JhNCzhSMTxs9WLGJJxWOY,Macklemore,1,57567,0.001927656,103
2026-06-20,IT,4e0nWw2r4BoQSKPQ2zpU13,Ray Dalton,1,57567,0.001927656,103
2026-06-20,IT,2cy1zPcrFcXAJTP0APWewL,Gente De Zona,1,57153,0.001913793,104
2026-06-20,IT,4wLXwxDeWQ8mtUIRPxGiD6,Marc Anthony,1,57153,0.001913793,104
2026-06-20,IT,7h1amg0X7Q5d0D5KfuyKTg,Pyrex,1,57025,0.001909507,105
2026-06-20,IT,76UCIJTB0jcJvBaL0CdIqx,Takagi & Ketra,1,56457,0.001890487,106
2026-06-20,IT,3wDn3kW2zDRLnaQAnX0S3x,Dat Boi Dee,1,56457,0.001890487,106
2026-06-20,IT,5l4nhyz8876RhgE2d18h65,Vasco Rossi,1,56216,0.001882417,107
2026-06-20,IT,07yfI2D37Ir0pGQ8huDd4j,TonyPitony,1,55685,0.001864637,108
2026-06-20,IT,6nVcHLIgY5pE2YCl8ubca1,JHAYCO,1,55451,0.001856801,109
2026-06-20,IT,6hkKbkZGvAXuvle2FhCnxy,Shablo,1,55227,0.0018493,110
2026-06-20,IT,2nftqfbLohpDYzY8VUlvbm,Benji & Fede,1,55014,0.001842168,111
2026-06-20,IT,056KMTw6IztdQjBmFfVyO3,Rkomi,1,54688,0.001831252,112
2026-06-20,IT,6CKch2otN4SPznHf9ms5JF,Tony Effe,1,54416,0.001822144,113
2026-06-20,IT,1vyhD5VmyZ7KMfW5gqLgo5,J Balvin,1,54071,0.001810591,114
2026-06-20,IT,2aya6KuqjXEhHBqYKsTPLs,Rose Villain,1,53930,0.00180587,115
2026-06-20,IT,7GgpsUpkj3olseoaTY7TEY,Elodie,1,53721,0.001798871,116
2026-06-20,IT,1fctva4kpRbg2k3v7kwRuS,Rvssian,1,53721,0.001798871,116
2026-06-20,IT,2jnjbAYKylrmBMCFZE0OCK,Poison Beatz,1,53132,0.001779148,117
2026-06-20,IT,6k8mwkKJKKjBILo7ypBspl,Ana Mena,1,52949,0.001773021,118
2026-06-20,IT,11TplWqOPQBTmg2eiSLt1m,Tiziano Ferro,1,52763,0.001766792,119
2026-06-20,IT,7aBzpmFXB4WWpPl2F7RjBe,Wyclef Jean,1,52709,0.001764984,120
2026-06-20,IT,1Xylc3o4UrD53lo9CvFvVg,Zara Larsson,1,52215,0.001748442,121
2026-06-20,IT,7zPS3i8YJBNeDcqXUHfCMr,AVA,1,52160,0.001746601,122
2026-06-20,IT,4G9NDjRyZFDlJKMRL8hx3S,sombr,1,51963,0.001740004,123
2026-06-20,IT,5RTLRtXjbXI2lSXc6jxlAz,Ravyn Lenae,1,51727,0.001732101,124
2026-06-20,IT,7108jelN43seqWILMvJwKi,Serena Brancale,2,376662,0.012612693,15
2026-06-20,IT,38CThoTDmXugNnfonW466d,Jiz,2,320793,0.010741895,18
2026-06-20,IT,6RdcIWVKYYzNzjQRd3oyHS,Pinguini Tattici Nucleari,2,244865,0.008199412,25
2026-06-20,IT,1A6HBLulvBFzNtlMb7b08f,Angelina Mango,2,224544,0.007518955,29
2026-06-20,IT,6HQ27YefiitrZ9YsWrgRHX,Fresh Beatz,2,219157,0.007338569,31
2026-06-20,IT,26toJml6wSdf58ZgNG0ci9,Dipinto,2,219157,0.007338569,31
2026-06-20,IT,3fMbdgg4jU18AjLCKBhRSm,Michael Jackson,2,215762,0.007224885,32
2026-06-20,IT,1vgQksyJ0IVz8y9XerEOy3,Madame,2,214956,0.007197896,33
2026-06-20,IT,5AZuEF0feCXMkUCwQiQlW7,Marracash,2,193094,0.006465838,35
2026-06-20,IT,1QeqGmpgU5Yg74GNcjIIq3,Fulminacci,2,180208,0.006034344,36
2026-06-20,IT,5iot8OPcosJN9nCl7I5SdK,Irama,2,177980,0.005959739,37
2026-06-20,IT,47z0zz9ZMCn9GBiPRTn5Bc,Tommaso Paradiso,2,170251,0.00570093,39
2026-06-20,IT,0EqkKYDK9EkKY5N7zU3FPv,Annalisa,2,166899,0.005588686,40
2026-06-20,IT,52iwsT98xCoGgiGntTiR7K,Quevedo,2,166638,0.005579947,41
2026-06-20,IT,0gzwXezN4IUHAwLufA6YcX,Emma,2,164747,0.005516626,42
2026-06-20,IT,0EmeFodog0BfCgMzAIvKQp,Shakira,2,157326,0.00526813,44
2026-06-20,IT,1UjxAZqzphB1tsMb1aWBj0,Omega,2,142317,0.004765547,46
2026-06-20,IT,2aiM1OfMODFLUXaQgEVPK1,Roberto Ferrante,2,142317,0.004765547,46
2026-06-20,IT,7cdIY4mDfM1dbjgl7s2fGR,Sal Da Vinci,2,125490,0.004202088,51
2026-06-20,IT,3AVx3OBPIk4pJQllAXoVs1,Gaia,2,121574,0.004070959,52
2026-06-20,IT,6FcVd3KlRxozcLl19FMXu9,Max Pezzali,2,113352,0.003795642,54
2026-06-20,IT,0QrUbsrL5imqntAfDl8i7q,Fred De Palma,3,420469,0.014079589,14
2026-06-20,IT,0EUR8jz8L936AEbV2Spkca,Kid Yugi,3,262377,0.008785809,22
2026-06-20,IT,3HAwumPgGOSXlZSyGWuLhB,Sayf,3,261566,0.008758653,23
2026-06-20,IT,7GacyaFUp0qkEJglERX9N7,Alfa,3,248418,0.008318386,24
2026-06-20,IT,0jdNdfi4vAuVi7a6cPDFBM,Lazza,3,228742,0.007659526,26
2026-06-20,IT,3fhMfkPPzksWuw0hEm4ldm,Ernia,3,226446,0.007582644,27
2026-06-20,IT,5dXlc7MnpaTeUIsHLVe3n4,Coez,3,221299,0.007410294,30
2026-06-20,IT,3LvwPiJQJ0da0GurKMToV0,Baby Gang,3,205448,0.006879517,34
2026-06-20,IT,2QJ1AReDewmz4fcRhGxW6Y,Vito Salamanca,4,608831,0.020386974,10
2026-06-20,IT,2n0Ki4A5tKTEloq3WCt1IH,Samurai Jay,4,608831,0.020386974,10
2026-06-20,IT,1l1A1U8VJM15W7zonFqKhg,Succo,4,440965,0.014765907,13
2026-06-20,IT,1dlyjeDlgXalzt5oqbgWDs,G.Mineiro,4,440965,0.014765907,13
2026-06-20,IT,2ifTEcQqKSPwijIEcPHQ1R,Flatpearl,4,440965,0.014765907,13
2026-06-20,IT,3yiEJ9SByXZMXTwaKdVFN4,Luchè,4,281891,0.009439244,20
2026-06-20,IT,2R4kNOwHUUsuDYhKsESVbF,Artie 5ive,5,766148,0.025654803,9
2026-06-20,IT,7FeObngbQ0GY3SojNwKdKn,Bresh,5,520698,0.017435802,12
2026-06-20,IT,396Jr76018oUMR6QBnqT8T,Cesare Cremonini,5,373449,0.012505104,16
2026-06-20,IT,5SulO4l40qDuV9zUGLZx7n,Capo Plaza,5,325015,0.01088327,17
2026-06-20,IT,7K80yOTC0Id95gRaOxDG5u,ANNA,7,836923,0.028024735,8
2026-06-20,IT,0lI3rF4hi4op6UxqlLHPzv,Achille Lauro,7,565161,0.018924665,11
2026-06-20,IT,4q3ewBCX7sLwd24euuV69X,Bad Bunny,9,869222,0.029106281,7
2026-06-20,IT,3hN3iJMbbBmqBSAMx5veDa,Ultimo,10,884075,0.02960364,6
2026-06-20,IT,23TFHmajVfBtlRx5MXqgoz,Sfera Ebbasta,11,1122276,0.037579905,3
2026-06-20,IT,2K5nCggbhSZ00YCYP5qkZS,Shiva,12,1282267,0.042937274,2
2026-06-20,IT,25u1DN0MwQVSav4XoJS7hl,Olly,12,998756,0.033443784,5
2026-06-20,IT,4rj3KWaLAnuxgtMMkypZhf,Juli,13,1103892,0.036964309,4
2026-06-20,IT,27LlKWxS3KXW7RRAxN5S8s,Geolier,18,1775979,0.059469438,1
2026-06-22,IT,6FtwCmLY6L1sqvjaQ2lV6G,Emis Killa,1,244960,0.009520919,21
2026-06-22,IT,7FNnA9vBm6EKceENgCGRMb,Anitta,1,244960,0.009520919,21
2026-06-22,IT,0BjRnUqiITQwjqGtTeoxUS,DELIA,1,223526,0.008687839,22
2026-06-22,IT,5mTg1ztZByLRHsOEtwmT4G,Levante,1,223526,0.008687839,22
2026-06-22,IT,1cKyknhftNKXCjMBd2hDrG,DYSTINCT,1,201329,0.007825103,27
2026-06-22,IT,51OKuyM4BiiYxFm8Mi6fa9,Mauvais djo,1,145340,0.005648965,41
2026-06-22,IT,3xGlLcG9CUrs5MvFkSLOS5,Marco Mengoni,1,131313,0.005103774,44
2026-06-22,IT,6PsQc21YZU7WNfiODG69Qk,Tony Boy,1,127760,0.004965679,45
2026-06-22,IT,6X5L6rmyvrWWu60Gx6exiZ,54 Ultra,1,127404,0.004951842,46
2026-06-22,IT,4p5WgeiPSPpqPDs7T6OkWf,ANOTR,1,127404,0.004951842,46
2026-06-22,IT,1uNFoZAHBGtllmzznpCI3s,Justin Bieber,1,124442,0.004836717,47
2026-06-22,IT,0hCNtLu0JehylgoiP8L4Gh,Nicki Minaj,1,124442,0.004836717,47
2026-06-22,IT,5uwa6tAMMfNbBFIHiI6NV4,W Sound,1,120591,0.004687039,49
2026-06-22,IT,7a0XAaPaK2aDSqa8p3QnC7,Beéle,1,120591,0.004687039,49
2026-06-22,IT,3m5qlPf2OkihLz3dRYnkPA,Ovy On The Drums,1,120591,0.004687039,49
2026-06-22,IT,7tmMPdOmFvdRvbj2aWoiRi,Jovanotti,1,113593,0.004415046,50
2026-06-22,IT,5mHUmlJWkcoOk1NbjfrXWz,Temper City,1,100152,0.003892632,51
2026-06-22,IT,3wcj11K77LjEY1PkEazffa,Burna Boy,1,99393,0.003863132,52
2026-06-22,IT,0F3tUZeb9dLNEpxCpzEBQt,SOLTO (FR),1,99165,0.00385427,53
2026-06-22,IT,5PlfkPxwCpRRWQJBxCa0By,HUGEL,1,99165,0.00385427,53
2026-06-22,IT,1c22GXH30ijlOfXhfLz9Df,Elvis Crespo,1,98853,0.003842143,54
2026-06-22,IT,44DWomjW1oDuxIoBIRpmQ4,Rhove,1,91847,0.003569839,57
2026-06-22,IT,01XCyobLTxOrswogL7YNIu,Dibla,1,88891,0.003454948,58
2026-06-22,IT,2R21vXR83lH98kGeO99Y66,Anuel AA,1,83055,0.003228119,59
2026-06-22,IT,5rRcnWrevHgbuWjl7Lhft7,Merk & Kremont,1,80487,0.003128308,60
2026-06-22,IT,72A0Z8q8NiochyK9gUHpCR,The Kolors,1,80487,0.003128308,60
2026-06-22,IT,6USv9qhCn6zfxlBQIYJ9qs,Dominic Fike,1,79026,0.003071523,61
2026-06-22,IT,1uZVxckdGGKhFMpCnupXmP,Los Pleneros de la Cresta,1,77088,0.002996198,62
2026-06-22,IT,2LRoIwlKmHjgvigdNGBHNo,Feid,1,76662,0.00297964,63
2026-06-22,IT,0TnOYISbd1XYRBk9myaseg,Pitbull,1,74894,0.002910923,64
2026-06-22,IT,2DlGxzQSjYe5N6G9nkYghR,Jennifer Lopez,1,74894,0.002910923,64
2026-06-22,IT,08ppjXEpROUgrG1X0DEquB,Nerissima Serpe,1,69473,0.002700224,65
2026-06-22,IT,2pzFTbri7ew8mW2CbYpCNq,Astro,1,69473,0.002700224,65
2026-06-22,IT,5p9HO3XC5P3BLxJs5Mtrhm,Djo,1,68592,0.002665982,66
2026-06-22,IT,1McMsnEElThX1knmY4oliG,Olivia Rodrigo,1,67193,0.002611607,67
2026-06-22,IT,2sil8z5kiy4r76CRTXxBCA,The Goo Goo Dolls,1,65928,0.002562439,68
2026-06-22,IT,4Xsf5hhfIyhTgiVymlPLA7,22simba,1,65503,0.002545921,69
2026-06-22,IT,7F2utINZ6tSokSiZTQBE27,Guè,1,65503,0.002545921,69
2026-06-22,IT,6bMul6rmRS03x38tWKYifO,883,1,64325,0.002500135,70
2026-06-22,IT,4eq1q0o9XPyNq9RG3fNDD1,Yorghaki,1,63710,0.002476232,71
2026-06-22,IT,3DeOmVSmpv7WknXoo1OS8p,Alleh,1,63710,0.002476232,71
2026-06-22,IT,1AgAVqo74e2q4FVvg0xpT7,Tedua,1,63328,0.002461385,72
2026-06-22,IT,2CCgb0KApjfQDuTppovpf8,Rvfv,1,62683,0.002436315,73
2026-06-22,IT,6RWMnZmXs8Ob715qLr4374,Aissa,1,62683,0.002436315,73
2026-06-22,IT,3g9MKjIP9xrMTY5Pbwr6Nk,Kreamly,1,62683,0.002436315,73
2026-06-22,IT,790FomKkXshlbRYZFtlgla,KAROL G,1,62619,0.002433828,74
2026-06-22,IT,2DaxqgrOhkeH0fpeiQq2f4,Oasis,1,61804,0.002402151,75
2026-06-22,IT,2oQX8QiMXOyuqbcZEFsZfm,El Alfa,1,61686,0.002397565,76
2026-06-22,IT,05brE7yGJDmIYlMirfSi0B,Federica Abbate,1,61148,0.002376654,77
2026-06-22,IT,0lQtBhjEJpoOroQS6fbWMc,Aka 7even,1,60826,0.002364139,78
2026-06-22,IT,5FwDaIGy29GQC5d0MR7fKf,LDA,1,60826,0.002364139,78
2026-06-22,IT,1eBPcZCSWh1EAv0aOXusye,Higashi,1,60421,0.002348398,79
2026-06-22,IT,7krakxeyEmge6pzTthKNyg,The Bausa,1,59902,0.002328225,80
2026-06-22,IT,7HtzacrJpksCiS6qHypb8l,Ditonellapiaga,1,59814,0.002324805,81
2026-06-22,IT,2tIP7SsRs7vjIcLrU85W8J,The Kid LAROI,1,59308,0.002305138,82
2026-06-22,IT,5JsnFhU4OqgEtNXs7Sq1Vm,Malive,1,59294,0.002304594,83
2026-06-22,IT,1HBjj22wzbscIZ9sEb5dyf,Jonas Blue,1,59294,0.002304594,83
2026-06-22,IT,2dAKW1tsAariQ0Ta2gqp8N,Gow Tribe,1,59268,0.002303584,84
2026-06-22,IT,6JhUHne9H09NdkTI5E9GSt,Dardust,1,58988,0.002292701,85
2026-06-22,IT,5H1nN1SzW0qNeUEZvuXjAj,Danny Ocean,1,58818,0.002286093,86
2026-06-22,IT,10exVja0key0uqUkk6LJRT,Vance Joy,1,58237,0.002263511,87
2026-06-22,IT,2iK8weavvfS2xJCmzNzNE5,J-AX,1,57820,0.002247304,88
2026-06-22,IT,3AVx3OBPIk4pJQllAXoVs1,Gaia,1,57287,0.002226588,89
2026-06-22,IT,5NGO30tJxFlKixkPSgXcFE,The Police,1,56764,0.00220626,90
2026-06-22,IT,2eFv7NVs8R6Go7msuqikeg,Pino Daniele,1,56616,0.002200508,91
2026-06-22,IT,5KKpBU5eC2tJDzf0wmlRp2,RAYE,1,56522,0.002196854,92
2026-06-22,IT,7h1amg0X7Q5d0D5KfuyKTg,Pyrex,1,56407,0.002192384,93
2026-06-22,IT,4e0nWw2r4BoQSKPQ2zpU13,Ray Dalton,1,53877,0.00209405,94
2026-06-22,IT,5BcAKTbp20cv7tC5VqPFoC,Macklemore & Ryan Lewis,1,53877,0.00209405,94
2026-06-22,IT,3JhNCzhSMTxs9WLGJJxWOY,Macklemore,1,53877,0.00209405,94
2026-06-22,IT,5mZJerulcERBZV7xnhrVp1,Ryan Lewis,1,53877,0.00209405,94
2026-06-22,IT,6YBgd2LKccEB3pX6UaW1Yp,Thegiornalisti,1,53501,0.002079436,95
2026-06-22,IT,6HabM2PUM519iIxervGWSb,Prospa,1,52621,0.002045233,96
2026-06-22,IT,7MdlXmq2HViAJWo9cf30sR,Cloonee,1,52621,0.002045233,96
2026-06-22,IT,4G9NDjRyZFDlJKMRL8hx3S,sombr,1,51661,0.002007921,97
2026-06-22,IT,33ScadVnbm2X8kkUqOkC6Z,Don Omar,1,51598,0.002005472,98
2026-06-22,IT,5bv5RplEOwdCvhq0EILh9E,Lucenzo,1,51598,0.002005472,98
2026-06-22,IT,7cdIY4mDfM1dbjgl7s2fGR,Sal Da Vinci,1,51413,0.001998281,99
2026-06-22,IT,7gjqZ8coFZimZDtdk04WP1,MACE,1,51237,0.001991441,100
2026-06-22,IT,5RTLRtXjbXI2lSXc6jxlAz,Ravyn Lenae,1,49952,0.001941496,101
2026-06-22,IT,7H8ZC8uHJMPZGLMApRRNIz,Ligabue,1,49908,0.001939786,102
2026-06-22,IT,7KFOc3T4Xo8DVZt4PWw2qN,Gazzelle,1,49874,0.001938465,103
2026-06-22,IT,07yfI2D37Ir0pGQ8huDd4j,TonyPitony,1,49857,0.001937804,104
2026-06-22,IT,6hkKbkZGvAXuvle2FhCnxy,Shablo,1,49789,0.001935161,105
2026-06-22,IT,056KMTw6IztdQjBmFfVyO3,Rkomi,1,49412,0.001920508,106
2026-06-22,IT,6U1dV7aL68N7Gb0Naq34V5,REI AMI,1,48334,0.001878609,107
2026-06-22,IT,0RMJOzHDhAKY1o2j0W0vxY,EJAE,1,48334,0.001878609,107
2026-06-22,IT,0Wwji82sLA0Hcvtuak3omb,AUDREY NUNA,1,48334,0.001878609,107
2026-06-22,IT,7mW7Tv7NvywKKXqafZo0Lc,KPop Demon Hunters Cast,1,48334,0.001878609,107
2026-06-22,IT,2yNNYQBChuox9A5Ka93BIn,HUNTR/X,1,48334,0.001878609,107
2026-06-22,IT,7zPS3i8YJBNeDcqXUHfCMr,AVA,1,48293,0.001877016,108
2026-06-22,IT,7CvTknweLr9feJtRGrpDBy,FloyyMenor,1,48257,0.001875616,109
2026-06-22,IT,1Yj5Xey7kTwvZla8sqdsdE,Cris MJ,1,48257,0.001875616,109
2026-06-22,IT,716NhGYqD1jl2wI1Qkgq36,Bizarrap,1,48002,0.001865705,110
2026-06-22,IT,1Xylc3o4UrD53lo9CvFvVg,Zara Larsson,1,47740,0.001855522,111
2026-06-22,IT,66CXWjxzNUsdJxJ2JdwvnR,Ariana Grande,1,47642,0.001851713,112
2026-06-22,IT,0r310cYIlI5aMcuDTChNlO,Loretta Goggi,1,47612,0.001850547,113
2026-06-22,IT,6XyY86QOPPrYVGvF9ch6wz,Linkin Park,1,47540,0.001847749,114
2026-06-22,IT,6wH6iStAh4KIaWfuhf0NYM,Manu Chao,1,47477,0.0018453,115
2026-06-22,IT,76UCIJTB0jcJvBaL0CdIqx,Takagi & Ketra,1,47369,0.001841102,116
2026-06-22,IT,3wDn3kW2zDRLnaQAnX0S3x,Dat Boi Dee,1,47369,0.001841102,116
2026-06-22,IT,11TplWqOPQBTmg2eiSLt1m,Tiziano Ferro,1,46900,0.001822874,117
2026-06-22,IT,250b0Wlc5Vk0CoUsaCY84M,JENNIE,1,46782,0.001818287,118
2026-06-22,IT,5INjqkS1o8h1imAzPqGZBb,Tame Impala,1,46782,0.001818287,118
2026-06-22,IT,5l4nhyz8876RhgE2d18h65,Vasco Rossi,1,46723,0.001815994,119
2026-06-22,IT,7aBzpmFXB4WWpPl2F7RjBe,Wyclef Jean,1,46616,0.001811835,120
2026-06-22,IT,2cy1zPcrFcXAJTP0APWewL,Gente De Zona,1,46411,0.001803868,121
2026-06-22,IT,4wLXwxDeWQ8mtUIRPxGiD6,Marc Anthony,1,46411,0.001803868,121
2026-06-22,IT,0fTSzq9jAh4c36UVb4V7CB,Alex Warren,1,46371,0.001802313,122
2026-06-22,IT,1fctva4kpRbg2k3v7kwRuS,Rvssian,1,46089,0.001791352,123
2026-06-22,IT,7108jelN43seqWILMvJwKi,Serena Brancale,2,304013,0.011816146,15
2026-06-22,IT,0QrUbsrL5imqntAfDl8i7q,Fred De Palma,2,297846,0.011576452,16
2026-06-22,IT,38CThoTDmXugNnfonW466d,Jiz,2,277880,0.010800429,18
2026-06-22,IT,1A6HBLulvBFzNtlMb7b08f,Angelina Mango,2,211857,0.008234297,26
2026-06-22,IT,6HQ27YefiitrZ9YsWrgRHX,Fresh Beatz,2,195891,0.007613743,30
2026-06-22,IT,26toJml6wSdf58ZgNG0ci9,Dipinto,2,195891,0.007613743,30
2026-06-22,IT,1vgQksyJ0IVz8y9XerEOy3,Madame,2,190776,0.007414937,31
2026-06-22,IT,3fMbdgg4jU18AjLCKBhRSm,Michael Jackson,2,181066,0.007037536,32
2026-06-22,IT,7GacyaFUp0qkEJglERX9N7,Alfa,2,161070,0.006260346,34
2026-06-22,IT,3yiEJ9SByXZMXTwaKdVFN4,Luchè,2,155450,0.006041913,35
2026-06-22,IT,5iot8OPcosJN9nCl7I5SdK,Irama,2,154936,0.006021935,36
2026-06-22,IT,47z0zz9ZMCn9GBiPRTn5Bc,Tommaso Paradiso,2,154448,0.006002968,37
2026-06-22,IT,1QeqGmpgU5Yg74GNcjIIq3,Fulminacci,2,153373,0.005961185,38
2026-06-22,IT,52iwsT98xCoGgiGntTiR7K,Quevedo,2,146855,0.005707849,39
2026-06-22,IT,0EmeFodog0BfCgMzAIvKQp,Shakira,2,146009,0.005674967,40
2026-06-22,IT,0gzwXezN4IUHAwLufA6YcX,Emma,2,141476,0.005498782,42
2026-06-22,IT,0EqkKYDK9EkKY5N7zU3FPv,Annalisa,2,133809,0.005200787,43
2026-06-22,IT,1UjxAZqzphB1tsMb1aWBj0,Omega,2,122107,0.004745962,48
2026-06-22,IT,2aiM1OfMODFLUXaQgEVPK1,Roberto Ferrante,2,122107,0.004745962,48
2026-06-22,IT,6FcVd3KlRxozcLl19FMXu9,Max Pezzali,2,98492,0.003828112,55
2026-06-22,IT,7GgpsUpkj3olseoaTY7TEY,Elodie,2,92861,0.003609251,56
2026-06-22,IT,6RdcIWVKYYzNzjQRd3oyHS,Pinguini Tattici Nucleari,3,255534,0.009931901,20
2026-06-22,IT,3HAwumPgGOSXlZSyGWuLhB,Sayf,3,221240,0.008598988,23
2026-06-22,IT,5AZuEF0feCXMkUCwQiQlW7,Marracash,3,220665,0.00857664,24
2026-06-22,IT,396Jr76018oUMR6QBnqT8T,Cesare Cremonini,3,214319,0.008329988,25
2026-06-22,IT,5dXlc7MnpaTeUIsHLVe3n4,Coez,3,201116,0.007816824,28
2026-06-22,IT,0jdNdfi4vAuVi7a6cPDFBM,Lazza,3,199574,0.007756891,29
2026-06-22,IT,3LvwPiJQJ0da0GurKMToV0,Baby Gang,3,174993,0.006801495,33
2026-06-22,IT,2n0Ki4A5tKTEloq3WCt1IH,Samurai Jay,4,496779,0.019308429,11
2026-06-22,IT,2QJ1AReDewmz4fcRhGxW6Y,Vito Salamanca,4,496779,0.019308429,11
2026-06-22,IT,1dlyjeDlgXalzt5oqbgWDs,G.Mineiro,4,405820,0.015773104,14
2026-06-22,IT,2ifTEcQqKSPwijIEcPHQ1R,Flatpearl,4,405820,0.015773104,14
2026-06-22,IT,1l1A1U8VJM15W7zonFqKhg,Succo,4,405820,0.015773104,14
2026-06-22,IT,3fhMfkPPzksWuw0hEm4ldm,Ernia,4,256870,0.009983828,19
2026-06-22,IT,2R4kNOwHUUsuDYhKsESVbF,Artie 5ive,5,670793,0.026071873,8
2026-06-22,IT,5SulO4l40qDuV9zUGLZx7n,Capo Plaza,5,285695,0.011104176,17
2026-06-22,IT,7FeObngbQ0GY3SojNwKdKn,Bresh,6,514151,0.019983631,10
2026-06-22,IT,0lI3rF4hi4op6UxqlLHPzv,Achille Lauro,6,425043,0.016520249,13
2026-06-22,IT,7K80yOTC0Id95gRaOxDG5u,ANNA,7,731235,0.028421087,7
2026-06-22,IT,4q3ewBCX7sLwd24euuV69X,Bad Bunny,7,605170,0.023521288,9
2026-06-22,IT,0EUR8jz8L936AEbV2Spkca,Kid Yugi,7,435055,0.016909387,12
2026-06-22,IT,3hN3iJMbbBmqBSAMx5veDa,Ultimo,9,742819,0.028871325,6
2026-06-22,IT,25u1DN0MwQVSav4XoJS7hl,Olly,11,831246,0.032308238,5
2026-06-22,IT,23TFHmajVfBtlRx5MXqgoz,Sfera Ebbasta,12,1061918,0.041273823,3
2026-06-22,IT,4rj3KWaLAnuxgtMMkypZhf,Juli,12,925324,0.035964791,4
2026-06-22,IT,2K5nCggbhSZ00YCYP5qkZS,Shiva,14,1255674,0.048804584,2
2026-06-22,IT,27LlKWxS3KXW7RRAxN5S8s,Geolier,16,1489793,0.057904143,1
2026-07-06,IT,6FtwCmLY6L1sqvjaQ2lV6G,Emis Killa,1,203733,0.008192323,28
2026-07-06,IT,7FNnA9vBm6EKceENgCGRMb,Anitta,1,203733,0.008192323,28
2026-07-06,IT,1cKyknhftNKXCjMBd2hDrG,DYSTINCT,1,188928,0.007596998,32
2026-07-06,IT,5mTg1ztZByLRHsOEtwmT4G,Levante,1,167766,0.006746051,37
2026-07-06,IT,0BjRnUqiITQwjqGtTeoxUS,DELIA,1,167766,0.006746051,37
2026-07-06,IT,3xGlLcG9CUrs5MvFkSLOS5,Marco Mengoni,1,140582,0.005652953,43
2026-07-06,IT,3wcj11K77LjEY1PkEazffa,Burna Boy,1,129299,0.005199252,45
2026-07-06,IT,7a0XAaPaK2aDSqa8p3QnC7,Beéle,1,123289,0.004957583,46
2026-07-06,IT,3m5qlPf2OkihLz3dRYnkPA,Ovy On The Drums,1,123289,0.004957583,46
2026-07-06,IT,5uwa6tAMMfNbBFIHiI6NV4,W Sound,1,123289,0.004957583,46
2026-07-06,IT,1c22GXH30ijlOfXhfLz9Df,Elvis Crespo,1,121581,0.004888903,47
2026-07-06,IT,6X5L6rmyvrWWu60Gx6exiZ,54 Ultra,1,121093,0.00486928,48
2026-07-06,IT,4p5WgeiPSPpqPDs7T6OkWf,ANOTR,1,121093,0.00486928,48
2026-07-06,IT,5iot8OPcosJN9nCl7I5SdK,Irama,1,116007,0.004664766,52
2026-07-06,IT,7tmMPdOmFvdRvbj2aWoiRi,Jovanotti,1,110782,0.004454663,53
2026-07-06,IT,7GacyaFUp0qkEJglERX9N7,Alfa,1,110782,0.004454663,53
2026-07-06,IT,1uNFoZAHBGtllmzznpCI3s,Justin Bieber,1,109532,0.0044044,55
2026-07-06,IT,0hCNtLu0JehylgoiP8L4Gh,Nicki Minaj,1,109532,0.0044044,55
2026-07-06,IT,0F3tUZeb9dLNEpxCpzEBQt,SOLTO (FR),1,103188,0.004149301,56
2026-07-06,IT,5mHUmlJWkcoOk1NbjfrXWz,Temper City,1,101147,0.00406723,57
2026-07-06,IT,6PsQc21YZU7WNfiODG69Qk,Tony Boy,1,95004,0.003820213,59
2026-07-06,IT,2DaxqgrOhkeH0fpeiQq2f4,Oasis,1,90584,0.00364248,60
2026-07-06,IT,2R21vXR83lH98kGeO99Y66,Anuel AA,1,81213,0.003265662,61
2026-07-06,IT,2CCgb0KApjfQDuTppovpf8,Rvfv,1,77290,0.003107914,62
2026-07-06,IT,6RWMnZmXs8Ob715qLr4374,Aissa,1,77290,0.003107914,62
2026-07-06,IT,3g9MKjIP9xrMTY5Pbwr6Nk,Kreamly,1,77290,0.003107914,62
2026-07-06,IT,01XCyobLTxOrswogL7YNIu,Dibla,1,76442,0.003073815,63
2026-07-06,IT,1uZVxckdGGKhFMpCnupXmP,Los Pleneros de la Cresta,1,72369,0.002910035,64
2026-07-06,IT,7krakxeyEmge6pzTthKNyg,The Bausa,1,70155,0.002821008,65
2026-07-06,IT,1cK2Abwkni7m51wJCSGllN,Ultra Naté,1,68990,0.002774162,66
2026-07-06,IT,17yREPqyU875WJnX9U082A,Imael Angel,1,68990,0.002774162,66
2026-07-06,IT,6USv9qhCn6zfxlBQIYJ9qs,Dominic Fike,1,68649,0.00276045,67
2026-07-06,IT,3DeOmVSmpv7WknXoo1OS8p,Alleh,1,68136,0.002739822,68
2026-07-06,IT,4eq1q0o9XPyNq9RG3fNDD1,Yorghaki,1,68136,0.002739822,68
2026-07-06,IT,5rRcnWrevHgbuWjl7Lhft7,Merk & Kremont,1,67607,0.00271855,69
2026-07-06,IT,72A0Z8q8NiochyK9gUHpCR,The Kolors,1,67607,0.00271855,69
2026-07-06,IT,6JhUHne9H09NdkTI5E9GSt,Dardust,1,66483,0.002673353,70
2026-07-06,IT,790FomKkXshlbRYZFtlgla,KAROL G,1,64546,0.002595464,71
2026-07-06,IT,1eBPcZCSWh1EAv0aOXusye,Higashi,1,64167,0.002580224,72
2026-07-06,IT,0TnOYISbd1XYRBk9myaseg,Pitbull,1,64021,0.002574353,73
2026-07-06,IT,2DlGxzQSjYe5N6G9nkYghR,Jennifer Lopez,1,64021,0.002574353,73
2026-07-06,IT,5JsnFhU4OqgEtNXs7Sq1Vm,Malive,1,63097,0.002537198,74
2026-07-06,IT,1HBjj22wzbscIZ9sEb5dyf,Jonas Blue,1,63097,0.002537198,74
2026-07-06,IT,5p9HO3XC5P3BLxJs5Mtrhm,Djo,1,62237,0.002502617,75
2026-07-06,IT,2dAKW1tsAariQ0Ta2gqp8N,Gow Tribe,1,61576,0.002476037,76
2026-07-06,IT,2sil8z5kiy4r76CRTXxBCA,The Goo Goo Dolls,1,61569,0.002475756,77
2026-07-06,IT,0fTSzq9jAh4c36UVb4V7CB,Alex Warren,1,60477,0.002431845,78
2026-07-06,IT,7gjqZ8coFZimZDtdk04WP1,MACE,1,60230,0.002421913,79
2026-07-06,IT,5H1nN1SzW0qNeUEZvuXjAj,Danny Ocean,1,59365,0.002387131,80
2026-07-06,IT,2eFv7NVs8R6Go7msuqikeg,Pino Daniele,1,59066,0.002375107,81
2026-07-06,IT,2LRoIwlKmHjgvigdNGBHNo,Feid,1,58760,0.002362803,82
2026-07-06,IT,2i04Yoaa4wV8J75w8aPX1G,Kano Choir,1,58315,0.002344909,83
2026-07-06,IT,10exVja0key0uqUkk6LJRT,Vance Joy,1,57950,0.002330232,84
2026-07-06,IT,05brE7yGJDmIYlMirfSi0B,Federica Abbate,1,56920,0.002288814,85
2026-07-06,IT,2oQX8QiMXOyuqbcZEFsZfm,El Alfa,1,55744,0.002241526,86
2026-07-06,IT,7cdIY4mDfM1dbjgl7s2fGR,Sal Da Vinci,1,55507,0.002231996,87
2026-07-06,IT,7MdlXmq2HViAJWo9cf30sR,Cloonee,1,55436,0.002229141,88
2026-07-06,IT,6HabM2PUM519iIxervGWSb,Prospa,1,55436,0.002229141,88
2026-07-06,IT,056KMTw6IztdQjBmFfVyO3,Rkomi,1,55200,0.002219651,89
2026-07-06,IT,3wDn3kW2zDRLnaQAnX0S3x,Dat Boi Dee,1,55063,0.002214142,90
2026-07-06,IT,5NGO30tJxFlKixkPSgXcFE,The Police,1,54685,0.002198943,91
2026-07-06,IT,2jnjbAYKylrmBMCFZE0OCK,Poison Beatz,1,53749,0.002161305,92
2026-07-06,IT,4e0nWw2r4BoQSKPQ2zpU13,Ray Dalton,1,53707,0.002159616,93
2026-07-06,IT,3JhNCzhSMTxs9WLGJJxWOY,Macklemore,1,53707,0.002159616,93
2026-07-06,IT,5BcAKTbp20cv7tC5VqPFoC,Macklemore & Ryan Lewis,1,53707,0.002159616,93
2026-07-06,IT,5mZJerulcERBZV7xnhrVp1,Ryan Lewis,1,53707,0.002159616,93
2026-07-06,IT,5FwDaIGy29GQC5d0MR7fKf,LDA,1,53251,0.00214128,94
2026-07-06,IT,0lQtBhjEJpoOroQS6fbWMc,Aka 7even,1,53251,0.00214128,94
2026-07-06,IT,6hkKbkZGvAXuvle2FhCnxy,Shablo,1,52961,0.002129619,95
2026-07-06,IT,2iK8weavvfS2xJCmzNzNE5,J-AX,1,52420,0.002107865,96
2026-07-06,IT,7H8ZC8uHJMPZGLMApRRNIz,Ligabue,1,52404,0.002107221,97
2026-07-06,IT,4G9NDjRyZFDlJKMRL8hx3S,sombr,1,52328,0.002104165,98
2026-07-06,IT,3AVx3OBPIk4pJQllAXoVs1,Gaia,1,52265,0.002101632,99
2026-07-06,IT,7aBzpmFXB4WWpPl2F7RjBe,Wyclef Jean,1,52084,0.002094354,100
2026-07-06,IT,7KFOc3T4Xo8DVZt4PWw2qN,Gazzelle,1,51402,0.00206693,101
2026-07-06,IT,0harR1ApYeMN6GOLBNMiUR,Eddie Brock,1,51400,0.002066849,102
2026-07-06,IT,5KKpBU5eC2tJDzf0wmlRp2,RAYE,1,51224,0.002059772,103
2026-07-06,IT,7h1amg0X7Q5d0D5KfuyKTg,Pyrex,1,50671,0.002037535,104
2026-07-06,IT,2cy1zPcrFcXAJTP0APWewL,Gente De Zona,1,50336,0.002024065,105
2026-07-06,IT,4wLXwxDeWQ8mtUIRPxGiD6,Marc Anthony,1,50336,0.002024065,105
2026-07-06,IT,1yq9UuPp5DIb5w6eswGbKV,Adriano Celentano,1,50198,0.002018516,106
2026-07-06,IT,7HtzacrJpksCiS6qHypb8l,Ditonellapiaga,1,50129,0.002015741,107
2026-07-06,IT,7u710e44HW3K7A5eTnRqHC,Fabri Fibra,1,50121,0.002015419,108
2026-07-06,IT,7GgpsUpkj3olseoaTY7TEY,Elodie,1,49918,0.002007256,109
2026-07-06,IT,1Xylc3o4UrD53lo9CvFvVg,Zara Larsson,1,49261,0.001980838,110
2026-07-06,IT,7F2utINZ6tSokSiZTQBE27,Guè,1,49247,0.001980275,111
2026-07-06,IT,0r310cYIlI5aMcuDTChNlO,Loretta Goggi,1,49074,0.001973318,112
2026-07-06,IT,5bv5RplEOwdCvhq0EILh9E,Lucenzo,1,48981,0.001969579,113
2026-07-06,IT,33ScadVnbm2X8kkUqOkC6Z,Don Omar,1,48981,0.001969579,113
2026-07-06,IT,2PEMswqQspTSsAltdeF5kO,Simba La Rue,1,48971,0.001969177,114
2026-07-06,IT,7zPS3i8YJBNeDcqXUHfCMr,AVA,1,48886,0.001965759,115
2026-07-06,IT,1McMsnEElThX1knmY4oliG,Olivia Rodrigo,1,48843,0.00196403,116
2026-07-06,IT,4VmOlyJsnQB93ZIGMO2XWo,Madfingerz,1,48236,0.001939621,117
2026-07-06,IT,2tIP7SsRs7vjIcLrU85W8J,The Kid LAROI,1,48113,0.001934675,118
2026-07-06,IT,1Yj5Xey7kTwvZla8sqdsdE,Cris MJ,1,47705,0.001918269,119
2026-07-06,IT,7CvTknweLr9feJtRGrpDBy,FloyyMenor,1,47705,0.001918269,119
2026-07-06,IT,6XyY86QOPPrYVGvF9ch6wz,Linkin Park,1,47356,0.001904236,120
2026-07-06,IT,6YBgd2LKccEB3pX6UaW1Yp,Thegiornalisti,1,47342,0.001903673,121
2026-07-06,IT,716NhGYqD1jl2wI1Qkgq36,Bizarrap,1,46960,0.001888312,122
2026-07-06,IT,6k8mwkKJKKjBILo7ypBspl,Ana Mena,1,46908,0.001886221,123
2026-07-06,IT,3bf7Y2it29DeOjXpIibCOe,Zero Assoluto,1,46390,0.001865392,124
2026-07-06,IT,0QrUbsrL5imqntAfDl8i7q,Fred De Palma,2,250641,0.010078544,18
2026-07-06,IT,7108jelN43seqWILMvJwKi,Serena Brancale,2,235373,0.009464602,20
2026-07-06,IT,38CThoTDmXugNnfonW466d,Jiz,2,231256,0.009299053,21
2026-07-06,IT,1A6HBLulvBFzNtlMb7b08f,Angelina Mango,2,208451,0.008382039,25
2026-07-06,IT,6RdcIWVKYYzNzjQRd3oyHS,Pinguini Tattici Nucleari,2,204497,0.008223044,27
2026-07-06,IT,0EmeFodog0BfCgMzAIvKQp,Shakira,2,181383,0.007293606,33
2026-07-06,IT,1vgQksyJ0IVz8y9XerEOy3,Madame,2,178141,0.007163241,34
2026-07-06,IT,5AZuEF0feCXMkUCwQiQlW7,Marracash,2,172820,0.006949278,35
2026-07-06,IT,5PlfkPxwCpRRWQJBxCa0By,HUGEL,2,172178,0.006923463,36
2026-07-06,IT,26toJml6wSdf58ZgNG0ci9,Dipinto,2,158763,0.006384031,38
2026-07-06,IT,6HQ27YefiitrZ9YsWrgRHX,Fresh Beatz,2,158763,0.006384031,38
2026-07-06,IT,1QeqGmpgU5Yg74GNcjIIq3,Fulminacci,2,151630,0.006097205,39
2026-07-06,IT,3fMbdgg4jU18AjLCKBhRSm,Michael Jackson,2,150850,0.006065841,40
2026-07-06,IT,47z0zz9ZMCn9GBiPRTn5Bc,Tommaso Paradiso,2,144433,0.005807806,41
2026-07-06,IT,76UCIJTB0jcJvBaL0CdIqx,Takagi & Ketra,2,140800,0.005661719,42
2026-07-06,IT,0jdNdfi4vAuVi7a6cPDFBM,Lazza,2,131180,0.005274889,44
2026-07-06,IT,1UjxAZqzphB1tsMb1aWBj0,Omega,2,119911,0.00482175,49
2026-07-06,IT,2aiM1OfMODFLUXaQgEVPK1,Roberto Ferrante,2,119911,0.00482175,49
2026-07-06,IT,44DWomjW1oDuxIoBIRpmQ4,Rhove,2,116871,0.004699509,50
2026-07-06,IT,0EqkKYDK9EkKY5N7zU3FPv,Annalisa,2,116639,0.00469018,51
2026-07-06,IT,6FcVd3KlRxozcLl19FMXu9,Max Pezzali,2,110629,0.004448511,54
2026-07-06,IT,1AgAVqo74e2q4FVvg0xpT7,Tedua,2,98171,0.003947562,58
2026-07-06,IT,2QJ1AReDewmz4fcRhGxW6Y,Vito Salamanca,3,424642,0.017075312,11
2026-07-06,IT,2n0Ki4A5tKTEloq3WCt1IH,Samurai Jay,3,424642,0.017075312,11
2026-07-06,IT,51OKuyM4BiiYxFm8Mi6fa9,Mauvais djo,3,267570,0.010759278,16
2026-07-06,IT,3HAwumPgGOSXlZSyGWuLhB,Sayf,3,225765,0.009078254,22
2026-07-06,IT,52iwsT98xCoGgiGntTiR7K,Quevedo,3,215259,0.008655796,24
2026-07-06,IT,396Jr76018oUMR6QBnqT8T,Cesare Cremonini,3,193762,0.007791379,29
2026-07-06,IT,0gzwXezN4IUHAwLufA6YcX,Emma,3,192611,0.007745096,30
2026-07-06,IT,3fhMfkPPzksWuw0hEm4ldm,Ernia,3,190732,0.007669539,31
2026-07-06,IT,1l1A1U8VJM15W7zonFqKhg,Succo,4,326686,0.013136396,13
2026-07-06,IT,1dlyjeDlgXalzt5oqbgWDs,G.Mineiro,4,326686,0.013136396,13
2026-07-06,IT,2ifTEcQqKSPwijIEcPHQ1R,Flatpearl,4,326686,0.013136396,13
2026-07-06,IT,0lI3rF4hi4op6UxqlLHPzv,Achille Lauro,4,317552,0.012769108,14
2026-07-06,IT,5dXlc7MnpaTeUIsHLVe3n4,Coez,4,270581,0.010880353,15
2026-07-06,IT,5SulO4l40qDuV9zUGLZx7n,Capo Plaza,4,255976,0.01029307,17
2026-07-06,IT,3yiEJ9SByXZMXTwaKdVFN4,Luchè,4,246107,0.009896227,19
2026-07-06,IT,3LvwPiJQJ0da0GurKMToV0,Baby Gang,4,217130,0.008731031,23
2026-07-06,IT,6bMul6rmRS03x38tWKYifO,883,4,207285,0.008335153,26
2026-07-06,IT,7FeObngbQ0GY3SojNwKdKn,Bresh,5,468188,0.018826343,10
2026-07-06,IT,2R4kNOwHUUsuDYhKsESVbF,Artie 5ive,6,635770,0.025564996,7
2026-07-06,IT,4q3ewBCX7sLwd24euuV69X,Bad Bunny,6,519888,0.020905256,9
2026-07-06,IT,7K80yOTC0Id95gRaOxDG5u,ANNA,7,693892,0.027902144,6
2026-07-06,IT,0EUR8jz8L936AEbV2Spkca,Kid Yugi,7,408348,0.016420112,12
2026-07-06,IT,25u1DN0MwQVSav4XoJS7hl,Olly,8,600315,0.024139312,8
2026-07-06,IT,4rj3KWaLAnuxgtMMkypZhf,Juli,9,694590,0.027930211,5
2026-07-06,IT,2K5nCggbhSZ00YCYP5qkZS,Shiva,11,967412,0.038900677,4
2026-07-06,IT,23TFHmajVfBtlRx5MXqgoz,Sfera Ebbasta,13,1058570,0.042566239,3
2026-07-06,IT,3hN3iJMbbBmqBSAMx5veDa,Ultimo,15,1308465,0.052614786,2
2026-07-06,IT,27LlKWxS3KXW7RRAxN5S8s,Geolier,21,1931003,0.077647708,1
2026-07-16,IT,6FtwCmLY6L1sqvjaQ2lV6G,Emis Killa,1,211569,0.008107999,27
2026-07-16,IT,7FNnA9vBm6EKceENgCGRMb,Anitta,1,211569,0.008107999,27
2026-07-16,IT,1cKyknhftNKXCjMBd2hDrG,DYSTINCT,1,190319,0.007293631,32
2026-07-16,IT,0BjRnUqiITQwjqGtTeoxUS,DELIA,1,172655,0.00661669,34
2026-07-16,IT,5mTg1ztZByLRHsOEtwmT4G,Levante,1,172655,0.00661669,34
2026-07-16,IT,3wcj11K77LjEY1PkEazffa,Burna Boy,1,155025,0.005941053,38
2026-07-16,IT,0EmeFodog0BfCgMzAIvKQp,Shakira,1,155025,0.005941053,38
2026-07-16,IT,6X5L6rmyvrWWu60Gx6exiZ,54 Ultra,1,145764,0.005586142,40
2026-07-16,IT,4p5WgeiPSPpqPDs7T6OkWf,ANOTR,1,145764,0.005586142,40
2026-07-16,IT,1c22GXH30ijlOfXhfLz9Df,Elvis Crespo,1,137282,0.005261084,44
2026-07-16,IT,3m5qlPf2OkihLz3dRYnkPA,Ovy On The Drums,1,136434,0.005228586,46
2026-07-16,IT,5uwa6tAMMfNbBFIHiI6NV4,W Sound,1,136434,0.005228586,46
2026-07-16,IT,7a0XAaPaK2aDSqa8p3QnC7,Beéle,1,136434,0.005228586,46
2026-07-16,IT,3xGlLcG9CUrs5MvFkSLOS5,Marco Mengoni,1,134004,0.005135461,47
2026-07-16,IT,5iot8OPcosJN9nCl7I5SdK,Irama,1,128717,0.004932846,48
2026-07-16,IT,0F3tUZeb9dLNEpxCpzEBQt,SOLTO (FR),1,119406,0.004576019,51
2026-07-16,IT,1uNFoZAHBGtllmzznpCI3s,Justin Bieber,1,112704,0.004319177,53
2026-07-16,IT,0hCNtLu0JehylgoiP8L4Gh,Nicki Minaj,1,112704,0.004319177,53
2026-07-16,IT,1uZVxckdGGKhFMpCnupXmP,Los Pleneros de la Cresta,1,106217,0.004070574,56
2026-07-16,IT,7tmMPdOmFvdRvbj2aWoiRi,Jovanotti,1,104584,0.004007993,57
2026-07-16,IT,7GacyaFUp0qkEJglERX9N7,Alfa,1,104584,0.004007993,57
2026-07-16,IT,1cK2Abwkni7m51wJCSGllN,Ultra Naté,1,97511,0.003736933,58
2026-07-16,IT,17yREPqyU875WJnX9U082A,Imael Angel,1,97511,0.003736933,58
2026-07-16,IT,6PsQc21YZU7WNfiODG69Qk,Tony Boy,1,94810,0.003633422,59
2026-07-16,IT,5mHUmlJWkcoOk1NbjfrXWz,Temper City,1,93883,0.003597896,60
2026-07-16,IT,7krakxeyEmge6pzTthKNyg,The Bausa,1,87307,0.003345883,61
2026-07-16,IT,5Otk4eRecMMbC5YR4Iliou,Le-one,1,84521,0.003239114,62
2026-07-16,IT,2CCgb0KApjfQDuTppovpf8,Rvfv,1,83255,0.003190597,63
2026-07-16,IT,6RWMnZmXs8Ob715qLr4374,Aissa,1,83255,0.003190597,63
2026-07-16,IT,3g9MKjIP9xrMTY5Pbwr6Nk,Kreamly,1,83255,0.003190597,63
2026-07-16,IT,2sil8z5kiy4r76CRTXxBCA,The Goo Goo Dolls,1,81172,0.00311077,64
2026-07-16,IT,01XCyobLTxOrswogL7YNIu,Dibla,1,77965,0.002987868,65
2026-07-16,IT,2R21vXR83lH98kGeO99Y66,Anuel AA,1,77891,0.002985032,66
2026-07-16,IT,2LRoIwlKmHjgvigdNGBHNo,Feid,1,74488,0.002854618,67
2026-07-16,IT,5p9HO3XC5P3BLxJs5Mtrhm,Djo,1,72341,0.002772338,68
2026-07-16,IT,3DeOmVSmpv7WknXoo1OS8p,Alleh,1,70939,0.002718609,69
2026-07-16,IT,4eq1q0o9XPyNq9RG3fNDD1,Yorghaki,1,70939,0.002718609,69
2026-07-16,IT,5JsnFhU4OqgEtNXs7Sq1Vm,Malive,1,69635,0.002668635,70
2026-07-16,IT,1HBjj22wzbscIZ9sEb5dyf,Jonas Blue,1,69635,0.002668635,70
2026-07-16,IT,6USv9qhCn6zfxlBQIYJ9qs,Dominic Fike,1,69337,0.002657215,71
2026-07-16,IT,0du5cEVh5yTK9QJze8zA0C,Bruno Mars,1,67926,0.002603141,72
2026-07-16,IT,72A0Z8q8NiochyK9gUHpCR,The Kolors,1,67809,0.002598657,73
2026-07-16,IT,5rRcnWrevHgbuWjl7Lhft7,Merk & Kremont,1,67809,0.002598657,73
2026-07-16,IT,44DWomjW1oDuxIoBIRpmQ4,Rhove,1,67356,0.002581297,74
2026-07-16,IT,7MdlXmq2HViAJWo9cf30sR,Cloonee,1,66231,0.002538183,75
2026-07-16,IT,6HabM2PUM519iIxervGWSb,Prospa,1,66231,0.002538183,75
2026-07-16,IT,1EbIfIjVcauDatNO4vagL1,Sybil,1,66231,0.002538183,75
2026-07-16,IT,0fTSzq9jAh4c36UVb4V7CB,Alex Warren,1,64738,0.002480967,76
2026-07-16,IT,5H1nN1SzW0qNeUEZvuXjAj,Danny Ocean,1,63933,0.002450117,77
2026-07-16,IT,790FomKkXshlbRYZFtlgla,KAROL G,1,63861,0.002447357,78
2026-07-16,IT,2DlGxzQSjYe5N6G9nkYghR,Jennifer Lopez,1,63335,0.002427199,79
2026-07-16,IT,0TnOYISbd1XYRBk9myaseg,Pitbull,1,63335,0.002427199,79
2026-07-16,IT,05brE7yGJDmIYlMirfSi0B,Federica Abbate,1,63178,0.002421183,80
2026-07-16,IT,10exVja0key0uqUkk6LJRT,Vance Joy,1,62950,0.002412445,81
2026-07-16,IT,1yq9UuPp5DIb5w6eswGbKV,Adriano Celentano,1,62570,0.002397882,82
2026-07-16,IT,5NGO30tJxFlKixkPSgXcFE,The Police,1,60431,0.002315909,83
2026-07-16,IT,6JhUHne9H09NdkTI5E9GSt,Dardust,1,59746,0.002289657,84
2026-07-16,IT,6bMul6rmRS03x38tWKYifO,883,1,59274,0.002271569,85
2026-07-16,IT,7CvTknweLr9feJtRGrpDBy,FloyyMenor,1,59225,0.002269691,86
2026-07-16,IT,1Yj5Xey7kTwvZla8sqdsdE,Cris MJ,1,59225,0.002269691,86
2026-07-16,IT,6nVcHLIgY5pE2YCl8ubca1,JHAYCO,1,58826,0.0022544,87
2026-07-16,IT,2oQX8QiMXOyuqbcZEFsZfm,El Alfa,1,57898,0.002218836,88
2026-07-16,IT,6YBgd2LKccEB3pX6UaW1Yp,Thegiornalisti,1,57751,0.002213203,89
2026-07-16,IT,2i04Yoaa4wV8J75w8aPX1G,Kano Choir,1,57484,0.00220297,90
2026-07-16,IT,7cdIY4mDfM1dbjgl7s2fGR,Sal Da Vinci,1,56396,0.002161275,91
2026-07-16,IT,7F2utINZ6tSokSiZTQBE27,Guè,1,56171,0.002152652,92
2026-07-16,IT,2eFv7NVs8R6Go7msuqikeg,Pino Daniele,1,56010,0.002146482,93
2026-07-16,IT,7gjqZ8coFZimZDtdk04WP1,MACE,1,55624,0.002131689,94
2026-07-16,IT,4e0nWw2r4BoQSKPQ2zpU13,Ray Dalton,1,55401,0.002123143,95
2026-07-16,IT,5mZJerulcERBZV7xnhrVp1,Ryan Lewis,1,55401,0.002123143,95
2026-07-16,IT,5BcAKTbp20cv7tC5VqPFoC,Macklemore & Ryan Lewis,1,55401,0.002123143,95
2026-07-16,IT,3JhNCzhSMTxs9WLGJJxWOY,Macklemore,1,55401,0.002123143,95
2026-07-16,IT,0r310cYIlI5aMcuDTChNlO,Loretta Goggi,1,55314,0.002119809,96
2026-07-16,IT,7h1amg0X7Q5d0D5KfuyKTg,Pyrex,1,55097,0.002111493,97
2026-07-16,IT,3AVx3OBPIk4pJQllAXoVs1,Gaia,1,54948,0.002105783,98
2026-07-16,IT,5KKpBU5eC2tJDzf0wmlRp2,RAYE,1,54240,0.00207865,99
2026-07-16,IT,7H8ZC8uHJMPZGLMApRRNIz,Ligabue,1,54166,0.002075814,100
2026-07-16,IT,7u710e44HW3K7A5eTnRqHC,Fabri Fibra,1,54157,0.002075469,101
2026-07-16,IT,1vyhD5VmyZ7KMfW5gqLgo5,J Balvin,1,54117,0.002073936,102
2026-07-16,IT,3wDn3kW2zDRLnaQAnX0S3x,Dat Boi Dee,1,53488,0.002049831,103
2026-07-16,IT,7KFOc3T4Xo8DVZt4PWw2qN,Gazzelle,1,53431,0.002047646,104
2026-07-16,IT,5FwDaIGy29GQC5d0MR7fKf,LDA,1,53307,0.002042894,105
2026-07-16,IT,0lQtBhjEJpoOroQS6fbWMc,Aka 7even,1,53307,0.002042894,105
2026-07-16,IT,4G9NDjRyZFDlJKMRL8hx3S,sombr,1,53261,0.002041131,106
2026-07-16,IT,0harR1ApYeMN6GOLBNMiUR,Eddie Brock,1,52837,0.002024882,107
2026-07-16,IT,2cy1zPcrFcXAJTP0APWewL,Gente De Zona,1,52780,0.002022698,108
2026-07-16,IT,4wLXwxDeWQ8mtUIRPxGiD6,Marc Anthony,1,52780,0.002022698,108
2026-07-16,IT,7zPS3i8YJBNeDcqXUHfCMr,AVA,1,52689,0.002019211,109
2026-07-16,IT,716NhGYqD1jl2wI1Qkgq36,Bizarrap,1,52636,0.002017179,110
2026-07-16,IT,6hkKbkZGvAXuvle2FhCnxy,Shablo,1,52000,0.001992806,111
2026-07-16,IT,2dAKW1tsAariQ0Ta2gqp8N,Gow Tribe,1,51898,0.001988897,112
2026-07-16,IT,6jwzGu5VdkR5tsRROYuxso,DrefGold,1,51556,0.00197579,113
2026-07-16,IT,2jnjbAYKylrmBMCFZE0OCK,Poison Beatz,1,50546,0.001937084,114
2026-07-16,IT,5RTLRtXjbXI2lSXc6jxlAz,Ravyn Lenae,1,50510,0.001935704,115
2026-07-16,IT,2PEMswqQspTSsAltdeF5kO,Simba La Rue,1,50099,0.001919954,116
2026-07-16,IT,7HtzacrJpksCiS6qHypb8l,Ditonellapiaga,1,49436,0.001894545,117
2026-07-16,IT,3V27gyl5V5dvei7a0U8zuX,SOUNDPLUG,1,49240,0.001887034,118
2026-07-16,IT,6dhhE0bRngFuvKe3vnzdKn,Yapi,1,49240,0.001887034,118
2026-07-16,IT,1VeH892FTsVyB6XAnMvEbL,Gianni Togni,1,48818,0.001870862,119
2026-07-16,IT,1fctva4kpRbg2k3v7kwRuS,Rvssian,1,48739,0.001867834,120
2026-07-16,IT,1vfezMIyCr4XUdYRaKIKi3,Keyshia Cole,1,48666,0.001865036,121
2026-07-16,IT,3Isy6kedDrgPYoTS1dazA9,Sean Paul,1,48666,0.001865036,121
2026-07-16,IT,1Xylc3o4UrD53lo9CvFvVg,Zara Larsson,1,48483,0.001858023,122
2026-07-16,IT,22wbnEMDvgVIAGdFeek6ET,Benson Boone,1,47897,0.001835566,123
2026-07-16,IT,33ScadVnbm2X8kkUqOkC6Z,Don Omar,1,47808,0.001832155,124
2026-07-16,IT,5bv5RplEOwdCvhq0EILh9E,Lucenzo,1,47808,0.001832155,124
2026-07-16,IT,0QrUbsrL5imqntAfDl8i7q,Fred De Palma,2,261857,0.010035196,17
2026-07-16,IT,7108jelN43seqWILMvJwKi,Serena Brancale,2,240464,0.009215348,19
2026-07-16,IT,38CThoTDmXugNnfonW466d,Jiz,2,219943,0.008428917,23
2026-07-16,IT,5PlfkPxwCpRRWQJBxCa0By,HUGEL,2,216917,0.008312951,25
2026-07-16,IT,1A6HBLulvBFzNtlMb7b08f,Angelina Mango,2,203821,0.007811071,29
2026-07-16,IT,2DaxqgrOhkeH0fpeiQq2f4,Oasis,2,199558,0.007647699,30
2026-07-16,IT,1vgQksyJ0IVz8y9XerEOy3,Madame,2,174156,0.006674214,33
2026-07-16,IT,47z0zz9ZMCn9GBiPRTn5Bc,Tommaso Paradiso,2,161422,0.006186206,35
2026-07-16,IT,6HQ27YefiitrZ9YsWrgRHX,Fresh Beatz,2,159131,0.006098408,36
2026-07-16,IT,26toJml6wSdf58ZgNG0ci9,Dipinto,2,159131,0.006098408,36
2026-07-16,IT,1QeqGmpgU5Yg74GNcjIIq3,Fulminacci,2,157591,0.00603939,37
2026-07-16,IT,3fhMfkPPzksWuw0hEm4ldm,Ernia,2,146415,0.00561109,39
2026-07-16,IT,1eBPcZCSWh1EAv0aOXusye,Higashi,2,144446,0.005535632,41
2026-07-16,IT,0jdNdfi4vAuVi7a6cPDFBM,Lazza,2,140023,0.005366128,42
2026-07-16,IT,3fMbdgg4jU18AjLCKBhRSm,Michael Jackson,2,139976,0.005364327,43
2026-07-16,IT,0gzwXezN4IUHAwLufA6YcX,Emma,2,136965,0.005248936,45
2026-07-16,IT,76UCIJTB0jcJvBaL0CdIqx,Takagi & Ketra,2,123868,0.004747017,49
2026-07-16,IT,0EqkKYDK9EkKY5N7zU3FPv,Annalisa,2,121612,0.00466056,50
2026-07-16,IT,1UjxAZqzphB1tsMb1aWBj0,Omega,2,117823,0.004515353,52
2026-07-16,IT,2aiM1OfMODFLUXaQgEVPK1,Roberto Ferrante,2,117823,0.004515353,52
2026-07-16,IT,6FcVd3KlRxozcLl19FMXu9,Max Pezzali,2,109144,0.004182746,54
2026-07-16,IT,7GgpsUpkj3olseoaTY7TEY,Elodie,2,108429,0.004155345,55
2026-07-16,IT,2n0Ki4A5tKTEloq3WCt1IH,Samurai Jay,3,413903,0.015862083,11
2026-07-16,IT,2QJ1AReDewmz4fcRhGxW6Y,Vito Salamanca,3,413903,0.015862083,11
2026-07-16,IT,1dlyjeDlgXalzt5oqbgWDs,G.Mineiro,3,290143,0.011119205,14
2026-07-16,IT,1l1A1U8VJM15W7zonFqKhg,Succo,3,290143,0.011119205,14
2026-07-16,IT,2ifTEcQqKSPwijIEcPHQ1R,Flatpearl,3,290143,0.011119205,14
2026-07-16,IT,51OKuyM4BiiYxFm8Mi6fa9,Mauvais djo,3,288694,0.011063675,15
2026-07-16,IT,6RdcIWVKYYzNzjQRd3oyHS,Pinguini Tattici Nucleari,3,263077,0.01008195,16
2026-07-16,IT,52iwsT98xCoGgiGntTiR7K,Quevedo,3,241715,0.00926329,18
2026-07-16,IT,3HAwumPgGOSXlZSyGWuLhB,Sayf,3,239188,0.009166447,20
2026-07-16,IT,5AZuEF0feCXMkUCwQiQlW7,Marracash,3,230907,0.008849093,21
2026-07-16,IT,5dXlc7MnpaTeUIsHLVe3n4,Coez,3,226310,0.008672921,22
2026-07-16,IT,0EUR8jz8L936AEbV2Spkca,Kid Yugi,3,212079,0.008127544,26
2026-07-16,IT,3yiEJ9SByXZMXTwaKdVFN4,Luchè,3,206802,0.007925312,28
2026-07-16,IT,396Jr76018oUMR6QBnqT8T,Cesare Cremonini,3,198822,0.007619493,31
2026-07-16,IT,3LvwPiJQJ0da0GurKMToV0,Baby Gang,4,218210,0.008362503,24
2026-07-16,IT,7FeObngbQ0GY3SojNwKdKn,Bresh,5,469139,0.017978903,10
2026-07-16,IT,25u1DN0MwQVSav4XoJS7hl,Olly,6,473137,0.018132119,9
2026-07-16,IT,0lI3rF4hi4op6UxqlLHPzv,Achille Lauro,6,409725,0.015701969,12
2026-07-16,IT,5SulO4l40qDuV9zUGLZx7n,Capo Plaza,6,387217,0.014839391,13
2026-07-16,IT,2R4kNOwHUUsuDYhKsESVbF,Artie 5ive,7,717452,0.02749505,6
2026-07-16,IT,3hN3iJMbbBmqBSAMx5veDa,Ultimo,7,635950,0.024371633,7
2026-07-16,IT,4rj3KWaLAnuxgtMMkypZhf,Juli,7,571008,0.021882848,8
2026-07-16,IT,4q3ewBCX7sLwd24euuV69X,Bad Bunny,9,858539,0.032901953,5
2026-07-16,IT,2K5nCggbhSZ00YCYP5qkZS,Shiva,12,1049956,0.040237664,4
2026-07-16,IT,7K80yOTC0Id95gRaOxDG5u,ANNA,16,1410043,0.054037346,2
2026-07-16,IT,23TFHmajVfBtlRx5MXqgoz,Sfera Ebbasta,18,1403907,0.053802195,3
2026-07-16,IT,27LlKWxS3KXW7RRAxN5S8s,Geolier,21,1846612,0.070768063,1
2026-07-10,IT,6FtwCmLY6L1sqvjaQ2lV6G,Emis Killa,1,230137,0.007519902,26
2026-07-10,IT,7FNnA9vBm6EKceENgCGRMb,Anitta,1,230137,0.007519902,26
2026-07-10,IT,1cKyknhftNKXCjMBd2hDrG,DYSTINCT,1,220265,0.007197327,30
2026-07-10,IT,5mTg1ztZByLRHsOEtwmT4G,Levante,1,189913,0.006205552,34
2026-07-10,IT,0BjRnUqiITQwjqGtTeoxUS,DELIA,1,189913,0.006205552,34
2026-07-10,IT,3wcj11K77LjEY1PkEazffa,Burna Boy,1,154011,0.005032427,41
2026-07-10,IT,0EmeFodog0BfCgMzAIvKQp,Shakira,1,154011,0.005032427,41
2026-07-10,IT,6X5L6rmyvrWWu60Gx6exiZ,54 Ultra,1,152132,0.004971029,42
2026-07-10,IT,4p5WgeiPSPpqPDs7T6OkWf,ANOTR,1,152132,0.004971029,42
2026-07-10,IT,3xGlLcG9CUrs5MvFkSLOS5,Marco Mengoni,1,151233,0.004941654,43
2026-07-10,IT,7a0XAaPaK2aDSqa8p3QnC7,Beéle,1,145256,0.00474635,45
2026-07-10,IT,5uwa6tAMMfNbBFIHiI6NV4,W Sound,1,145256,0.00474635,45
2026-07-10,IT,3m5qlPf2OkihLz3dRYnkPA,Ovy On The Drums,1,145256,0.00474635,45
2026-07-10,IT,5iot8OPcosJN9nCl7I5SdK,Irama,1,138222,0.004516509,47
2026-07-10,IT,1c22GXH30ijlOfXhfLz9Df,Elvis Crespo,1,137841,0.00450406,48
2026-07-10,IT,0F3tUZeb9dLNEpxCpzEBQt,SOLTO (FR),1,126057,0.004119009,51
2026-07-10,IT,0hCNtLu0JehylgoiP8L4Gh,Nicki Minaj,1,121967,0.003985365,53
2026-07-10,IT,1uNFoZAHBGtllmzznpCI3s,Justin Bieber,1,121967,0.003985365,53
2026-07-10,IT,7GacyaFUp0qkEJglERX9N7,Alfa,1,117208,0.003829861,54
2026-07-10,IT,7tmMPdOmFvdRvbj2aWoiRi,Jovanotti,1,117208,0.003829861,54
2026-07-10,IT,5mHUmlJWkcoOk1NbjfrXWz,Temper City,1,112082,0.003662365,56
2026-07-10,IT,6PsQc21YZU7WNfiODG69Qk,Tony Boy,1,101394,0.003313126,57
2026-07-10,IT,2DaxqgrOhkeH0fpeiQq2f4,Oasis,1,100095,0.00327068,58
2026-07-10,IT,17yREPqyU875WJnX9U082A,Imael Angel,1,94842,0.003099035,59
2026-07-10,IT,1cK2Abwkni7m51wJCSGllN,Ultra Naté,1,94842,0.003099035,59
2026-07-10,IT,0jdNdfi4vAuVi7a6cPDFBM,Lazza,1,92291,0.003015679,60
2026-07-10,IT,2LRoIwlKmHjgvigdNGBHNo,Feid,1,90573,0.002959542,61
2026-07-10,IT,3g9MKjIP9xrMTY5Pbwr6Nk,Kreamly,1,89732,0.002932061,62
2026-07-10,IT,6RWMnZmXs8Ob715qLr4374,Aissa,1,89732,0.002932061,62
2026-07-10,IT,2CCgb0KApjfQDuTppovpf8,Rvfv,1,89732,0.002932061,62
2026-07-10,IT,7krakxeyEmge6pzTthKNyg,The Bausa,1,88871,0.002903928,63
2026-07-10,IT,1uZVxckdGGKhFMpCnupXmP,Los Pleneros de la Cresta,1,86761,0.002834982,64
2026-07-10,IT,2R21vXR83lH98kGeO99Y66,Anuel AA,1,86621,0.002830407,65
2026-07-10,IT,01XCyobLTxOrswogL7YNIu,Dibla,1,86488,0.002826061,66
2026-07-10,IT,6JhUHne9H09NdkTI5E9GSt,Dardust,1,82508,0.002696012,67
2026-07-10,IT,3DeOmVSmpv7WknXoo1OS8p,Alleh,1,78851,0.002576517,68
2026-07-10,IT,4eq1q0o9XPyNq9RG3fNDD1,Yorghaki,1,78851,0.002576517,68
2026-07-10,IT,44DWomjW1oDuxIoBIRpmQ4,Rhove,1,76404,0.002496559,69
2026-07-10,IT,5JsnFhU4OqgEtNXs7Sq1Vm,Malive,1,75409,0.002464047,70
2026-07-10,IT,1HBjj22wzbscIZ9sEb5dyf,Jonas Blue,1,75409,0.002464047,70
2026-07-10,IT,2oQX8QiMXOyuqbcZEFsZfm,El Alfa,1,73661,0.002406929,71
2026-07-10,IT,790FomKkXshlbRYZFtlgla,KAROL G,1,72629,0.002373208,72
2026-07-10,IT,5rRcnWrevHgbuWjl7Lhft7,Merk & Kremont,1,72294,0.002362262,73
2026-07-10,IT,72A0Z8q8NiochyK9gUHpCR,The Kolors,1,72294,0.002362262,73
2026-07-10,IT,2DlGxzQSjYe5N6G9nkYghR,Jennifer Lopez,1,70627,0.002307791,74
2026-07-10,IT,0TnOYISbd1XYRBk9myaseg,Pitbull,1,70627,0.002307791,74
2026-07-10,IT,6USv9qhCn6zfxlBQIYJ9qs,Dominic Fike,1,69829,0.002281716,75
2026-07-10,IT,6HabM2PUM519iIxervGWSb,Prospa,1,69231,0.002262176,76
2026-07-10,IT,1EbIfIjVcauDatNO4vagL1,Sybil,1,69231,0.002262176,76
2026-07-10,IT,7MdlXmq2HViAJWo9cf30sR,Cloonee,1,69231,0.002262176,76
2026-07-10,IT,2sil8z5kiy4r76CRTXxBCA,The Goo Goo Dolls,1,68665,0.002243681,77
2026-07-10,IT,7cdIY4mDfM1dbjgl7s2fGR,Sal Da Vinci,1,67961,0.002220677,78
2026-07-10,IT,5H1nN1SzW0qNeUEZvuXjAj,Danny Ocean,1,67380,0.002201693,79
2026-07-10,IT,2eFv7NVs8R6Go7msuqikeg,Pino Daniele,1,66999,0.002189243,80
2026-07-10,IT,3wDn3kW2zDRLnaQAnX0S3x,Dat Boi Dee,1,66603,0.002176304,81
2026-07-10,IT,5p9HO3XC5P3BLxJs5Mtrhm,Djo,1,65643,0.002144935,82
2026-07-10,IT,7F2utINZ6tSokSiZTQBE27,Guè,1,63313,0.002068801,83
2026-07-10,IT,05brE7yGJDmIYlMirfSi0B,Federica Abbate,1,63035,0.002059717,84
2026-07-10,IT,7h1amg0X7Q5d0D5KfuyKTg,Pyrex,1,63016,0.002059096,85
2026-07-10,IT,6hkKbkZGvAXuvle2FhCnxy,Shablo,1,62896,0.002055175,86
2026-07-10,IT,7u710e44HW3K7A5eTnRqHC,Fabri Fibra,1,62525,0.002043052,87
2026-07-10,IT,10exVja0key0uqUkk6LJRT,Vance Joy,1,61967,0.002024819,88
2026-07-10,IT,1fctva4kpRbg2k3v7kwRuS,Rvssian,1,61831,0.002020375,89
2026-07-10,IT,2i04Yoaa4wV8J75w8aPX1G,Kano Choir,1,61417,0.002006847,90
2026-07-10,IT,0harR1ApYeMN6GOLBNMiUR,Eddie Brock,1,61218,0.002000345,91
2026-07-10,IT,5Otk4eRecMMbC5YR4Iliou,Le-one,1,60300,0.001970348,92
2026-07-10,IT,4wLXwxDeWQ8mtUIRPxGiD6,Marc Anthony,1,59907,0.001957507,93
2026-07-10,IT,2cy1zPcrFcXAJTP0APWewL,Gente De Zona,1,59907,0.001957507,93
2026-07-10,IT,7gjqZ8coFZimZDtdk04WP1,MACE,1,59206,0.001934601,94
2026-07-10,IT,1yq9UuPp5DIb5w6eswGbKV,Adriano Celentano,1,59008,0.001928131,95
2026-07-10,IT,5NGO30tJxFlKixkPSgXcFE,The Police,1,58954,0.001926367,96
2026-07-10,IT,3JhNCzhSMTxs9WLGJJxWOY,Macklemore,1,58880,0.001923949,97
2026-07-10,IT,5BcAKTbp20cv7tC5VqPFoC,Macklemore & Ryan Lewis,1,58880,0.001923949,97
2026-07-10,IT,5mZJerulcERBZV7xnhrVp1,Ryan Lewis,1,58880,0.001923949,97
2026-07-10,IT,4e0nWw2r4BoQSKPQ2zpU13,Ray Dalton,1,58880,0.001923949,97
2026-07-10,IT,0fTSzq9jAh4c36UVb4V7CB,Alex Warren,1,58770,0.001920355,98
2026-07-10,IT,2PEMswqQspTSsAltdeF5kO,Simba La Rue,1,58483,0.001910977,99
2026-07-10,IT,7HtzacrJpksCiS6qHypb8l,Ditonellapiaga,1,58213,0.001902154,100
2026-07-10,IT,3AVx3OBPIk4pJQllAXoVs1,Gaia,1,58106,0.001898658,101
2026-07-10,IT,0lQtBhjEJpoOroQS6fbWMc,Aka 7even,1,57722,0.00188611,102
2026-07-10,IT,5FwDaIGy29GQC5d0MR7fKf,LDA,1,57722,0.00188611,102
2026-07-10,IT,6YBgd2LKccEB3pX6UaW1Yp,Thegiornalisti,1,56720,0.001853369,103
2026-07-10,IT,2dAKW1tsAariQ0Ta2gqp8N,Gow Tribe,1,56696,0.001852585,104
2026-07-10,IT,7KFOc3T4Xo8DVZt4PWw2qN,Gazzelle,1,56250,0.001838012,105
2026-07-10,IT,5KKpBU5eC2tJDzf0wmlRp2,RAYE,1,56056,0.001831673,106
2026-07-10,IT,2jnjbAYKylrmBMCFZE0OCK,Poison Beatz,1,55150,0.001802068,107
2026-07-10,IT,33ScadVnbm2X8kkUqOkC6Z,Don Omar,1,54961,0.001795893,108
2026-07-10,IT,5bv5RplEOwdCvhq0EILh9E,Lucenzo,1,54961,0.001795893,108
2026-07-10,IT,3o7fC2O4nraaicpID6bBZW,Elettra Lamborghini,1,54858,0.001792527,109
2026-07-10,IT,7zPS3i8YJBNeDcqXUHfCMr,AVA,1,54752,0.001789063,110
2026-07-10,IT,0SD4eZCN4Kr0wQk56hCdh2,Bonnie Tyler,1,54520,0.001781483,111
2026-07-10,IT,056KMTw6IztdQjBmFfVyO3,Rkomi,1,54104,0.001767889,112
2026-07-10,IT,7CvTknweLr9feJtRGrpDBy,FloyyMenor,1,53970,0.001763511,113
2026-07-10,IT,1Yj5Xey7kTwvZla8sqdsdE,Cris MJ,1,53970,0.001763511,113
2026-07-10,IT,6jwzGu5VdkR5tsRROYuxso,DrefGold,1,53418,0.001745474,114
2026-07-10,IT,6nVcHLIgY5pE2YCl8ubca1,JHAYCO,1,53340,0.001742925,115
2026-07-10,IT,716NhGYqD1jl2wI1Qkgq36,Bizarrap,1,53158,0.001736978,116
2026-07-10,IT,0du5cEVh5yTK9QJze8zA0C,Bruno Mars,1,52848,0.001726849,117
2026-07-10,IT,1AgAVqo74e2q4FVvg0xpT7,Tedua,1,52432,0.001713256,118
2026-07-10,IT,0QrUbsrL5imqntAfDl8i7q,Fred De Palma,2,290144,0.009480676,17
2026-07-10,IT,7108jelN43seqWILMvJwKi,Serena Brancale,2,262207,0.008567814,21
2026-07-10,IT,38CThoTDmXugNnfonW466d,Jiz,2,257597,0.008417178,22
2026-07-10,IT,1A6HBLulvBFzNtlMb7b08f,Angelina Mango,2,229901,0.00751219,27
2026-07-10,IT,5PlfkPxwCpRRWQJBxCa0By,HUGEL,2,220899,0.007218043,29
2026-07-10,IT,1vgQksyJ0IVz8y9XerEOy3,Madame,2,195968,0.006403404,33
2026-07-10,IT,26toJml6wSdf58ZgNG0ci9,Dipinto,2,176292,0.005760475,35
2026-07-10,IT,6HQ27YefiitrZ9YsWrgRHX,Fresh Beatz,2,176292,0.005760475,35
2026-07-10,IT,3yiEJ9SByXZMXTwaKdVFN4,Luchè,2,165502,0.005407904,36
2026-07-10,IT,1QeqGmpgU5Yg74GNcjIIq3,Fulminacci,2,163760,0.005350983,37
2026-07-10,IT,47z0zz9ZMCn9GBiPRTn5Bc,Tommaso Paradiso,2,160666,0.005249884,38
2026-07-10,IT,3fMbdgg4jU18AjLCKBhRSm,Michael Jackson,2,159609,0.005215346,39
2026-07-10,IT,2aiM1OfMODFLUXaQgEVPK1,Roberto Ferrante,2,156316,0.005107744,40
2026-07-10,IT,1UjxAZqzphB1tsMb1aWBj0,Omega,2,156316,0.005107744,40
2026-07-10,IT,76UCIJTB0jcJvBaL0CdIqx,Takagi & Ketra,2,150849,0.004929106,44
2026-07-10,IT,1eBPcZCSWh1EAv0aOXusye,Higashi,2,142955,0.004671164,46
2026-07-10,IT,0EqkKYDK9EkKY5N7zU3FPv,Annalisa,2,135096,0.004414365,49
2026-07-10,IT,7GgpsUpkj3olseoaTY7TEY,Elodie,2,127775,0.004175145,50
2026-07-10,IT,6bMul6rmRS03x38tWKYifO,883,2,124021,0.004052481,52
2026-07-10,IT,6FcVd3KlRxozcLl19FMXu9,Max Pezzali,2,113109,0.003695923,55
2026-07-10,IT,2QJ1AReDewmz4fcRhGxW6Y,Vito Salamanca,3,505749,0.016525734,11
2026-07-10,IT,2n0Ki4A5tKTEloq3WCt1IH,Samurai Jay,3,505749,0.016525734,11
2026-07-10,IT,51OKuyM4BiiYxFm8Mi6fa9,Mauvais djo,3,304112,0.009937091,15
2026-07-10,IT,6RdcIWVKYYzNzjQRd3oyHS,Pinguini Tattici Nucleari,3,281956,0.009213127,18
2026-07-10,IT,3HAwumPgGOSXlZSyGWuLhB,Sayf,3,267781,0.008749948,20
2026-07-10,IT,5AZuEF0feCXMkUCwQiQlW7,Marracash,3,253538,0.008284547,23
2026-07-10,IT,52iwsT98xCoGgiGntTiR7K,Quevedo,3,250996,0.008201486,24
2026-07-10,IT,5dXlc7MnpaTeUIsHLVe3n4,Coez,3,237578,0.007763042,25
2026-07-10,IT,3fhMfkPPzksWuw0hEm4ldm,Ernia,3,226564,0.007403151,28
2026-07-10,IT,0gzwXezN4IUHAwLufA6YcX,Emma,3,208664,0.006818255,31
2026-07-10,IT,396Jr76018oUMR6QBnqT8T,Cesare Cremonini,3,203257,0.006641577,32
2026-07-10,IT,1l1A1U8VJM15W7zonFqKhg,Succo,4,382058,0.012484036,12
2026-07-10,IT,2ifTEcQqKSPwijIEcPHQ1R,Flatpearl,4,382058,0.012484036,12
2026-07-10,IT,1dlyjeDlgXalzt5oqbgWDs,G.Mineiro,4,382058,0.012484036,12
2026-07-10,IT,0lI3rF4hi4op6UxqlLHPzv,Achille Lauro,4,330960,0.01081437,14
2026-07-10,IT,0EUR8jz8L936AEbV2Spkca,Kid Yugi,4,291691,0.009531226,16
2026-07-10,IT,3LvwPiJQJ0da0GurKMToV0,Baby Gang,4,274806,0.008979495,19
2026-07-10,IT,7FeObngbQ0GY3SojNwKdKn,Bresh,5,546375,0.017853219,10
2026-07-10,IT,5SulO4l40qDuV9zUGLZx7n,Capo Plaza,5,355078,0.011602444,13
2026-07-10,IT,2R4kNOwHUUsuDYhKsESVbF,Artie 5ive,6,749514,0.024490941,6
2026-07-10,IT,4q3ewBCX7sLwd24euuV69X,Bad Bunny,7,658368,0.021512676,8
2026-07-10,IT,25u1DN0MwQVSav4XoJS7hl,Olly,7,594862,0.019437569,9
2026-07-10,IT,4rj3KWaLAnuxgtMMkypZhf,Juli,8,699728,0.022864146,7
2026-07-10,IT,3hN3iJMbbBmqBSAMx5veDa,Ultimo,11,1039577,0.033968971,5
2026-07-10,IT,2K5nCggbhSZ00YCYP5qkZS,Shiva,12,1134499,0.037070619,4
2026-07-10,IT,23TFHmajVfBtlRx5MXqgoz,Sfera Ebbasta,19,1660994,0.054274245,3
2026-07-10,IT,7K80yOTC0Id95gRaOxDG5u,ANNA,20,3739038,0.122175916,1
2026-07-10,IT,27LlKWxS3KXW7RRAxN5S8s,Geolier,20,2061127,0.067348895,2
2026-06-13,IT,7FNnA9vBm6EKceENgCGRMb,Anitta,1,293094,0.009845117,20
2026-06-13,IT,6FtwCmLY6L1sqvjaQ2lV6G,Emis Killa,1,293094,0.009845117,20
2026-06-13,IT,0BjRnUqiITQwjqGtTeoxUS,DELIA,1,260555,0.008752122,27
2026-06-13,IT,5mTg1ztZByLRHsOEtwmT4G,Levante,1,260555,0.008752122,27
2026-06-13,IT,1cKyknhftNKXCjMBd2hDrG,DYSTINCT,1,232887,0.007822746,32
2026-06-13,IT,6PsQc21YZU7WNfiODG69Qk,Tony Boy,1,198729,0.006675368,34
2026-06-13,IT,51OKuyM4BiiYxFm8Mi6fa9,Mauvais djo,1,174713,0.005868663,36
2026-06-13,IT,6X5L6rmyvrWWu60Gx6exiZ,54 Ultra,1,166971,0.005608607,40
2026-06-13,IT,4p5WgeiPSPpqPDs7T6OkWf,ANOTR,1,166971,0.005608607,40
2026-06-13,IT,7a0XAaPaK2aDSqa8p3QnC7,Beéle,1,164428,0.005523187,41
2026-06-13,IT,3m5qlPf2OkihLz3dRYnkPA,Ovy On The Drums,1,164428,0.005523187,41
2026-06-13,IT,5uwa6tAMMfNbBFIHiI6NV4,W Sound,1,164428,0.005523187,41
2026-06-13,IT,1uNFoZAHBGtllmzznpCI3s,Justin Bieber,1,157962,0.005305992,44
2026-06-13,IT,0hCNtLu0JehylgoiP8L4Gh,Nicki Minaj,1,157962,0.005305992,44
2026-06-13,IT,7tmMPdOmFvdRvbj2aWoiRi,Jovanotti,1,143774,0.004829413,49
2026-06-13,IT,6HQ27YefiitrZ9YsWrgRHX,Fresh Beatz,1,119092,0.004000337,54
2026-06-13,IT,26toJml6wSdf58ZgNG0ci9,Dipinto,1,119092,0.004000337,54
2026-06-13,IT,1vgQksyJ0IVz8y9XerEOy3,Madame,1,119007,0.003997482,55
2026-06-13,IT,01XCyobLTxOrswogL7YNIu,Dibla,1,117355,0.00394199,56
2026-06-13,IT,0F3tUZeb9dLNEpxCpzEBQt,SOLTO (FR),1,115679,0.003885693,57
2026-06-13,IT,5PlfkPxwCpRRWQJBxCa0By,HUGEL,1,115679,0.003885693,57
2026-06-13,IT,7F2utINZ6tSokSiZTQBE27,Guè,1,110411,0.003708739,60
2026-06-13,IT,4Xsf5hhfIyhTgiVymlPLA7,22simba,1,110411,0.003708739,60
2026-06-13,IT,44DWomjW1oDuxIoBIRpmQ4,Rhove,1,110196,0.003701517,61
2026-06-13,IT,5mHUmlJWkcoOk1NbjfrXWz,Temper City,1,103553,0.003478377,62
2026-06-13,IT,3xGlLcG9CUrs5MvFkSLOS5,Marco Mengoni,1,99065,0.003327624,63
2026-06-13,IT,2DlGxzQSjYe5N6G9nkYghR,Jennifer Lopez,1,98186,0.003298098,64
2026-06-13,IT,1uZVxckdGGKhFMpCnupXmP,Los Pleneros de la Cresta,1,97979,0.003291145,65
2026-06-13,IT,2LRoIwlKmHjgvigdNGBHNo,Feid,1,97243,0.003266422,66
2026-06-13,IT,1c22GXH30ijlOfXhfLz9Df,Elvis Crespo,1,94228,0.003165147,67
2026-06-13,IT,5rRcnWrevHgbuWjl7Lhft7,Merk & Kremont,1,94093,0.003160613,68
2026-06-13,IT,72A0Z8q8NiochyK9gUHpCR,The Kolors,1,94093,0.003160613,68
2026-06-13,IT,2R21vXR83lH98kGeO99Y66,Anuel AA,1,90883,0.003052788,69
2026-06-13,IT,6USv9qhCn6zfxlBQIYJ9qs,Dominic Fike,1,88042,0.002957358,70
2026-06-13,IT,790FomKkXshlbRYZFtlgla,KAROL G,1,86960,0.002921013,71
2026-06-13,IT,4eq1q0o9XPyNq9RG3fNDD1,Yorghaki,1,83621,0.002808855,72
2026-06-13,IT,3DeOmVSmpv7WknXoo1OS8p,Alleh,1,83621,0.002808855,72
2026-06-13,IT,5H1nN1SzW0qNeUEZvuXjAj,Danny Ocean,1,79905,0.002684033,73
2026-06-13,IT,1AgAVqo74e2q4FVvg0xpT7,Tedua,1,78941,0.002651652,74
2026-06-13,IT,1HBjj22wzbscIZ9sEb5dyf,Jonas Blue,1,78394,0.002633279,75
2026-06-13,IT,5JsnFhU4OqgEtNXs7Sq1Vm,Malive,1,78394,0.002633279,75
2026-06-13,IT,7HtzacrJpksCiS6qHypb8l,Ditonellapiaga,1,77024,0.00258726,76
2026-06-13,IT,5FwDaIGy29GQC5d0MR7fKf,LDA,1,76549,0.002571304,77
2026-06-13,IT,0lQtBhjEJpoOroQS6fbWMc,Aka 7even,1,76549,0.002571304,77
2026-06-13,IT,1eBPcZCSWh1EAv0aOXusye,Higashi,1,76316,0.002563478,78
2026-06-13,IT,0EmeFodog0BfCgMzAIvKQp,Shakira,1,76224,0.002560388,79
2026-06-13,IT,3wcj11K77LjEY1PkEazffa,Burna Boy,1,76224,0.002560388,79
2026-06-13,IT,5p9HO3XC5P3BLxJs5Mtrhm,Djo,1,76057,0.002554778,80
2026-06-13,IT,2pzFTbri7ew8mW2CbYpCNq,Astro,1,74097,0.002488941,81
2026-06-13,IT,08ppjXEpROUgrG1X0DEquB,Nerissima Serpe,1,74097,0.002488941,81
2026-06-13,IT,2tIP7SsRs7vjIcLrU85W8J,The Kid LAROI,1,72560,0.002437313,82
2026-06-13,IT,05brE7yGJDmIYlMirfSi0B,Federica Abbate,1,71630,0.002406074,83
2026-06-13,IT,7krakxeyEmge6pzTthKNyg,The Bausa,1,71335,0.002396165,84
2026-06-13,IT,5bv5RplEOwdCvhq0EILh9E,Lucenzo,1,71106,0.002388472,85
2026-06-13,IT,33ScadVnbm2X8kkUqOkC6Z,Don Omar,1,71106,0.002388472,85
2026-06-13,IT,6RWMnZmXs8Ob715qLr4374,Aissa,1,70973,0.002384005,86
2026-06-13,IT,2CCgb0KApjfQDuTppovpf8,Rvfv,1,70973,0.002384005,86
2026-06-13,IT,7H8ZC8uHJMPZGLMApRRNIz,Ligabue,1,69818,0.002345208,87
2026-06-13,IT,2iK8weavvfS2xJCmzNzNE5,J-AX,1,69626,0.002338759,88
2026-06-13,IT,6U1dV7aL68N7Gb0Naq34V5,REI AMI,1,65456,0.002198687,89
2026-06-13,IT,2yNNYQBChuox9A5Ka93BIn,HUNTR/X,1,65456,0.002198687,89
2026-06-13,IT,0RMJOzHDhAKY1o2j0W0vxY,EJAE,1,65456,0.002198687,89
2026-06-13,IT,7mW7Tv7NvywKKXqafZo0Lc,KPop Demon Hunters Cast,1,65456,0.002198687,89
2026-06-13,IT,0Wwji82sLA0Hcvtuak3omb,AUDREY NUNA,1,65456,0.002198687,89
2026-06-13,IT,10exVja0key0uqUkk6LJRT,Vance Joy,1,64537,0.002167818,90
2026-06-13,IT,5KKpBU5eC2tJDzf0wmlRp2,RAYE,1,64481,0.002165937,91
2026-06-13,IT,0r310cYIlI5aMcuDTChNlO,Loretta Goggi,1,64468,0.0021655,92
2026-06-13,IT,5mZJerulcERBZV7xnhrVp1,Ryan Lewis,1,64458,0.002165164,93
2026-06-13,IT,3JhNCzhSMTxs9WLGJJxWOY,Macklemore,1,64458,0.002165164,93
2026-06-13,IT,5BcAKTbp20cv7tC5VqPFoC,Macklemore & Ryan Lewis,1,64458,0.002165164,93
2026-06-13,IT,4e0nWw2r4BoQSKPQ2zpU13,Ray Dalton,1,64458,0.002165164,93
2026-06-13,IT,2sil8z5kiy4r76CRTXxBCA,The Goo Goo Dolls,1,64399,0.002163182,94
2026-06-13,IT,2dAKW1tsAariQ0Ta2gqp8N,Gow Tribe,1,64176,0.002155692,95
2026-06-13,IT,5l4nhyz8876RhgE2d18h65,Vasco Rossi,1,64125,0.002153978,96
2026-06-13,IT,5NGO30tJxFlKixkPSgXcFE,The Police,1,63333,0.002127375,97
2026-06-13,IT,6wH6iStAh4KIaWfuhf0NYM,Manu Chao,1,63195,0.002122739,98
2026-06-13,IT,7h1amg0X7Q5d0D5KfuyKTg,Pyrex,1,61918,0.002079845,99
2026-06-13,IT,1Yj5Xey7kTwvZla8sqdsdE,Cris MJ,1,61907,0.002079475,100
2026-06-13,IT,7CvTknweLr9feJtRGrpDBy,FloyyMenor,1,61907,0.002079475,100
2026-06-13,IT,66CXWjxzNUsdJxJ2JdwvnR,Ariana Grande,1,61837,0.002077124,101
2026-06-13,IT,2cy1zPcrFcXAJTP0APWewL,Gente De Zona,1,61767,0.002074772,102
2026-06-13,IT,4wLXwxDeWQ8mtUIRPxGiD6,Marc Anthony,1,61767,0.002074772,102
2026-06-13,IT,7MdlXmq2HViAJWo9cf30sR,Cloonee,1,61435,0.002063621,103
2026-06-13,IT,6HabM2PUM519iIxervGWSb,Prospa,1,61435,0.002063621,103
2026-06-13,IT,6nVcHLIgY5pE2YCl8ubca1,JHAYCO,1,60720,0.002039603,104
2026-06-13,IT,07yfI2D37Ir0pGQ8huDd4j,TonyPitony,1,60097,0.002018677,105
2026-06-13,IT,7gjqZ8coFZimZDtdk04WP1,MACE,1,59614,0.002002453,106
2026-06-13,IT,30fnIb0InCgAp2IPY17nqd,RRARI DAL TACCO,1,59449,0.00199691,107
2026-06-13,IT,11TplWqOPQBTmg2eiSLt1m,Tiziano Ferro,1,59083,0.001984616,108
2026-06-13,IT,716NhGYqD1jl2wI1Qkgq36,Bizarrap,1,58439,0.001962984,109
2026-06-13,IT,1vyhD5VmyZ7KMfW5gqLgo5,J Balvin,1,58230,0.001955964,110
2026-06-13,IT,6YBgd2LKccEB3pX6UaW1Yp,Thegiornalisti,1,58212,0.001955359,111
2026-06-13,IT,2aya6KuqjXEhHBqYKsTPLs,Rose Villain,1,56609,0.001901514,112
2026-06-13,IT,056KMTw6IztdQjBmFfVyO3,Rkomi,1,55709,0.001871282,113
2026-06-13,IT,1Xylc3o4UrD53lo9CvFvVg,Zara Larsson,1,54678,0.001836651,114
2026-06-13,IT,1fctva4kpRbg2k3v7kwRuS,Rvssian,1,54360,0.001825969,115
2026-06-13,IT,6CKch2otN4SPznHf9ms5JF,Tony Effe,1,53426,0.001794596,116
2026-06-13,IT,2eFv7NVs8R6Go7msuqikeg,Pino Daniele,1,53209,0.001787307,117
2026-06-13,IT,6hkKbkZGvAXuvle2FhCnxy,Shablo,1,53036,0.001781496,118
2026-06-13,IT,2nftqfbLohpDYzY8VUlvbm,Benji & Fede,1,52734,0.001771351,119
2026-06-13,IT,6JhUHne9H09NdkTI5E9GSt,Dardust,1,52707,0.001770444,120
2026-06-13,IT,7KFOc3T4Xo8DVZt4PWw2qN,Gazzelle,1,52621,0.001767556,121
2026-06-13,IT,2PEMswqQspTSsAltdeF5kO,Simba La Rue,1,51998,0.001746629,122
2026-06-13,IT,3wDn3kW2zDRLnaQAnX0S3x,Dat Boi Dee,1,51933,0.001744445,123
2026-06-13,IT,0Yg29FX1M4ayqjXs0ttZFq,Young Cister,1,51816,0.001740515,124
2026-06-13,IT,250b0Wlc5Vk0CoUsaCY84M,JENNIE,1,51793,0.001739743,125
2026-06-13,IT,5INjqkS1o8h1imAzPqGZBb,Tame Impala,1,51793,0.001739743,125
2026-06-13,IT,2tOGpIgNsnDk6BxqFU2vCX,Il Ghost,1,51654,0.001735074,126
2026-06-13,IT,21E3waRsmPlU7jZsS13rcj,Ne-Yo,1,51423,0.001727314,127
2026-06-13,IT,1ruutHJcECI7cos2n5TqpO,Nayer,1,51423,0.001727314,127
2026-06-13,IT,4D75GcNG95ebPtNvoNVXhz,AFROJACK,1,51423,0.001727314,127
2026-06-13,IT,1TtXnWcUs0FCkaZDPGYHdf,Darell,1,51330,0.00172419,128
2026-06-13,IT,3RtNN1VnooWEn3KQk03DUL,Noriel,1,51330,0.00172419,128
2026-06-13,IT,0QrUbsrL5imqntAfDl8i7q,Fred De Palma,2,356243,0.011966312,15
2026-06-13,IT,38CThoTDmXugNnfonW466d,Jiz,2,353255,0.011865944,16
2026-06-13,IT,3hN3iJMbbBmqBSAMx5veDa,Ultimo,2,260756,0.008758874,26
2026-06-13,IT,7GacyaFUp0qkEJglERX9N7,Alfa,2,206969,0.006952152,33
2026-06-13,IT,47z0zz9ZMCn9GBiPRTn5Bc,Tommaso Paradiso,2,187616,0.006302079,35
2026-06-13,IT,1QeqGmpgU5Yg74GNcjIIq3,Fulminacci,2,173735,0.005835812,37
2026-06-13,IT,1A6HBLulvBFzNtlMb7b08f,Angelina Mango,2,168622,0.005664065,38
2026-06-13,IT,0gzwXezN4IUHAwLufA6YcX,Emma,2,167291,0.005619356,39
2026-06-13,IT,0EqkKYDK9EkKY5N7zU3FPv,Annalisa,2,161719,0.005432191,42
2026-06-13,IT,52iwsT98xCoGgiGntTiR7K,Quevedo,2,152667,0.005128131,45
2026-06-13,IT,0TnOYISbd1XYRBk9myaseg,Pitbull,2,149609,0.005025412,46
2026-06-13,IT,2aiM1OfMODFLUXaQgEVPK1,Roberto Ferrante,2,148923,0.005002369,47
2026-06-13,IT,1UjxAZqzphB1tsMb1aWBj0,Omega,2,148923,0.005002369,47
2026-06-13,IT,7cdIY4mDfM1dbjgl7s2fGR,Sal Da Vinci,2,145260,0.004879328,48
2026-06-13,IT,5iot8OPcosJN9nCl7I5SdK,Irama,2,138442,0.004650309,50
2026-06-13,IT,6bMul6rmRS03x38tWKYifO,883,2,132795,0.004460625,51
2026-06-13,IT,2oQX8QiMXOyuqbcZEFsZfm,El Alfa,2,123937,0.004163082,52
2026-06-13,IT,3g9MKjIP9xrMTY5Pbwr6Nk,Kreamly,2,122789,0.00412452,53
2026-06-13,IT,3AVx3OBPIk4pJQllAXoVs1,Gaia,2,113893,0.003825701,58
2026-06-13,IT,6FcVd3KlRxozcLl19FMXu9,Max Pezzali,2,113337,0.003807025,59
2026-06-13,IT,7108jelN43seqWILMvJwKi,Serena Brancale,3,406807,0.013664772,14
2026-06-13,IT,3fMbdgg4jU18AjLCKBhRSm,Michael Jackson,3,291944,0.009806489,21
2026-06-13,IT,3HAwumPgGOSXlZSyGWuLhB,Sayf,3,275871,0.009266592,24
2026-06-13,IT,0jdNdfi4vAuVi7a6cPDFBM,Lazza,3,246677,0.008285956,28
2026-06-13,IT,5AZuEF0feCXMkUCwQiQlW7,Marracash,3,244693,0.008219313,29
2026-06-13,IT,5dXlc7MnpaTeUIsHLVe3n4,Coez,3,243185,0.008168659,30
2026-06-13,IT,3fhMfkPPzksWuw0hEm4ldm,Ernia,3,235280,0.007903127,31
2026-06-13,IT,7GgpsUpkj3olseoaTY7TEY,Elodie,3,161079,0.005410693,43
2026-06-13,IT,2n0Ki4A5tKTEloq3WCt1IH,Samurai Jay,4,596322,0.020030639,9
2026-06-13,IT,2QJ1AReDewmz4fcRhGxW6Y,Vito Salamanca,4,596322,0.020030639,9
2026-06-13,IT,2ifTEcQqKSPwijIEcPHQ1R,Flatpearl,4,491432,0.016507352,12
2026-06-13,IT,1dlyjeDlgXalzt5oqbgWDs,G.Mineiro,4,491432,0.016507352,12
2026-06-13,IT,1l1A1U8VJM15W7zonFqKhg,Succo,4,491432,0.016507352,12
2026-06-13,IT,6RdcIWVKYYzNzjQRd3oyHS,Pinguini Tattici Nucleari,4,347140,0.011660539,17
2026-06-13,IT,0EUR8jz8L936AEbV2Spkca,Kid Yugi,4,313710,0.010537615,19
2026-06-13,IT,1McMsnEElThX1knmY4oliG,Olivia Rodrigo,4,290558,0.009759932,22
2026-06-13,IT,3yiEJ9SByXZMXTwaKdVFN4,Luchè,4,286070,0.009609179,23
2026-06-13,IT,5SulO4l40qDuV9zUGLZx7n,Capo Plaza,4,268597,0.009022256,25
2026-06-13,IT,2R4kNOwHUUsuDYhKsESVbF,Artie 5ive,5,815695,0.027399445,5
2026-06-13,IT,7K80yOTC0Id95gRaOxDG5u,ANNA,5,579941,0.019480396,10
2026-06-13,IT,3LvwPiJQJ0da0GurKMToV0,Baby Gang,5,315724,0.010605266,18
2026-06-13,IT,7FeObngbQ0GY3SojNwKdKn,Bresh,6,597304,0.020063625,8
2026-06-13,IT,396Jr76018oUMR6QBnqT8T,Cesare Cremonini,6,503307,0.016906237,11
2026-06-13,IT,25u1DN0MwQVSav4XoJS7hl,Olly,6,487423,0.016372688,13
2026-06-13,IT,0lI3rF4hi4op6UxqlLHPzv,Achille Lauro,7,605163,0.020327611,6
2026-06-13,IT,4rj3KWaLAnuxgtMMkypZhf,Juli,7,600299,0.020164228,7
2026-06-13,IT,4q3ewBCX7sLwd24euuV69X,Bad Bunny,9,911303,0.030610948,4
2026-06-13,IT,2K5nCggbhSZ00YCYP5qkZS,Shiva,14,1493682,0.050173237,2
2026-06-13,IT,23TFHmajVfBtlRx5MXqgoz,Sfera Ebbasta,14,1332606,0.044762645,3
2026-06-13,IT,27LlKWxS3KXW7RRAxN5S8s,Geolier,17,1663128,0.05586498,1
2026-06-28,IT,7FNnA9vBm6EKceENgCGRMb,Anitta,1,251496,0.009847124,20
2026-06-28,IT,6FtwCmLY6L1sqvjaQ2lV6G,Emis Killa,1,251496,0.009847124,20
2026-06-28,IT,0BjRnUqiITQwjqGtTeoxUS,DELIA,1,223838,0.008764197,24
2026-06-28,IT,5mTg1ztZByLRHsOEtwmT4G,Levante,1,223838,0.008764197,24
2026-06-28,IT,1cKyknhftNKXCjMBd2hDrG,DYSTINCT,1,196011,0.007674653,30
2026-06-28,IT,4p5WgeiPSPpqPDs7T6OkWf,ANOTR,1,132450,0.005185973,43
2026-06-28,IT,6X5L6rmyvrWWu60Gx6exiZ,54 Ultra,1,132450,0.005185973,43
2026-06-28,IT,3m5qlPf2OkihLz3dRYnkPA,Ovy On The Drums,1,129481,0.005069725,45
2026-06-28,IT,5uwa6tAMMfNbBFIHiI6NV4,W Sound,1,129481,0.005069725,45
2026-06-28,IT,7a0XAaPaK2aDSqa8p3QnC7,Beéle,1,129481,0.005069725,45
2026-06-28,IT,0EmeFodog0BfCgMzAIvKQp,Shakira,1,126328,0.004946271,46
2026-06-28,IT,3wcj11K77LjEY1PkEazffa,Burna Boy,1,126328,0.004946271,46
2026-06-28,IT,0hCNtLu0JehylgoiP8L4Gh,Nicki Minaj,1,121908,0.00477321,47
2026-06-28,IT,1uNFoZAHBGtllmzznpCI3s,Justin Bieber,1,121908,0.00477321,47
2026-06-28,IT,7tmMPdOmFvdRvbj2aWoiRi,Jovanotti,1,120279,0.004709428,49
2026-06-28,IT,0F3tUZeb9dLNEpxCpzEBQt,SOLTO (FR),1,112840,0.00441816,51
2026-06-28,IT,1c22GXH30ijlOfXhfLz9Df,Elvis Crespo,1,108571,0.00425101,53
2026-06-28,IT,6PsQc21YZU7WNfiODG69Qk,Tony Boy,1,107202,0.004197408,54
2026-06-28,IT,5iot8OPcosJN9nCl7I5SdK,Irama,1,101039,0.003956101,56
2026-06-28,IT,3xGlLcG9CUrs5MvFkSLOS5,Marco Mengoni,1,100952,0.003952695,57
2026-06-28,IT,2R21vXR83lH98kGeO99Y66,Anuel AA,1,95758,0.003749328,63
2026-06-28,IT,5mHUmlJWkcoOk1NbjfrXWz,Temper City,1,94842,0.003713462,64
2026-06-28,IT,01XCyobLTxOrswogL7YNIu,Dibla,1,83666,0.003275875,66
2026-06-28,IT,1uZVxckdGGKhFMpCnupXmP,Los Pleneros de la Cresta,1,79550,0.003114716,67
2026-06-28,IT,5rRcnWrevHgbuWjl7Lhft7,Merk & Kremont,1,78666,0.003080104,68
2026-06-28,IT,72A0Z8q8NiochyK9gUHpCR,The Kolors,1,78666,0.003080104,68
2026-06-28,IT,7krakxeyEmge6pzTthKNyg,The Bausa,1,71278,0.002790833,69
2026-06-28,IT,790FomKkXshlbRYZFtlgla,KAROL G,1,67916,0.002659196,70
2026-06-28,IT,1HBjj22wzbscIZ9sEb5dyf,Jonas Blue,1,67369,0.002637779,71
2026-06-28,IT,5JsnFhU4OqgEtNXs7Sq1Vm,Malive,1,67369,0.002637779,71
2026-06-28,IT,6USv9qhCn6zfxlBQIYJ9qs,Dominic Fike,1,66196,0.002591851,72
2026-06-28,IT,6RWMnZmXs8Ob715qLr4374,Aissa,1,65562,0.002567027,73
2026-06-28,IT,2CCgb0KApjfQDuTppovpf8,Rvfv,1,65562,0.002567027,73
2026-06-28,IT,3g9MKjIP9xrMTY5Pbwr6Nk,Kreamly,1,65562,0.002567027,73
2026-06-28,IT,2DlGxzQSjYe5N6G9nkYghR,Jennifer Lopez,1,64574,0.002528343,74
2026-06-28,IT,0TnOYISbd1XYRBk9myaseg,Pitbull,1,64574,0.002528343,74
2026-06-28,IT,4eq1q0o9XPyNq9RG3fNDD1,Yorghaki,1,64122,0.002510645,75
2026-06-28,IT,3DeOmVSmpv7WknXoo1OS8p,Alleh,1,64122,0.002510645,75
2026-06-28,IT,2eFv7NVs8R6Go7msuqikeg,Pino Daniele,1,63895,0.002501757,76
2026-06-28,IT,5p9HO3XC5P3BLxJs5Mtrhm,Djo,1,63396,0.002482219,77
2026-06-28,IT,6JhUHne9H09NdkTI5E9GSt,Dardust,1,62792,0.00245857,78
2026-06-28,IT,2LRoIwlKmHjgvigdNGBHNo,Feid,1,62121,0.002432298,79
2026-06-28,IT,2sil8z5kiy4r76CRTXxBCA,The Goo Goo Dolls,1,61146,0.002394123,80
2026-06-28,IT,05brE7yGJDmIYlMirfSi0B,Federica Abbate,1,60967,0.002387114,81
2026-06-28,IT,1eBPcZCSWh1EAv0aOXusye,Higashi,1,60834,0.002381906,82
2026-06-28,IT,5H1nN1SzW0qNeUEZvuXjAj,Danny Ocean,1,60173,0.002356026,83
2026-06-28,IT,5bv5RplEOwdCvhq0EILh9E,Lucenzo,1,59534,0.002331006,84
2026-06-28,IT,33ScadVnbm2X8kkUqOkC6Z,Don Omar,1,59534,0.002331006,84
2026-06-28,IT,5NGO30tJxFlKixkPSgXcFE,The Police,1,59410,0.002326151,85
2026-06-28,IT,6hkKbkZGvAXuvle2FhCnxy,Shablo,1,59284,0.002321217,86
2026-06-28,IT,2oQX8QiMXOyuqbcZEFsZfm,El Alfa,1,58941,0.002307788,87
2026-06-28,IT,5FwDaIGy29GQC5d0MR7fKf,LDA,1,58202,0.002278853,88
2026-06-28,IT,0lQtBhjEJpoOroQS6fbWMc,Aka 7even,1,58202,0.002278853,88
2026-06-28,IT,2iK8weavvfS2xJCmzNzNE5,J-AX,1,57733,0.002260489,89
2026-06-28,IT,2DaxqgrOhkeH0fpeiQq2f4,Oasis,1,57609,0.002255634,90
2026-06-28,IT,2jnjbAYKylrmBMCFZE0OCK,Poison Beatz,1,56182,0.002199761,91
2026-06-28,IT,7HtzacrJpksCiS6qHypb8l,Ditonellapiaga,1,54768,0.002144397,92
2026-06-28,IT,3q7HBObVc0L8jNeTe5Gofh,50 Cent,1,53956,0.002112604,93
2026-06-28,IT,7h1amg0X7Q5d0D5KfuyKTg,Pyrex,1,52343,0.002049448,94
2026-06-28,IT,10exVja0key0uqUkk6LJRT,Vance Joy,1,52246,0.00204565,95
2026-06-28,IT,7MdlXmq2HViAJWo9cf30sR,Cloonee,1,52201,0.002043888,96
2026-06-28,IT,6HabM2PUM519iIxervGWSb,Prospa,1,52201,0.002043888,96
2026-06-28,IT,7mW7Tv7NvywKKXqafZo0Lc,KPop Demon Hunters Cast,1,50856,0.001991226,97
2026-06-28,IT,2yNNYQBChuox9A5Ka93BIn,HUNTR/X,1,50856,0.001991226,97
2026-06-28,IT,6U1dV7aL68N7Gb0Naq34V5,REI AMI,1,50856,0.001991226,97
2026-06-28,IT,0Wwji82sLA0Hcvtuak3omb,AUDREY NUNA,1,50856,0.001991226,97
2026-06-28,IT,0RMJOzHDhAKY1o2j0W0vxY,EJAE,1,50856,0.001991226,97
2026-06-28,IT,0r310cYIlI5aMcuDTChNlO,Loretta Goggi,1,50753,0.001987193,98
2026-06-28,IT,2dAKW1tsAariQ0Ta2gqp8N,Gow Tribe,1,50344,0.001971179,99
2026-06-28,IT,716NhGYqD1jl2wI1Qkgq36,Bizarrap,1,50282,0.001968751,100
2026-06-28,IT,6wH6iStAh4KIaWfuhf0NYM,Manu Chao,1,49831,0.001951093,101
2026-06-28,IT,7gjqZ8coFZimZDtdk04WP1,MACE,1,49687,0.001945455,102
2026-06-28,IT,6CKch2otN4SPznHf9ms5JF,Tony Effe,1,49176,0.001925447,103
2026-06-28,IT,7CvTknweLr9feJtRGrpDBy,FloyyMenor,1,49098,0.001922393,104
2026-06-28,IT,1Yj5Xey7kTwvZla8sqdsdE,Cris MJ,1,49098,0.001922393,104
2026-06-28,IT,2PEMswqQspTSsAltdeF5kO,Simba La Rue,1,48942,0.001916285,105
2026-06-28,IT,4VmOlyJsnQB93ZIGMO2XWo,Madfingerz,1,48460,0.001897412,106
2026-06-28,IT,3bf7Y2it29DeOjXpIibCOe,Zero Assoluto,1,47697,0.001867538,107
2026-06-28,IT,5BcAKTbp20cv7tC5VqPFoC,Macklemore & Ryan Lewis,1,47690,0.001867264,108
2026-06-28,IT,3JhNCzhSMTxs9WLGJJxWOY,Macklemore,1,47690,0.001867264,108
2026-06-28,IT,4e0nWw2r4BoQSKPQ2zpU13,Ray Dalton,1,47690,0.001867264,108
2026-06-28,IT,5mZJerulcERBZV7xnhrVp1,Ryan Lewis,1,47690,0.001867264,108
2026-06-28,IT,2cy1zPcrFcXAJTP0APWewL,Gente De Zona,1,47469,0.001858611,109
2026-06-28,IT,4wLXwxDeWQ8mtUIRPxGiD6,Marc Anthony,1,47469,0.001858611,109
2026-06-28,IT,056KMTw6IztdQjBmFfVyO3,Rkomi,1,47388,0.001855439,110
2026-06-28,IT,17yREPqyU875WJnX9U082A,Imael Angel,1,47286,0.001851445,111
2026-06-28,IT,1cK2Abwkni7m51wJCSGllN,Ultra Naté,1,47286,0.001851445,111
2026-06-28,IT,07yfI2D37Ir0pGQ8huDd4j,TonyPitony,1,47274,0.001850976,112
2026-06-28,IT,7H8ZC8uHJMPZGLMApRRNIz,Ligabue,1,47258,0.001850349,113
2026-06-28,IT,2nftqfbLohpDYzY8VUlvbm,Benji & Fede,1,47180,0.001847295,114
2026-06-28,IT,1fctva4kpRbg2k3v7kwRuS,Rvssian,1,46755,0.001830654,115
2026-06-28,IT,4G9NDjRyZFDlJKMRL8hx3S,sombr,1,46747,0.001830341,116
2026-06-28,IT,4Xsf5hhfIyhTgiVymlPLA7,22simba,1,46561,0.001823059,117
2026-06-28,IT,7F2utINZ6tSokSiZTQBE27,Guè,1,46561,0.001823059,117
2026-06-28,IT,5l4nhyz8876RhgE2d18h65,Vasco Rossi,1,46183,0.001808258,118
2026-06-28,IT,7u710e44HW3K7A5eTnRqHC,Fabri Fibra,1,46077,0.001804108,119
2026-06-28,IT,5KKpBU5eC2tJDzf0wmlRp2,RAYE,1,45954,0.001799292,120
2026-06-28,IT,7KFOc3T4Xo8DVZt4PWw2qN,Gazzelle,1,45839,0.001794789,121
2026-06-28,IT,1vyhD5VmyZ7KMfW5gqLgo5,J Balvin,1,45497,0.001781399,122
2026-06-28,IT,1McMsnEElThX1knmY4oliG,Olivia Rodrigo,1,45337,0.001775134,123
2026-06-28,IT,6FPxOArEPVZUDv925qq8IQ,CLARA,1,45173,0.001768713,124
2026-06-28,IT,7dL0nOHwnSAsNAwpkPSGWP,sangiovanni,1,45173,0.001768713,124
2026-06-28,IT,08ppjXEpROUgrG1X0DEquB,Nerissima Serpe,1,44725,0.001751171,125
2026-06-28,IT,2pzFTbri7ew8mW2CbYpCNq,Astro,1,44725,0.001751171,125
2026-06-28,IT,6nVcHLIgY5pE2YCl8ubca1,JHAYCO,1,44608,0.00174659,126
2026-06-28,IT,7hQmAXAzWI6D350VTgkKTG,Arash,1,44495,0.001742166,127
2026-06-28,IT,1IFAU4mznUcfPVP9z2c24N,Daecolm,1,44495,0.001742166,127
2026-06-28,IT,0u6GtibW46tFX7koQ6uNJZ,Topic,1,44495,0.001742166,127
2026-06-28,IT,7108jelN43seqWILMvJwKi,Serena Brancale,2,302504,0.011844301,14
2026-06-28,IT,0QrUbsrL5imqntAfDl8i7q,Fred De Palma,2,300481,0.011765092,15
2026-06-28,IT,38CThoTDmXugNnfonW466d,Jiz,2,246458,0.009649865,21
2026-06-28,IT,51OKuyM4BiiYxFm8Mi6fa9,Mauvais djo,2,212533,0.008321559,26
2026-06-28,IT,6HQ27YefiitrZ9YsWrgRHX,Fresh Beatz,2,190343,0.007452727,31
2026-06-28,IT,26toJml6wSdf58ZgNG0ci9,Dipinto,2,190343,0.007452727,31
2026-06-28,IT,5AZuEF0feCXMkUCwQiQlW7,Marracash,2,171789,0.00672626,33
2026-06-28,IT,1A6HBLulvBFzNtlMb7b08f,Angelina Mango,2,171353,0.006709189,34
2026-06-28,IT,1vgQksyJ0IVz8y9XerEOy3,Madame,2,170416,0.006672502,36
2026-06-28,IT,7GacyaFUp0qkEJglERX9N7,Alfa,2,170110,0.006660521,37
2026-06-28,IT,3fMbdgg4jU18AjLCKBhRSm,Michael Jackson,2,165966,0.006498266,38
2026-06-28,IT,52iwsT98xCoGgiGntTiR7K,Quevedo,2,158853,0.006219762,40
2026-06-28,IT,1QeqGmpgU5Yg74GNcjIIq3,Fulminacci,2,152918,0.005987382,41
2026-06-28,IT,0jdNdfi4vAuVi7a6cPDFBM,Lazza,2,145643,0.005702535,42
2026-06-28,IT,0EqkKYDK9EkKY5N7zU3FPv,Annalisa,2,131168,0.005135778,44
2026-06-28,IT,44DWomjW1oDuxIoBIRpmQ4,Rhove,2,120918,0.004734447,48
2026-06-28,IT,2aiM1OfMODFLUXaQgEVPK1,Roberto Ferrante,2,119775,0.004689694,50
2026-06-28,IT,1UjxAZqzphB1tsMb1aWBj0,Omega,2,119775,0.004689694,50
2026-06-28,IT,3AVx3OBPIk4pJQllAXoVs1,Gaia,2,111820,0.004378222,52
2026-06-28,IT,7cdIY4mDfM1dbjgl7s2fGR,Sal Da Vinci,2,105062,0.004113618,55
2026-06-28,IT,76UCIJTB0jcJvBaL0CdIqx,Takagi & Ketra,2,100140,0.003920901,58
2026-06-28,IT,3wDn3kW2zDRLnaQAnX0S3x,Dat Boi Dee,2,99061,0.003878654,59
2026-06-28,IT,6FcVd3KlRxozcLl19FMXu9,Max Pezzali,2,97895,0.003833,60
2026-06-28,IT,6YBgd2LKccEB3pX6UaW1Yp,Thegiornalisti,2,97163,0.003804339,61
2026-06-28,IT,7GgpsUpkj3olseoaTY7TEY,Elodie,2,96832,0.003791379,62
2026-06-28,IT,1AgAVqo74e2q4FVvg0xpT7,Tedua,2,94496,0.003699915,65
2026-06-28,IT,2n0Ki4A5tKTEloq3WCt1IH,Samurai Jay,3,441789,0.017297894,10
2026-06-28,IT,2QJ1AReDewmz4fcRhGxW6Y,Vito Salamanca,3,441789,0.017297894,10
2026-06-28,IT,1dlyjeDlgXalzt5oqbgWDs,G.Mineiro,3,292589,0.011456087,16
2026-06-28,IT,1l1A1U8VJM15W7zonFqKhg,Succo,3,292589,0.011456087,16
2026-06-28,IT,2ifTEcQqKSPwijIEcPHQ1R,Flatpearl,3,292589,0.011456087,16
2026-06-28,IT,6RdcIWVKYYzNzjQRd3oyHS,Pinguini Tattici Nucleari,3,260949,0.010217249,19
2026-06-28,IT,3HAwumPgGOSXlZSyGWuLhB,Sayf,3,213873,0.008374026,25
2026-06-28,IT,5PlfkPxwCpRRWQJBxCa0By,HUGEL,3,204621,0.008011771,27
2026-06-28,IT,5dXlc7MnpaTeUIsHLVe3n4,Coez,3,197908,0.007748929,28
2026-06-28,IT,47z0zz9ZMCn9GBiPRTn5Bc,Tommaso Paradiso,3,196286,0.007685421,29
2026-06-28,IT,0gzwXezN4IUHAwLufA6YcX,Emma,3,190124,0.007444153,32
2026-06-28,IT,5SulO4l40qDuV9zUGLZx7n,Capo Plaza,3,171270,0.006705939,35
2026-06-28,IT,6bMul6rmRS03x38tWKYifO,883,3,164540,0.006442432,39
2026-06-28,IT,396Jr76018oUMR6QBnqT8T,Cesare Cremonini,4,266416,0.010431305,17
2026-06-28,IT,3fhMfkPPzksWuw0hEm4ldm,Ernia,4,245684,0.00961956,22
2026-06-28,IT,3yiEJ9SByXZMXTwaKdVFN4,Luchè,4,237326,0.009292309,23
2026-06-28,IT,2R4kNOwHUUsuDYhKsESVbF,Artie 5ive,5,601170,0.023538329,8
2026-06-28,IT,3hN3iJMbbBmqBSAMx5veDa,Ultimo,5,394618,0.015450951,13
2026-06-28,IT,3LvwPiJQJ0da0GurKMToV0,Baby Gang,5,262234,0.010267562,18
2026-06-28,IT,7K80yOTC0Id95gRaOxDG5u,ANNA,6,658485,0.025782452,5
2026-06-28,IT,7FeObngbQ0GY3SojNwKdKn,Bresh,6,465192,0.018214219,9
2026-06-28,IT,0lI3rF4hi4op6UxqlLHPzv,Achille Lauro,6,413306,0.016182665,12
2026-06-28,IT,0EUR8jz8L936AEbV2Spkca,Kid Yugi,7,415395,0.016264458,11
2026-06-28,IT,4q3ewBCX7sLwd24euuV69X,Bad Bunny,8,653391,0.025583,6
2026-06-28,IT,25u1DN0MwQVSav4XoJS7hl,Olly,9,640460,0.025076697,7
2026-06-28,IT,4rj3KWaLAnuxgtMMkypZhf,Juli,10,724092,0.028351241,4
2026-06-28,IT,2K5nCggbhSZ00YCYP5qkZS,Shiva,11,1047929,0.041030819,3
2026-06-28,IT,23TFHmajVfBtlRx5MXqgoz,Sfera Ebbasta,15,1242197,0.048637226,2
2026-06-28,IT,27LlKWxS3KXW7RRAxN5S8s,Geolier,23,2030601,0.079506552,1
2026-07-18,IT,7FNnA9vBm6EKceENgCGRMb,Anitta,1,240758,0.008266655,23
2026-07-18,IT,6FtwCmLY6L1sqvjaQ2lV6G,Emis Killa,1,240758,0.008266655,23
2026-07-18,IT,0BjRnUqiITQwjqGtTeoxUS,DELIA,1,205381,0.007051952,30
2026-07-18,IT,5mTg1ztZByLRHsOEtwmT4G,Levante,1,205381,0.007051952,30
2026-07-18,IT,1cKyknhftNKXCjMBd2hDrG,DYSTINCT,1,202065,0.006938094,32
2026-07-18,IT,0EmeFodog0BfCgMzAIvKQp,Shakira,1,178022,0.006112555,34
2026-07-18,IT,3wcj11K77LjEY1PkEazffa,Burna Boy,1,178022,0.006112555,34
2026-07-18,IT,4p5WgeiPSPpqPDs7T6OkWf,ANOTR,1,166505,0.005717108,37
2026-07-18,IT,6X5L6rmyvrWWu60Gx6exiZ,54 Ultra,1,166505,0.005717108,37
2026-07-18,IT,1uZVxckdGGKhFMpCnupXmP,Los Pleneros de la Cresta,1,164679,0.00565441,39
2026-07-18,IT,7a0XAaPaK2aDSqa8p3QnC7,Beéle,1,160161,0.00549928,41
2026-07-18,IT,3m5qlPf2OkihLz3dRYnkPA,Ovy On The Drums,1,160161,0.00549928,41
2026-07-18,IT,5uwa6tAMMfNbBFIHiI6NV4,W Sound,1,160161,0.00549928,41
2026-07-18,IT,3xGlLcG9CUrs5MvFkSLOS5,Marco Mengoni,1,158155,0.005430403,43
2026-07-18,IT,1c22GXH30ijlOfXhfLz9Df,Elvis Crespo,1,147169,0.005053188,46
2026-07-18,IT,5iot8OPcosJN9nCl7I5SdK,Irama,1,140933,0.004839069,48
2026-07-18,IT,0F3tUZeb9dLNEpxCpzEBQt,SOLTO (FR),1,140518,0.004824819,49
2026-07-18,IT,7tmMPdOmFvdRvbj2aWoiRi,Jovanotti,1,124880,0.004287874,53
2026-07-18,IT,1cK2Abwkni7m51wJCSGllN,Ultra Naté,1,121941,0.00418696,54
2026-07-18,IT,17yREPqyU875WJnX9U082A,Imael Angel,1,121941,0.00418696,54
2026-07-18,IT,1uNFoZAHBGtllmzznpCI3s,Justin Bieber,1,121198,0.004161449,55
2026-07-18,IT,0hCNtLu0JehylgoiP8L4Gh,Nicki Minaj,1,121198,0.004161449,55
2026-07-18,IT,5Otk4eRecMMbC5YR4Iliou,Le-one,1,103672,0.003559677,58
2026-07-18,IT,7krakxeyEmge6pzTthKNyg,The Bausa,1,98373,0.003377731,59
2026-07-18,IT,6PsQc21YZU7WNfiODG69Qk,Tony Boy,1,93859,0.003222738,60
2026-07-18,IT,0jdNdfi4vAuVi7a6cPDFBM,Lazza,1,90402,0.003104039,61
2026-07-18,IT,3g9MKjIP9xrMTY5Pbwr6Nk,Kreamly,1,89598,0.003076433,62
2026-07-18,IT,2CCgb0KApjfQDuTppovpf8,Rvfv,1,89598,0.003076433,62
2026-07-18,IT,6RWMnZmXs8Ob715qLr4374,Aissa,1,89598,0.003076433,62
2026-07-18,IT,5mHUmlJWkcoOk1NbjfrXWz,Temper City,1,88277,0.003031075,63
2026-07-18,IT,01XCyobLTxOrswogL7YNIu,Dibla,1,87035,0.00298843,64
2026-07-18,IT,1vyhD5VmyZ7KMfW5gqLgo5,J Balvin,1,85420,0.002932977,65
2026-07-18,IT,6nVcHLIgY5pE2YCl8ubca1,JHAYCO,1,81608,0.002802088,66
2026-07-18,IT,1HBjj22wzbscIZ9sEb5dyf,Jonas Blue,1,81487,0.002797934,67
2026-07-18,IT,5JsnFhU4OqgEtNXs7Sq1Vm,Malive,1,81487,0.002797934,67
2026-07-18,IT,72A0Z8q8NiochyK9gUHpCR,The Kolors,1,81331,0.002792577,68
2026-07-18,IT,5rRcnWrevHgbuWjl7Lhft7,Merk & Kremont,1,81331,0.002792577,68
2026-07-18,IT,3DeOmVSmpv7WknXoo1OS8p,Alleh,1,80222,0.002754499,69
2026-07-18,IT,4eq1q0o9XPyNq9RG3fNDD1,Yorghaki,1,80222,0.002754499,69
2026-07-18,IT,2sil8z5kiy4r76CRTXxBCA,The Goo Goo Dolls,1,79209,0.002719716,70
2026-07-18,IT,790FomKkXshlbRYZFtlgla,KAROL G,1,77733,0.002669037,71
2026-07-18,IT,2R21vXR83lH98kGeO99Y66,Anuel AA,1,77454,0.002659457,72
2026-07-18,IT,2LRoIwlKmHjgvigdNGBHNo,Feid,1,77368,0.002656504,73
2026-07-18,IT,1EbIfIjVcauDatNO4vagL1,Sybil,1,76504,0.002626838,74
2026-07-18,IT,6HabM2PUM519iIxervGWSb,Prospa,1,76504,0.002626838,74
2026-07-18,IT,7MdlXmq2HViAJWo9cf30sR,Cloonee,1,76504,0.002626838,74
2026-07-18,IT,2YRyPiW98bpkARAS4B3OQP,Dei V,1,71310,0.002448497,75
2026-07-18,IT,3E12tRURRvPfHz0hAMCFYc,Omar Courtz,1,71310,0.002448497,75
2026-07-18,IT,5H1nN1SzW0qNeUEZvuXjAj,Danny Ocean,1,70811,0.002431363,76
2026-07-18,IT,7cdIY4mDfM1dbjgl7s2fGR,Sal Da Vinci,1,70786,0.002430505,77
2026-07-18,IT,1Yj5Xey7kTwvZla8sqdsdE,Cris MJ,1,69859,0.002398675,78
2026-07-18,IT,7CvTknweLr9feJtRGrpDBy,FloyyMenor,1,69859,0.002398675,78
2026-07-18,IT,44DWomjW1oDuxIoBIRpmQ4,Rhove,1,69351,0.002381233,79
2026-07-18,IT,6USv9qhCn6zfxlBQIYJ9qs,Dominic Fike,1,68340,0.002346519,80
2026-07-18,IT,2oQX8QiMXOyuqbcZEFsZfm,El Alfa,1,66972,0.002299547,81
2026-07-18,IT,6bMul6rmRS03x38tWKYifO,883,1,66062,0.002268302,82
2026-07-18,IT,0r310cYIlI5aMcuDTChNlO,Loretta Goggi,1,65256,0.002240627,83
2026-07-18,IT,2DlGxzQSjYe5N6G9nkYghR,Jennifer Lopez,1,64974,0.002230944,84
2026-07-18,IT,0TnOYISbd1XYRBk9myaseg,Pitbull,1,64974,0.002230944,84
2026-07-18,IT,7u710e44HW3K7A5eTnRqHC,Fabri Fibra,1,63512,0.002180745,85
2026-07-18,IT,5p9HO3XC5P3BLxJs5Mtrhm,Djo,1,63197,0.002169929,86
2026-07-18,IT,10exVja0key0uqUkk6LJRT,Vance Joy,1,62972,0.002162204,87
2026-07-18,IT,1yq9UuPp5DIb5w6eswGbKV,Adriano Celentano,1,62559,0.002148023,88
2026-07-18,IT,6wF1Cz760dpdbX9RJIDpQW,Chuwi,1,62170,0.002134666,89
2026-07-18,IT,0fTSzq9jAh4c36UVb4V7CB,Alex Warren,1,62016,0.002129378,90
2026-07-18,IT,3AVx3OBPIk4pJQllAXoVs1,Gaia,1,61762,0.002120657,91
2026-07-18,IT,5NGO30tJxFlKixkPSgXcFE,The Police,1,61229,0.002102356,92
2026-07-18,IT,6JhUHne9H09NdkTI5E9GSt,Dardust,1,61009,0.002094802,93
2026-07-18,IT,0du5cEVh5yTK9QJze8zA0C,Bruno Mars,1,60995,0.002094321,94
2026-07-18,IT,7H8ZC8uHJMPZGLMApRRNIz,Ligabue,1,60018,0.002060775,95
2026-07-18,IT,05brE7yGJDmIYlMirfSi0B,Federica Abbate,1,59793,0.00205305,96
2026-07-18,IT,1mcTU81TzQhprhouKaTkpq,Rauw Alejandro,1,59015,0.002026336,97
2026-07-18,IT,716NhGYqD1jl2wI1Qkgq36,Bizarrap,1,58550,0.00201037,98
2026-07-18,IT,5n9bMYfz9qss2VOW89EVs2,Bomba Estéreo,1,58454,0.002007074,99
2026-07-18,IT,4wLXwxDeWQ8mtUIRPxGiD6,Marc Anthony,1,58089,0.001994541,100
2026-07-18,IT,2cy1zPcrFcXAJTP0APWewL,Gente De Zona,1,58089,0.001994541,100
2026-07-18,IT,7gjqZ8coFZimZDtdk04WP1,MACE,1,57954,0.001989906,101
2026-07-18,IT,5FwDaIGy29GQC5d0MR7fKf,LDA,1,56954,0.00195557,102
2026-07-18,IT,0lQtBhjEJpoOroQS6fbWMc,Aka 7even,1,56954,0.00195557,102
2026-07-18,IT,6YBgd2LKccEB3pX6UaW1Yp,Thegiornalisti,1,56595,0.001943243,103
2026-07-18,IT,7GgpsUpkj3olseoaTY7TEY,Elodie,1,56533,0.001941114,104
2026-07-18,IT,33ScadVnbm2X8kkUqOkC6Z,Don Omar,1,56504,0.001940119,105
2026-07-18,IT,5bv5RplEOwdCvhq0EILh9E,Lucenzo,1,56504,0.001940119,105
2026-07-18,IT,3JhNCzhSMTxs9WLGJJxWOY,Macklemore,1,56196,0.001929543,106
2026-07-18,IT,4e0nWw2r4BoQSKPQ2zpU13,Ray Dalton,1,56196,0.001929543,106
2026-07-18,IT,5BcAKTbp20cv7tC5VqPFoC,Macklemore & Ryan Lewis,1,56196,0.001929543,106
2026-07-18,IT,5mZJerulcERBZV7xnhrVp1,Ryan Lewis,1,56196,0.001929543,106
2026-07-18,IT,7zPS3i8YJBNeDcqXUHfCMr,AVA,1,55411,0.001902589,107
2026-07-18,IT,3o7fC2O4nraaicpID6bBZW,Elettra Lamborghini,1,54454,0.00186973,108
2026-07-18,IT,7HtzacrJpksCiS6qHypb8l,Ditonellapiaga,1,54408,0.00186815,109
2026-07-18,IT,2eFv7NVs8R6Go7msuqikeg,Pino Daniele,1,54379,0.001867155,110
2026-07-18,IT,3wDn3kW2zDRLnaQAnX0S3x,Dat Boi Dee,1,54269,0.001863378,111
2026-07-18,IT,2dAKW1tsAariQ0Ta2gqp8N,Gow Tribe,1,54240,0.001862382,112
2026-07-18,IT,2i04Yoaa4wV8J75w8aPX1G,Kano Choir,1,54221,0.00186173,113
2026-07-18,IT,4xhEhRE75hHgXMeNeeTTsx,Nino D'Angelo,1,54150,0.001859292,114
2026-07-18,IT,25x6MD0spNNS7z93Sat30K,Arisa,1,54150,0.001859292,114
2026-07-18,IT,35orQw8LgQn7KOFjzCyY7E,Fabio Rovazzi,1,54150,0.001859292,114
2026-07-18,IT,5KKpBU5eC2tJDzf0wmlRp2,RAYE,1,53436,0.001834776,115
2026-07-18,IT,2jnjbAYKylrmBMCFZE0OCK,Poison Beatz,1,53108,0.001823514,116
2026-07-18,IT,6wH6iStAh4KIaWfuhf0NYM,Manu Chao,1,52740,0.001810878,117
2026-07-18,IT,0tmwSHipWxN12fsoLcFU3B,Manuel Turizo,1,52646,0.001807651,118
2026-07-18,IT,0RMJOzHDhAKY1o2j0W0vxY,EJAE,1,52206,0.001792543,119
2026-07-18,IT,6U1dV7aL68N7Gb0Naq34V5,REI AMI,1,52206,0.001792543,119
2026-07-18,IT,0Wwji82sLA0Hcvtuak3omb,AUDREY NUNA,1,52206,0.001792543,119
2026-07-18,IT,7mW7Tv7NvywKKXqafZo0Lc,KPop Demon Hunters Cast,1,52206,0.001792543,119
2026-07-18,IT,2yNNYQBChuox9A5Ka93BIn,HUNTR/X,1,52206,0.001792543,119
2026-07-18,IT,0GM7qgcRCORpGnfcN2tCiB,Tainy,1,51780,0.001777916,120
2026-07-18,IT,3Isy6kedDrgPYoTS1dazA9,Sean Paul,1,51724,0.001775993,121
2026-07-18,IT,1vfezMIyCr4XUdYRaKIKi3,Keyshia Cole,1,51724,0.001775993,121
2026-07-18,IT,7KFOc3T4Xo8DVZt4PWw2qN,Gazzelle,1,51260,0.001760061,122
2026-07-18,IT,1VeH892FTsVyB6XAnMvEbL,Gianni Togni,1,51168,0.001756902,123
2026-07-18,IT,0harR1ApYeMN6GOLBNMiUR,Eddie Brock,1,50638,0.001738704,124
2026-07-18,IT,7h1amg0X7Q5d0D5KfuyKTg,Pyrex,1,50415,0.001731047,125
2026-07-18,IT,056KMTw6IztdQjBmFfVyO3,Rkomi,1,50396,0.001730395,126
2026-07-18,IT,3V27gyl5V5dvei7a0U8zuX,SOUNDPLUG,1,50153,0.001722051,127
2026-07-18,IT,6dhhE0bRngFuvKe3vnzdKn,Yapi,1,50153,0.001722051,127
2026-07-18,IT,6hkKbkZGvAXuvle2FhCnxy,Shablo,1,50086,0.001719751,128
2026-07-18,IT,2PEMswqQspTSsAltdeF5kO,Simba La Rue,1,49992,0.001716523,129
2026-07-18,IT,4G9NDjRyZFDlJKMRL8hx3S,sombr,1,49836,0.001711167,130
2026-07-18,IT,6jwzGu5VdkR5tsRROYuxso,DrefGold,1,49775,0.001709072,131
2026-07-18,IT,3bf7Y2it29DeOjXpIibCOe,Zero Assoluto,1,49772,0.001708969,132
2026-07-18,IT,7hQmAXAzWI6D350VTgkKTG,Arash,1,49702,0.001706566,133
2026-07-18,IT,0u6GtibW46tFX7koQ6uNJZ,Topic,1,49702,0.001706566,133
2026-07-18,IT,1IFAU4mznUcfPVP9z2c24N,Daecolm,1,49702,0.001706566,133
2026-07-18,IT,0QrUbsrL5imqntAfDl8i7q,Fred De Palma,2,296622,0.010184799,16
2026-07-18,IT,7108jelN43seqWILMvJwKi,Serena Brancale,2,286712,0.00984453,19
2026-07-18,IT,1A6HBLulvBFzNtlMb7b08f,Angelina Mango,2,241863,0.008304596,22
2026-07-18,IT,38CThoTDmXugNnfonW466d,Jiz,2,237614,0.008158703,24
2026-07-18,IT,2DaxqgrOhkeH0fpeiQq2f4,Oasis,2,180351,0.006192523,33
2026-07-18,IT,1vgQksyJ0IVz8y9XerEOy3,Madame,2,178022,0.006112555,34
2026-07-18,IT,7GacyaFUp0qkEJglERX9N7,Alfa,2,177620,0.006098752,35
2026-07-18,IT,1QeqGmpgU5Yg74GNcjIIq3,Fulminacci,2,171427,0.005886109,36
2026-07-18,IT,1eBPcZCSWh1EAv0aOXusye,Higashi,2,164683,0.005654548,38
2026-07-18,IT,6HQ27YefiitrZ9YsWrgRHX,Fresh Beatz,2,161013,0.005528535,40
2026-07-18,IT,26toJml6wSdf58ZgNG0ci9,Dipinto,2,161013,0.005528535,40
2026-07-18,IT,396Jr76018oUMR6QBnqT8T,Cesare Cremonini,2,158586,0.005445201,42
2026-07-18,IT,3fMbdgg4jU18AjLCKBhRSm,Michael Jackson,2,156673,0.005379517,44
2026-07-18,IT,0EUR8jz8L936AEbV2Spkca,Kid Yugi,2,156251,0.005365027,45
2026-07-18,IT,3fhMfkPPzksWuw0hEm4ldm,Ernia,2,145377,0.004991658,47
2026-07-18,IT,0EqkKYDK9EkKY5N7zU3FPv,Annalisa,2,136240,0.00467793,50
2026-07-18,IT,1UjxAZqzphB1tsMb1aWBj0,Omega,2,127983,0.004394418,51
2026-07-18,IT,2aiM1OfMODFLUXaQgEVPK1,Roberto Ferrante,2,127983,0.004394418,51
2026-07-18,IT,76UCIJTB0jcJvBaL0CdIqx,Takagi & Ketra,2,125084,0.004294878,52
2026-07-18,IT,6FcVd3KlRxozcLl19FMXu9,Max Pezzali,2,117959,0.004050235,56
2026-07-18,IT,7F2utINZ6tSokSiZTQBE27,Guè,2,114876,0.003944377,57
2026-07-18,IT,2n0Ki4A5tKTEloq3WCt1IH,Samurai Jay,3,473742,0.016266383,11
2026-07-18,IT,2QJ1AReDewmz4fcRhGxW6Y,Vito Salamanca,3,473742,0.016266383,11
2026-07-18,IT,5PlfkPxwCpRRWQJBxCa0By,HUGEL,3,312161,0.010718345,13
2026-07-18,IT,2ifTEcQqKSPwijIEcPHQ1R,Flatpearl,3,300462,0.010316649,14
2026-07-18,IT,1dlyjeDlgXalzt5oqbgWDs,G.Mineiro,3,300462,0.010316649,14
2026-07-18,IT,1l1A1U8VJM15W7zonFqKhg,Succo,3,300462,0.010316649,14
2026-07-18,IT,51OKuyM4BiiYxFm8Mi6fa9,Mauvais djo,3,299245,0.010274862,15
2026-07-18,IT,6RdcIWVKYYzNzjQRd3oyHS,Pinguini Tattici Nucleari,3,295259,0.010137999,17
2026-07-18,IT,3HAwumPgGOSXlZSyGWuLhB,Sayf,3,266508,0.009150806,20
2026-07-18,IT,52iwsT98xCoGgiGntTiR7K,Quevedo,3,263284,0.009040107,21
2026-07-18,IT,5dXlc7MnpaTeUIsHLVe3n4,Coez,3,234644,0.008056725,25
2026-07-18,IT,5AZuEF0feCXMkUCwQiQlW7,Marracash,3,234372,0.008047386,26
2026-07-18,IT,47z0zz9ZMCn9GBiPRTn5Bc,Tommaso Paradiso,3,222819,0.007650703,28
2026-07-18,IT,3yiEJ9SByXZMXTwaKdVFN4,Luchè,3,215770,0.007408668,29
2026-07-18,IT,0gzwXezN4IUHAwLufA6YcX,Emma,3,202740,0.006961271,31
2026-07-18,IT,0lI3rF4hi4op6UxqlLHPzv,Achille Lauro,4,329306,0.011307035,12
2026-07-18,IT,5SulO4l40qDuV9zUGLZx7n,Capo Plaza,4,286750,0.009845834,18
2026-07-18,IT,3LvwPiJQJ0da0GurKMToV0,Baby Gang,4,233839,0.008029085,27
2026-07-18,IT,7FeObngbQ0GY3SojNwKdKn,Bresh,5,482984,0.016583716,10
2026-07-18,IT,3hN3iJMbbBmqBSAMx5veDa,Ultimo,6,561582,0.019282453,8
2026-07-18,IT,25u1DN0MwQVSav4XoJS7hl,Olly,6,500882,0.01719826,9
2026-07-18,IT,2R4kNOwHUUsuDYhKsESVbF,Artie 5ive,7,814398,0.027963131,6
2026-07-18,IT,4rj3KWaLAnuxgtMMkypZhf,Juli,7,598615,0.020554016,7
2026-07-18,IT,2K5nCggbhSZ00YCYP5qkZS,Shiva,10,944880,0.032443355,5
2026-07-18,IT,7K80yOTC0Id95gRaOxDG5u,ANNA,14,1294192,0.044437315,3
2026-07-18,IT,23TFHmajVfBtlRx5MXqgoz,Sfera Ebbasta,14,1205563,0.041394154,4
2026-07-18,IT,4q3ewBCX7sLwd24euuV69X,Bad Bunny,17,1911608,0.065636881,1
2026-07-18,IT,27LlKWxS3KXW7RRAxN5S8s,Geolier,20,1817636,0.062410263,2
2026-07-05,IT,6FtwCmLY6L1sqvjaQ2lV6G,Emis Killa,1,219786,0.008769785,23
2026-07-05,IT,7FNnA9vBm6EKceENgCGRMb,Anitta,1,219786,0.008769785,23
2026-07-05,IT,1cKyknhftNKXCjMBd2hDrG,DYSTINCT,1,185201,0.007389793,33
2026-07-05,IT,5mTg1ztZByLRHsOEtwmT4G,Levante,1,182503,0.007282139,35
2026-07-05,IT,0BjRnUqiITQwjqGtTeoxUS,DELIA,1,182503,0.007282139,35
2026-07-05,IT,3xGlLcG9CUrs5MvFkSLOS5,Marco Mengoni,1,142469,0.005684723,43
2026-07-05,IT,3wcj11K77LjEY1PkEazffa,Burna Boy,1,137061,0.005468936,44
2026-07-05,IT,4p5WgeiPSPpqPDs7T6OkWf,ANOTR,1,132160,0.005273379,46
2026-07-05,IT,6X5L6rmyvrWWu60Gx6exiZ,54 Ultra,1,132160,0.005273379,46
2026-07-05,IT,3m5qlPf2OkihLz3dRYnkPA,Ovy On The Drums,1,125007,0.004987964,49
2026-07-05,IT,7a0XAaPaK2aDSqa8p3QnC7,Beéle,1,125007,0.004987964,49
2026-07-05,IT,5uwa6tAMMfNbBFIHiI6NV4,W Sound,1,125007,0.004987964,49
2026-07-05,IT,5iot8OPcosJN9nCl7I5SdK,Irama,1,118298,0.004720265,51
2026-07-05,IT,1c22GXH30ijlOfXhfLz9Df,Elvis Crespo,1,117793,0.004700114,52
2026-07-05,IT,7tmMPdOmFvdRvbj2aWoiRi,Jovanotti,1,117681,0.004695645,53
2026-07-05,IT,0F3tUZeb9dLNEpxCpzEBQt,SOLTO (FR),1,113406,0.004525067,56
2026-07-05,IT,0hCNtLu0JehylgoiP8L4Gh,Nicki Minaj,1,111278,0.004440156,57
2026-07-05,IT,1uNFoZAHBGtllmzznpCI3s,Justin Bieber,1,111278,0.004440156,57
2026-07-05,IT,5mHUmlJWkcoOk1NbjfrXWz,Temper City,1,94878,0.003785772,59
2026-07-05,IT,6PsQc21YZU7WNfiODG69Qk,Tony Boy,1,93236,0.003720254,60
2026-07-05,IT,2R21vXR83lH98kGeO99Y66,Anuel AA,1,83069,0.003314576,61
2026-07-05,IT,1uZVxckdGGKhFMpCnupXmP,Los Pleneros de la Cresta,1,79055,0.003154411,62
2026-07-05,IT,01XCyobLTxOrswogL7YNIu,Dibla,1,78137,0.003117781,63
2026-07-05,IT,3g9MKjIP9xrMTY5Pbwr6Nk,Kreamly,1,74531,0.002973897,64
2026-07-05,IT,2CCgb0KApjfQDuTppovpf8,Rvfv,1,74531,0.002973897,64
2026-07-05,IT,6RWMnZmXs8Ob715qLr4374,Aissa,1,74531,0.002973897,64
2026-07-05,IT,7krakxeyEmge6pzTthKNyg,The Bausa,1,73247,0.002922663,65
2026-07-05,IT,5rRcnWrevHgbuWjl7Lhft7,Merk & Kremont,1,71554,0.00285511,66
2026-07-05,IT,72A0Z8q8NiochyK9gUHpCR,The Kolors,1,71554,0.00285511,66
2026-07-05,IT,2DaxqgrOhkeH0fpeiQq2f4,Oasis,1,70992,0.002832685,67
2026-07-05,IT,5JsnFhU4OqgEtNXs7Sq1Vm,Malive,1,69519,0.002773911,68
2026-07-05,IT,1HBjj22wzbscIZ9sEb5dyf,Jonas Blue,1,69519,0.002773911,68
2026-07-05,IT,1cK2Abwkni7m51wJCSGllN,Ultra Naté,1,69202,0.002761262,69
2026-07-05,IT,17yREPqyU875WJnX9U082A,Imael Angel,1,69202,0.002761262,69
2026-07-05,IT,3DeOmVSmpv7WknXoo1OS8p,Alleh,1,67725,0.002702327,70
2026-07-05,IT,4eq1q0o9XPyNq9RG3fNDD1,Yorghaki,1,67725,0.002702327,70
2026-07-05,IT,6JhUHne9H09NdkTI5E9GSt,Dardust,1,66843,0.002667134,71
2026-07-05,IT,790FomKkXshlbRYZFtlgla,KAROL G,1,66183,0.002640799,72
2026-07-05,IT,6USv9qhCn6zfxlBQIYJ9qs,Dominic Fike,1,65273,0.002604489,73
2026-07-05,IT,1eBPcZCSWh1EAv0aOXusye,Higashi,1,63688,0.002541245,74
2026-07-05,IT,2eFv7NVs8R6Go7msuqikeg,Pino Daniele,1,60819,0.002426768,75
2026-07-05,IT,2DlGxzQSjYe5N6G9nkYghR,Jennifer Lopez,1,60611,0.002418468,76
2026-07-05,IT,0TnOYISbd1XYRBk9myaseg,Pitbull,1,60611,0.002418468,76
2026-07-05,IT,7gjqZ8coFZimZDtdk04WP1,MACE,1,59915,0.002390697,77
2026-07-05,IT,2dAKW1tsAariQ0Ta2gqp8N,Gow Tribe,1,59464,0.002372701,78
2026-07-05,IT,5p9HO3XC5P3BLxJs5Mtrhm,Djo,1,59130,0.002359374,79
2026-07-05,IT,05brE7yGJDmIYlMirfSi0B,Federica Abbate,1,57765,0.002304909,80
2026-07-05,IT,2sil8z5kiy4r76CRTXxBCA,The Goo Goo Dolls,1,57404,0.002290504,81
2026-07-05,IT,0fTSzq9jAh4c36UVb4V7CB,Alex Warren,1,57019,0.002275142,82
2026-07-05,IT,3AVx3OBPIk4pJQllAXoVs1,Gaia,1,56800,0.002266404,83
2026-07-05,IT,2oQX8QiMXOyuqbcZEFsZfm,El Alfa,1,56680,0.002261616,84
2026-07-05,IT,7MdlXmq2HViAJWo9cf30sR,Cloonee,1,56238,0.002243979,85
2026-07-05,IT,6HabM2PUM519iIxervGWSb,Prospa,1,56238,0.002243979,85
2026-07-05,IT,7H8ZC8uHJMPZGLMApRRNIz,Ligabue,1,56128,0.00223959,86
2026-07-05,IT,0r310cYIlI5aMcuDTChNlO,Loretta Goggi,1,55716,0.002223151,87
2026-07-05,IT,5FwDaIGy29GQC5d0MR7fKf,LDA,1,55324,0.002207509,88
2026-07-05,IT,0lQtBhjEJpoOroQS6fbWMc,Aka 7even,1,55324,0.002207509,88
2026-07-05,IT,5H1nN1SzW0qNeUEZvuXjAj,Danny Ocean,1,55272,0.002205434,89
2026-07-05,IT,2jnjbAYKylrmBMCFZE0OCK,Poison Beatz,1,55150,0.002200566,90
2026-07-05,IT,5NGO30tJxFlKixkPSgXcFE,The Police,1,54528,0.002175748,91
2026-07-05,IT,3wDn3kW2zDRLnaQAnX0S3x,Dat Boi Dee,1,54194,0.00216242,92
2026-07-05,IT,10exVja0key0uqUkk6LJRT,Vance Joy,1,54193,0.002162381,93
2026-07-05,IT,2LRoIwlKmHjgvigdNGBHNo,Feid,1,54011,0.002155118,94
2026-07-05,IT,6hkKbkZGvAXuvle2FhCnxy,Shablo,1,53632,0.002139996,95
2026-07-05,IT,056KMTw6IztdQjBmFfVyO3,Rkomi,1,53331,0.002127985,96
2026-07-05,IT,2iK8weavvfS2xJCmzNzNE5,J-AX,1,53071,0.002117611,97
2026-07-05,IT,2i04Yoaa4wV8J75w8aPX1G,Kano Choir,1,52727,0.002103885,98
2026-07-05,IT,0harR1ApYeMN6GOLBNMiUR,Eddie Brock,1,52080,0.002078069,99
2026-07-05,IT,7HtzacrJpksCiS6qHypb8l,Ditonellapiaga,1,51696,0.002062747,100
2026-07-05,IT,7zPS3i8YJBNeDcqXUHfCMr,AVA,1,51126,0.002040003,101
2026-07-05,IT,6YBgd2LKccEB3pX6UaW1Yp,Thegiornalisti,1,50381,0.002010276,102
2026-07-05,IT,1yq9UuPp5DIb5w6eswGbKV,Adriano Celentano,1,50069,0.001997827,103
2026-07-05,IT,4wLXwxDeWQ8mtUIRPxGiD6,Marc Anthony,1,49983,0.001994395,104
2026-07-05,IT,2cy1zPcrFcXAJTP0APWewL,Gente De Zona,1,49983,0.001994395,104
2026-07-05,IT,7aBzpmFXB4WWpPl2F7RjBe,Wyclef Jean,1,49849,0.001989049,105
2026-07-05,IT,33ScadVnbm2X8kkUqOkC6Z,Don Omar,1,49454,0.001973287,106
2026-07-05,IT,5bv5RplEOwdCvhq0EILh9E,Lucenzo,1,49454,0.001973287,106
2026-07-05,IT,6k8mwkKJKKjBILo7ypBspl,Ana Mena,1,49030,0.001956369,107
2026-07-05,IT,7KFOc3T4Xo8DVZt4PWw2qN,Gazzelle,1,48921,0.00195202,108
2026-07-05,IT,7CvTknweLr9feJtRGrpDBy,FloyyMenor,1,48597,0.001939092,109
2026-07-05,IT,1Yj5Xey7kTwvZla8sqdsdE,Cris MJ,1,48597,0.001939092,109
2026-07-05,IT,7GgpsUpkj3olseoaTY7TEY,Elodie,1,48559,0.001937576,110
2026-07-05,IT,0Wwji82sLA0Hcvtuak3omb,AUDREY NUNA,1,48215,0.00192385,111
2026-07-05,IT,6U1dV7aL68N7Gb0Naq34V5,REI AMI,1,48215,0.00192385,111
2026-07-05,IT,2yNNYQBChuox9A5Ka93BIn,HUNTR/X,1,48215,0.00192385,111
2026-07-05,IT,0RMJOzHDhAKY1o2j0W0vxY,EJAE,1,48215,0.00192385,111
2026-07-05,IT,7mW7Tv7NvywKKXqafZo0Lc,KPop Demon Hunters Cast,1,48215,0.00192385,111
2026-07-05,IT,2PEMswqQspTSsAltdeF5kO,Simba La Rue,1,48176,0.001922293,112
2026-07-05,IT,4VmOlyJsnQB93ZIGMO2XWo,Madfingerz,1,48031,0.001916508,113
2026-07-05,IT,07yfI2D37Ir0pGQ8huDd4j,TonyPitony,1,48008,0.00191559,114
2026-07-05,IT,3bf7Y2it29DeOjXpIibCOe,Zero Assoluto,1,47937,0.001912757,115
2026-07-05,IT,5KKpBU5eC2tJDzf0wmlRp2,RAYE,1,47848,0.001909206,116
2026-07-05,IT,4G9NDjRyZFDlJKMRL8hx3S,sombr,1,47807,0.00190757,117
2026-07-05,IT,716NhGYqD1jl2wI1Qkgq36,Bizarrap,1,47454,0.001893485,118
2026-07-05,IT,6wH6iStAh4KIaWfuhf0NYM,Manu Chao,1,47393,0.001891051,119
2026-07-05,IT,7F2utINZ6tSokSiZTQBE27,Guè,1,47153,0.001881474,120
2026-07-05,IT,7h1amg0X7Q5d0D5KfuyKTg,Pyrex,1,46619,0.001860167,121
2026-07-05,IT,3JhNCzhSMTxs9WLGJJxWOY,Macklemore,1,46048,0.001837383,122
2026-07-05,IT,5BcAKTbp20cv7tC5VqPFoC,Macklemore & Ryan Lewis,1,46048,0.001837383,122
2026-07-05,IT,4e0nWw2r4BoQSKPQ2zpU13,Ray Dalton,1,46048,0.001837383,122
2026-07-05,IT,5mZJerulcERBZV7xnhrVp1,Ryan Lewis,1,46048,0.001837383,122
2026-07-05,IT,6nVcHLIgY5pE2YCl8ubca1,JHAYCO,1,45618,0.001820225,123
2026-07-05,IT,7u710e44HW3K7A5eTnRqHC,Fabri Fibra,1,45568,0.00181823,124
2026-07-05,IT,2aya6KuqjXEhHBqYKsTPLs,Rose Villain,1,45468,0.00181424,125
2026-07-05,IT,7108jelN43seqWILMvJwKi,Serena Brancale,2,254057,0.010137249,18
2026-07-05,IT,38CThoTDmXugNnfonW466d,Jiz,2,234212,0.009345404,22
2026-07-05,IT,1A6HBLulvBFzNtlMb7b08f,Angelina Mango,2,209721,0.008368177,27
2026-07-05,IT,0EmeFodog0BfCgMzAIvKQp,Shakira,2,186910,0.007457984,31
2026-07-05,IT,5PlfkPxwCpRRWQJBxCa0By,HUGEL,2,182608,0.007286328,34
2026-07-05,IT,1vgQksyJ0IVz8y9XerEOy3,Madame,2,176463,0.007041134,36
2026-07-05,IT,5AZuEF0feCXMkUCwQiQlW7,Marracash,2,175081,0.00698599,37
2026-07-05,IT,6HQ27YefiitrZ9YsWrgRHX,Fresh Beatz,2,165297,0.006595594,38
2026-07-05,IT,26toJml6wSdf58ZgNG0ci9,Dipinto,2,165297,0.006595594,38
2026-07-05,IT,7GacyaFUp0qkEJglERX9N7,Alfa,2,165074,0.006586696,39
2026-07-05,IT,1QeqGmpgU5Yg74GNcjIIq3,Fulminacci,2,155751,0.006214694,40
2026-07-05,IT,3fMbdgg4jU18AjLCKBhRSm,Michael Jackson,2,154499,0.006164738,41
2026-07-05,IT,47z0zz9ZMCn9GBiPRTn5Bc,Tommaso Paradiso,2,149282,0.005956572,42
2026-07-05,IT,76UCIJTB0jcJvBaL0CdIqx,Takagi & Ketra,2,135901,0.00542265,45
2026-07-05,IT,0jdNdfi4vAuVi7a6cPDFBM,Lazza,2,128369,0.005122112,47
2026-07-05,IT,0EqkKYDK9EkKY5N7zU3FPv,Annalisa,2,126036,0.005029022,48
2026-07-05,IT,1UjxAZqzphB1tsMb1aWBj0,Omega,2,120368,0.004802861,50
2026-07-05,IT,2aiM1OfMODFLUXaQgEVPK1,Roberto Ferrante,2,120368,0.004802861,50
2026-07-05,IT,6FcVd3KlRxozcLl19FMXu9,Max Pezzali,2,115092,0.00459234,54
2026-07-05,IT,44DWomjW1oDuxIoBIRpmQ4,Rhove,2,115029,0.004589827,55
2026-07-05,IT,7cdIY4mDfM1dbjgl7s2fGR,Sal Da Vinci,2,109739,0.004378748,58
2026-07-05,IT,2n0Ki4A5tKTEloq3WCt1IH,Samurai Jay,3,453081,0.0180786,10
2026-07-05,IT,2QJ1AReDewmz4fcRhGxW6Y,Vito Salamanca,3,453081,0.0180786,10
2026-07-05,IT,0QrUbsrL5imqntAfDl8i7q,Fred De Palma,3,315611,0.012593344,13
2026-07-05,IT,1dlyjeDlgXalzt5oqbgWDs,G.Mineiro,3,271658,0.010839555,15
2026-07-05,IT,1l1A1U8VJM15W7zonFqKhg,Succo,3,271658,0.010839555,15
2026-07-05,IT,2ifTEcQqKSPwijIEcPHQ1R,Flatpearl,3,271658,0.010839555,15
2026-07-05,IT,51OKuyM4BiiYxFm8Mi6fa9,Mauvais djo,3,261277,0.010425337,17
2026-07-05,IT,3HAwumPgGOSXlZSyGWuLhB,Sayf,3,237007,0.009456929,21
2026-07-05,IT,52iwsT98xCoGgiGntTiR7K,Quevedo,3,211488,0.008438683,26
2026-07-05,IT,0EUR8jz8L936AEbV2Spkca,Kid Yugi,3,208688,0.008326959,28
2026-07-05,IT,396Jr76018oUMR6QBnqT8T,Cesare Cremonini,3,202533,0.008081365,29
2026-07-05,IT,0gzwXezN4IUHAwLufA6YcX,Emma,3,188317,0.007514126,30
2026-07-05,IT,3fhMfkPPzksWuw0hEm4ldm,Ernia,3,186109,0.007426023,32
2026-07-05,IT,6RdcIWVKYYzNzjQRd3oyHS,Pinguini Tattici Nucleari,4,310645,0.012395193,14
2026-07-05,IT,5dXlc7MnpaTeUIsHLVe3n4,Coez,4,265883,0.010609124,16
2026-07-05,IT,5SulO4l40qDuV9zUGLZx7n,Capo Plaza,4,254002,0.010135054,19
2026-07-05,IT,3yiEJ9SByXZMXTwaKdVFN4,Luchè,4,243390,0.00971162,20
2026-07-05,IT,6bMul6rmRS03x38tWKYifO,883,4,219321,0.008751231,24
2026-07-05,IT,3LvwPiJQJ0da0GurKMToV0,Baby Gang,4,215339,0.008592343,25
2026-07-05,IT,7FeObngbQ0GY3SojNwKdKn,Bresh,5,451877,0.018030558,11
2026-07-05,IT,2R4kNOwHUUsuDYhKsESVbF,Artie 5ive,6,617590,0.024642751,7
2026-07-05,IT,0lI3rF4hi4op6UxqlLHPzv,Achille Lauro,6,412561,0.016461792,12
2026-07-05,IT,7K80yOTC0Id95gRaOxDG5u,ANNA,7,686491,0.027392003,6
2026-07-05,IT,4q3ewBCX7sLwd24euuV69X,Bad Bunny,7,585773,0.023373206,9
2026-07-05,IT,25u1DN0MwQVSav4XoJS7hl,Olly,8,596970,0.023819983,8
2026-07-05,IT,4rj3KWaLAnuxgtMMkypZhf,Juli,9,689300,0.027504086,5
2026-07-05,IT,2K5nCggbhSZ00YCYP5qkZS,Shiva,12,1004361,0.040075484,4
2026-07-05,IT,23TFHmajVfBtlRx5MXqgoz,Sfera Ebbasta,13,1028225,0.041027693,3
2026-07-05,IT,3hN3iJMbbBmqBSAMx5veDa,Ultimo,14,1144006,0.045647525,2
2026-07-05,IT,27LlKWxS3KXW7RRAxN5S8s,Geolier,21,1938678,0.077356109,1
2026-07-15,IT,7FNnA9vBm6EKceENgCGRMb,Anitta,1,193117,0.00783636,28
2026-07-15,IT,6FtwCmLY6L1sqvjaQ2lV6G,Emis Killa,1,193117,0.00783636,28
2026-07-15,IT,1cKyknhftNKXCjMBd2hDrG,DYSTINCT,1,184780,0.007498058,32
2026-07-15,IT,0BjRnUqiITQwjqGtTeoxUS,DELIA,1,164086,0.006658331,36
2026-07-15,IT,5mTg1ztZByLRHsOEtwmT4G,Levante,1,164086,0.006658331,36
2026-07-15,IT,0EmeFodog0BfCgMzAIvKQp,Shakira,1,145153,0.005890062,41
2026-07-15,IT,3wcj11K77LjEY1PkEazffa,Burna Boy,1,145153,0.005890062,41
2026-07-15,IT,6X5L6rmyvrWWu60Gx6exiZ,54 Ultra,1,137181,0.005566572,43
2026-07-15,IT,4p5WgeiPSPpqPDs7T6OkWf,ANOTR,1,137181,0.005566572,43
2026-07-15,IT,3xGlLcG9CUrs5MvFkSLOS5,Marco Mengoni,1,127005,0.005153647,46
2026-07-15,IT,7a0XAaPaK2aDSqa8p3QnC7,Beéle,1,126953,0.005151537,47
2026-07-15,IT,5uwa6tAMMfNbBFIHiI6NV4,W Sound,1,126953,0.005151537,47
2026-07-15,IT,3m5qlPf2OkihLz3dRYnkPA,Ovy On The Drums,1,126953,0.005151537,47
2026-07-15,IT,1c22GXH30ijlOfXhfLz9Df,Elvis Crespo,1,126857,0.005147642,48
2026-07-15,IT,5iot8OPcosJN9nCl7I5SdK,Irama,1,120802,0.00490194,50
2026-07-15,IT,0F3tUZeb9dLNEpxCpzEBQt,SOLTO (FR),1,110726,0.004493073,53
2026-07-15,IT,1uNFoZAHBGtllmzznpCI3s,Justin Bieber,1,106700,0.004329705,55
2026-07-15,IT,0hCNtLu0JehylgoiP8L4Gh,Nicki Minaj,1,106700,0.004329705,55
2026-07-15,IT,7GacyaFUp0qkEJglERX9N7,Alfa,1,101062,0.004100924,58
2026-07-15,IT,7tmMPdOmFvdRvbj2aWoiRi,Jovanotti,1,101062,0.004100924,58
2026-07-15,IT,5mHUmlJWkcoOk1NbjfrXWz,Temper City,1,92756,0.003763881,59
2026-07-15,IT,1cK2Abwkni7m51wJCSGllN,Ultra Naté,1,90548,0.003674284,60
2026-07-15,IT,17yREPqyU875WJnX9U082A,Imael Angel,1,90548,0.003674284,60
2026-07-15,IT,1uZVxckdGGKhFMpCnupXmP,Los Pleneros de la Cresta,1,89834,0.003645311,61
2026-07-15,IT,6PsQc21YZU7WNfiODG69Qk,Tony Boy,1,88350,0.003585093,62
2026-07-15,IT,7krakxeyEmge6pzTthKNyg,The Bausa,1,82995,0.003367796,63
2026-07-15,IT,6RWMnZmXs8Ob715qLr4374,Aissa,1,78573,0.003188359,64
2026-07-15,IT,2CCgb0KApjfQDuTppovpf8,Rvfv,1,78573,0.003188359,64
2026-07-15,IT,3g9MKjIP9xrMTY5Pbwr6Nk,Kreamly,1,78573,0.003188359,64
2026-07-15,IT,2sil8z5kiy4r76CRTXxBCA,The Goo Goo Dolls,1,78565,0.003188034,65
2026-07-15,IT,2R21vXR83lH98kGeO99Y66,Anuel AA,1,76402,0.003100263,66
2026-07-15,IT,5Otk4eRecMMbC5YR4Iliou,Le-one,1,74321,0.00301582,67
2026-07-15,IT,01XCyobLTxOrswogL7YNIu,Dibla,1,73265,0.002972969,68
2026-07-15,IT,2LRoIwlKmHjgvigdNGBHNo,Feid,1,70841,0.002874607,69
2026-07-15,IT,5p9HO3XC5P3BLxJs5Mtrhm,Djo,1,70052,0.002842591,70
2026-07-15,IT,6USv9qhCn6zfxlBQIYJ9qs,Dominic Fike,1,68772,0.002790651,71
2026-07-15,IT,4eq1q0o9XPyNq9RG3fNDD1,Yorghaki,1,66184,0.002685634,72
2026-07-15,IT,3DeOmVSmpv7WknXoo1OS8p,Alleh,1,66184,0.002685634,72
2026-07-15,IT,44DWomjW1oDuxIoBIRpmQ4,Rhove,1,65374,0.002652766,73
2026-07-15,IT,1HBjj22wzbscIZ9sEb5dyf,Jonas Blue,1,64272,0.002608049,74
2026-07-15,IT,5JsnFhU4OqgEtNXs7Sq1Vm,Malive,1,64272,0.002608049,74
2026-07-15,IT,5rRcnWrevHgbuWjl7Lhft7,Merk & Kremont,1,64191,0.002604762,75
2026-07-15,IT,72A0Z8q8NiochyK9gUHpCR,The Kolors,1,64191,0.002604762,75
2026-07-15,IT,0TnOYISbd1XYRBk9myaseg,Pitbull,1,61966,0.002514475,76
2026-07-15,IT,2DlGxzQSjYe5N6G9nkYghR,Jennifer Lopez,1,61966,0.002514475,76
2026-07-15,IT,0fTSzq9jAh4c36UVb4V7CB,Alex Warren,1,61561,0.002498041,77
2026-07-15,IT,10exVja0key0uqUkk6LJRT,Vance Joy,1,61385,0.002490899,78
2026-07-15,IT,790FomKkXshlbRYZFtlgla,KAROL G,1,60791,0.002466795,79
2026-07-15,IT,6HabM2PUM519iIxervGWSb,Prospa,1,60700,0.002463103,80
2026-07-15,IT,7MdlXmq2HViAJWo9cf30sR,Cloonee,1,60700,0.002463103,80
2026-07-15,IT,1EbIfIjVcauDatNO4vagL1,Sybil,1,60700,0.002463103,80
2026-07-15,IT,05brE7yGJDmIYlMirfSi0B,Federica Abbate,1,60248,0.002444761,81
2026-07-15,IT,1yq9UuPp5DIb5w6eswGbKV,Adriano Celentano,1,59730,0.002423742,82
2026-07-15,IT,5NGO30tJxFlKixkPSgXcFE,The Police,1,59706,0.002422768,83
2026-07-15,IT,6JhUHne9H09NdkTI5E9GSt,Dardust,1,59309,0.002406658,84
2026-07-15,IT,5H1nN1SzW0qNeUEZvuXjAj,Danny Ocean,1,59151,0.002400247,85
2026-07-15,IT,2dAKW1tsAariQ0Ta2gqp8N,Gow Tribe,1,56652,0.002298842,86
2026-07-15,IT,2oQX8QiMXOyuqbcZEFsZfm,El Alfa,1,55926,0.002269382,87
2026-07-15,IT,2i04Yoaa4wV8J75w8aPX1G,Kano Choir,1,55175,0.002238908,88
2026-07-15,IT,1Yj5Xey7kTwvZla8sqdsdE,Cris MJ,1,55038,0.002233349,89
2026-07-15,IT,7CvTknweLr9feJtRGrpDBy,FloyyMenor,1,55038,0.002233349,89
2026-07-15,IT,7cdIY4mDfM1dbjgl7s2fGR,Sal Da Vinci,1,54737,0.002221134,90
2026-07-15,IT,2eFv7NVs8R6Go7msuqikeg,Pino Daniele,1,54602,0.002215656,91
2026-07-15,IT,7H8ZC8uHJMPZGLMApRRNIz,Ligabue,1,54511,0.002211964,92
2026-07-15,IT,5mZJerulcERBZV7xnhrVp1,Ryan Lewis,1,53711,0.002179501,93
2026-07-15,IT,3JhNCzhSMTxs9WLGJJxWOY,Macklemore,1,53711,0.002179501,93
2026-07-15,IT,5BcAKTbp20cv7tC5VqPFoC,Macklemore & Ryan Lewis,1,53711,0.002179501,93
2026-07-15,IT,4e0nWw2r4BoQSKPQ2zpU13,Ray Dalton,1,53711,0.002179501,93
2026-07-15,IT,5KKpBU5eC2tJDzf0wmlRp2,RAYE,1,53559,0.002173333,94
2026-07-15,IT,7gjqZ8coFZimZDtdk04WP1,MACE,1,53331,0.002164081,95
2026-07-15,IT,7u710e44HW3K7A5eTnRqHC,Fabri Fibra,1,53121,0.00215556,96
2026-07-15,IT,3AVx3OBPIk4pJQllAXoVs1,Gaia,1,52756,0.002140749,97
2026-07-15,IT,0harR1ApYeMN6GOLBNMiUR,Eddie Brock,1,52521,0.002131213,98
2026-07-15,IT,056KMTw6IztdQjBmFfVyO3,Rkomi,1,52096,0.002113967,99
2026-07-15,IT,4G9NDjRyZFDlJKMRL8hx3S,sombr,1,52077,0.002113196,100
2026-07-15,IT,6YBgd2LKccEB3pX6UaW1Yp,Thegiornalisti,1,51606,0.002094084,101
2026-07-15,IT,7h1amg0X7Q5d0D5KfuyKTg,Pyrex,1,51380,0.002084913,102
2026-07-15,IT,0r310cYIlI5aMcuDTChNlO,Loretta Goggi,1,50946,0.002067302,103
2026-07-15,IT,1HY2Jd0NmPuamShAr6KMms,Lady Gaga,1,50764,0.002059917,104
2026-07-15,IT,6nVcHLIgY5pE2YCl8ubca1,JHAYCO,1,50596,0.0020531,105
2026-07-15,IT,3wDn3kW2zDRLnaQAnX0S3x,Dat Boi Dee,1,50170,0.002035813,106
2026-07-15,IT,7KFOc3T4Xo8DVZt4PWw2qN,Gazzelle,1,50159,0.002035367,107
2026-07-15,IT,7F2utINZ6tSokSiZTQBE27,Guè,1,50126,0.002034028,108
2026-07-15,IT,6hkKbkZGvAXuvle2FhCnxy,Shablo,1,49630,0.002013901,109
2026-07-15,IT,2jnjbAYKylrmBMCFZE0OCK,Poison Beatz,1,49265,0.00199909,110
2026-07-15,IT,7zPS3i8YJBNeDcqXUHfCMr,AVA,1,49206,0.001996696,111
2026-07-15,IT,5FwDaIGy29GQC5d0MR7fKf,LDA,1,49013,0.001988864,112
2026-07-15,IT,0lQtBhjEJpoOroQS6fbWMc,Aka 7even,1,49013,0.001988864,112
2026-07-15,IT,1fctva4kpRbg2k3v7kwRuS,Rvssian,1,48798,0.00198014,113
2026-07-15,IT,7HtzacrJpksCiS6qHypb8l,Ditonellapiaga,1,48587,0.001971578,114
2026-07-15,IT,716NhGYqD1jl2wI1Qkgq36,Bizarrap,1,48205,0.001956077,115
2026-07-15,IT,2PEMswqQspTSsAltdeF5kO,Simba La Rue,1,48110,0.001952222,116
2026-07-15,IT,5RTLRtXjbXI2lSXc6jxlAz,Ravyn Lenae,1,48096,0.001951654,117
2026-07-15,IT,6dhhE0bRngFuvKe3vnzdKn,Yapi,1,46614,0.001891517,118
2026-07-15,IT,3V27gyl5V5dvei7a0U8zuX,SOUNDPLUG,1,46614,0.001891517,118
2026-07-15,IT,1Xylc3o4UrD53lo9CvFvVg,Zara Larsson,1,46608,0.001891273,119
2026-07-15,IT,2cy1zPcrFcXAJTP0APWewL,Gente De Zona,1,46607,0.001891233,120
2026-07-15,IT,4wLXwxDeWQ8mtUIRPxGiD6,Marc Anthony,1,46607,0.001891233,120
2026-07-15,IT,0QrUbsrL5imqntAfDl8i7q,Fred De Palma,2,241043,0.009781115,17
2026-07-15,IT,7108jelN43seqWILMvJwKi,Serena Brancale,2,228277,0.009263093,18
2026-07-15,IT,38CThoTDmXugNnfonW466d,Jiz,2,209283,0.008492349,23
2026-07-15,IT,2DaxqgrOhkeH0fpeiQq2f4,Oasis,2,204807,0.00831072,24
2026-07-15,IT,6RdcIWVKYYzNzjQRd3oyHS,Pinguini Tattici Nucleari,2,203224,0.008246485,25
2026-07-15,IT,5PlfkPxwCpRRWQJBxCa0By,HUGEL,2,201274,0.008167357,27
2026-07-15,IT,1A6HBLulvBFzNtlMb7b08f,Angelina Mango,2,188354,0.007643085,30
2026-07-15,IT,1vgQksyJ0IVz8y9XerEOy3,Madame,2,171726,0.006968349,34
2026-07-15,IT,47z0zz9ZMCn9GBiPRTn5Bc,Tommaso Paradiso,2,156051,0.006332284,37
2026-07-15,IT,3yiEJ9SByXZMXTwaKdVFN4,Luchè,2,154284,0.006260583,38
2026-07-15,IT,26toJml6wSdf58ZgNG0ci9,Dipinto,2,151776,0.006158812,39
2026-07-15,IT,6HQ27YefiitrZ9YsWrgRHX,Fresh Beatz,2,151776,0.006158812,39
2026-07-15,IT,1QeqGmpgU5Yg74GNcjIIq3,Fulminacci,2,149632,0.006071812,40
2026-07-15,IT,3fMbdgg4jU18AjLCKBhRSm,Michael Jackson,2,138707,0.005628494,42
2026-07-15,IT,1eBPcZCSWh1EAv0aOXusye,Higashi,2,132658,0.005383036,44
2026-07-15,IT,0jdNdfi4vAuVi7a6cPDFBM,Lazza,2,131151,0.005321885,45
2026-07-15,IT,76UCIJTB0jcJvBaL0CdIqx,Takagi & Ketra,2,123218,0.004999977,49
2026-07-15,IT,0EqkKYDK9EkKY5N7zU3FPv,Annalisa,2,115627,0.004691947,51
2026-07-15,IT,1UjxAZqzphB1tsMb1aWBj0,Omega,2,114263,0.004636598,52
2026-07-15,IT,2aiM1OfMODFLUXaQgEVPK1,Roberto Ferrante,2,114263,0.004636598,52
2026-07-15,IT,6bMul6rmRS03x38tWKYifO,883,2,109588,0.004446895,54
2026-07-15,IT,6FcVd3KlRxozcLl19FMXu9,Max Pezzali,2,106312,0.00431396,56
2026-07-15,IT,7GgpsUpkj3olseoaTY7TEY,Elodie,2,104931,0.004257922,57
2026-07-15,IT,2QJ1AReDewmz4fcRhGxW6Y,Vito Salamanca,3,402001,0.016312518,11
2026-07-15,IT,2n0Ki4A5tKTEloq3WCt1IH,Samurai Jay,3,402001,0.016312518,11
2026-07-15,IT,1dlyjeDlgXalzt5oqbgWDs,G.Mineiro,3,277908,0.011277034,14
2026-07-15,IT,2ifTEcQqKSPwijIEcPHQ1R,Flatpearl,3,277908,0.011277034,14
2026-07-15,IT,1l1A1U8VJM15W7zonFqKhg,Succo,3,277908,0.011277034,14
2026-07-15,IT,51OKuyM4BiiYxFm8Mi6fa9,Mauvais djo,3,272528,0.011058723,16
2026-07-15,IT,3HAwumPgGOSXlZSyGWuLhB,Sayf,3,226562,0.009193501,19
2026-07-15,IT,52iwsT98xCoGgiGntTiR7K,Quevedo,3,222689,0.009036341,20
2026-07-15,IT,5dXlc7MnpaTeUIsHLVe3n4,Coez,3,221193,0.008975636,21
2026-07-15,IT,0EUR8jz8L936AEbV2Spkca,Kid Yugi,3,203099,0.008241412,26
2026-07-15,IT,3fhMfkPPzksWuw0hEm4ldm,Ernia,3,189567,0.007692307,29
2026-07-15,IT,0gzwXezN4IUHAwLufA6YcX,Emma,3,187255,0.00759849,31
2026-07-15,IT,396Jr76018oUMR6QBnqT8T,Cesare Cremonini,3,183332,0.007439301,33
2026-07-15,IT,0du5cEVh5yTK9QJze8zA0C,Bruno Mars,3,165844,0.006729668,35
2026-07-15,IT,5AZuEF0feCXMkUCwQiQlW7,Marracash,4,273868,0.011113098,15
2026-07-15,IT,3LvwPiJQJ0da0GurKMToV0,Baby Gang,4,210299,0.008533576,22
2026-07-15,IT,7FeObngbQ0GY3SojNwKdKn,Bresh,5,440686,0.017882289,10
2026-07-15,IT,5SulO4l40qDuV9zUGLZx7n,Capo Plaza,5,310753,0.012609829,13
2026-07-15,IT,25u1DN0MwQVSav4XoJS7hl,Olly,6,461988,0.018746688,9
2026-07-15,IT,0lI3rF4hi4op6UxqlLHPzv,Achille Lauro,6,400036,0.016232781,12
2026-07-15,IT,2R4kNOwHUUsuDYhKsESVbF,Artie 5ive,7,669736,0.027176749,7
2026-07-15,IT,4rj3KWaLAnuxgtMMkypZhf,Juli,7,550328,0.022331375,8
2026-07-15,IT,4q3ewBCX7sLwd24euuV69X,Bad Bunny,8,682504,0.027694853,5
2026-07-15,IT,3hN3iJMbbBmqBSAMx5veDa,Ultimo,8,673917,0.027346407,6
2026-07-15,IT,2K5nCggbhSZ00YCYP5qkZS,Shiva,12,992461,0.040272381,4
2026-07-15,IT,7K80yOTC0Id95gRaOxDG5u,ANNA,17,1426125,0.057869729,2
2026-07-15,IT,23TFHmajVfBtlRx5MXqgoz,Sfera Ebbasta,17,1280283,0.051951709,3
2026-07-15,IT,27LlKWxS3KXW7RRAxN5S8s,Geolier,20,1734829,0.070396413,1
2026-06-09,IT,6PsQc21YZU7WNfiODG69Qk,Tony Boy,1,255178,0.009308453,25
2026-06-09,IT,7FNnA9vBm6EKceENgCGRMb,Anitta,1,253540,0.009248702,26
2026-06-09,IT,6FtwCmLY6L1sqvjaQ2lV6G,Emis Killa,1,253540,0.009248702,26
2026-06-09,IT,0BjRnUqiITQwjqGtTeoxUS,DELIA,1,224480,0.008188643,31
2026-06-09,IT,5mTg1ztZByLRHsOEtwmT4G,Levante,1,224480,0.008188643,31
2026-06-09,IT,1cKyknhftNKXCjMBd2hDrG,DYSTINCT,1,190171,0.00693711,34
2026-06-09,IT,51OKuyM4BiiYxFm8Mi6fa9,Mauvais djo,1,155630,0.005677114,38
2026-06-09,IT,0hCNtLu0JehylgoiP8L4Gh,Nicki Minaj,1,147764,0.005390176,39
2026-06-09,IT,1uNFoZAHBGtllmzznpCI3s,Justin Bieber,1,147764,0.005390176,39
2026-06-09,IT,7a0XAaPaK2aDSqa8p3QnC7,Beéle,1,138168,0.00504013,40
2026-06-09,IT,5uwa6tAMMfNbBFIHiI6NV4,W Sound,1,138168,0.00504013,40
2026-06-09,IT,3m5qlPf2OkihLz3dRYnkPA,Ovy On The Drums,1,138168,0.00504013,40
2026-06-09,IT,4p5WgeiPSPpqPDs7T6OkWf,ANOTR,1,129703,0.004731342,44
2026-06-09,IT,6X5L6rmyvrWWu60Gx6exiZ,54 Ultra,1,129703,0.004731342,44
2026-06-09,IT,6HQ27YefiitrZ9YsWrgRHX,Fresh Beatz,1,121316,0.004425398,45
2026-06-09,IT,26toJml6wSdf58ZgNG0ci9,Dipinto,1,121316,0.004425398,45
2026-06-09,IT,7tmMPdOmFvdRvbj2aWoiRi,Jovanotti,1,121078,0.004416716,46
2026-06-09,IT,1vgQksyJ0IVz8y9XerEOy3,Madame,1,113870,0.004153781,48
2026-06-09,IT,44DWomjW1oDuxIoBIRpmQ4,Rhove,1,109798,0.004005241,49
2026-06-09,IT,01XCyobLTxOrswogL7YNIu,Dibla,1,108863,0.003971134,50
2026-06-09,IT,5mHUmlJWkcoOk1NbjfrXWz,Temper City,1,105697,0.003855644,51
2026-06-09,IT,0TnOYISbd1XYRBk9myaseg,Pitbull,1,97174,0.00354474,53
2026-06-09,IT,2DlGxzQSjYe5N6G9nkYghR,Jennifer Lopez,1,97174,0.00354474,53
2026-06-09,IT,6USv9qhCn6zfxlBQIYJ9qs,Dominic Fike,1,90724,0.003309455,54
2026-06-09,IT,5FwDaIGy29GQC5d0MR7fKf,LDA,1,85715,0.003126735,55
2026-06-09,IT,0lQtBhjEJpoOroQS6fbWMc,Aka 7even,1,85715,0.003126735,55
2026-06-09,IT,1uZVxckdGGKhFMpCnupXmP,Los Pleneros de la Cresta,1,84456,0.003080809,56
2026-06-09,IT,2R21vXR83lH98kGeO99Y66,Anuel AA,1,83703,0.003053341,57
2026-06-09,IT,5PlfkPxwCpRRWQJBxCa0By,HUGEL,1,83442,0.00304382,58
2026-06-09,IT,0F3tUZeb9dLNEpxCpzEBQt,SOLTO (FR),1,83442,0.00304382,58
2026-06-09,IT,5p9HO3XC5P3BLxJs5Mtrhm,Djo,1,80088,0.002921472,59
2026-06-09,IT,1c22GXH30ijlOfXhfLz9Df,Elvis Crespo,1,77695,0.002834179,60
2026-06-09,IT,7HtzacrJpksCiS6qHypb8l,Ditonellapiaga,1,72959,0.002661418,61
2026-06-09,IT,790FomKkXshlbRYZFtlgla,KAROL G,1,72616,0.002648906,62
2026-06-09,IT,2iK8weavvfS2xJCmzNzNE5,J-AX,1,72402,0.0026411,63
2026-06-09,IT,5H1nN1SzW0qNeUEZvuXjAj,Danny Ocean,1,72091,0.002629755,64
2026-06-09,IT,05brE7yGJDmIYlMirfSi0B,Federica Abbate,1,71991,0.002626107,65
2026-06-09,IT,7h1amg0X7Q5d0D5KfuyKTg,Pyrex,1,70122,0.00255793,66
2026-06-09,IT,66CXWjxzNUsdJxJ2JdwvnR,Ariana Grande,1,69769,0.002545053,67
2026-06-09,IT,4eq1q0o9XPyNq9RG3fNDD1,Yorghaki,1,69593,0.002538632,68
2026-06-09,IT,3DeOmVSmpv7WknXoo1OS8p,Alleh,1,69593,0.002538632,68
2026-06-09,IT,2sil8z5kiy4r76CRTXxBCA,The Goo Goo Dolls,1,68461,0.002497339,69
2026-06-09,IT,5KKpBU5eC2tJDzf0wmlRp2,RAYE,1,68027,0.002481508,70
2026-06-09,IT,1eBPcZCSWh1EAv0aOXusye,Higashi,1,66946,0.002442075,71
2026-06-09,IT,1A6HBLulvBFzNtlMb7b08f,Angelina Mango,1,66529,0.002426863,72
2026-06-09,IT,2tIP7SsRs7vjIcLrU85W8J,The Kid LAROI,1,66470,0.002424711,73
2026-06-09,IT,2oQX8QiMXOyuqbcZEFsZfm,El Alfa,1,66198,0.002414789,74
2026-06-09,IT,5iot8OPcosJN9nCl7I5SdK,Irama,1,64399,0.002349164,75
2026-06-09,IT,6bMul6rmRS03x38tWKYifO,883,1,63197,0.002305317,76
2026-06-09,IT,2tOGpIgNsnDk6BxqFU2vCX,Il Ghost,1,63162,0.002304041,77
2026-06-09,IT,7gjqZ8coFZimZDtdk04WP1,MACE,1,62552,0.002281789,78
2026-06-09,IT,10exVja0key0uqUkk6LJRT,Vance Joy,1,62177,0.00226811,79
2026-06-09,IT,30fnIb0InCgAp2IPY17nqd,RRARI DAL TACCO,1,61804,0.002254503,80
2026-06-09,IT,5NGO30tJxFlKixkPSgXcFE,The Police,1,61747,0.002252424,81
2026-06-09,IT,5bv5RplEOwdCvhq0EILh9E,Lucenzo,1,60452,0.002205185,82
2026-06-09,IT,33ScadVnbm2X8kkUqOkC6Z,Don Omar,1,60452,0.002205185,82
2026-06-09,IT,1HBjj22wzbscIZ9sEb5dyf,Jonas Blue,1,60243,0.002197561,83
2026-06-09,IT,5JsnFhU4OqgEtNXs7Sq1Vm,Malive,1,60243,0.002197561,83
2026-06-09,IT,5mZJerulcERBZV7xnhrVp1,Ryan Lewis,1,59987,0.002188222,84
2026-06-09,IT,3JhNCzhSMTxs9WLGJJxWOY,Macklemore,1,59987,0.002188222,84
2026-06-09,IT,4e0nWw2r4BoQSKPQ2zpU13,Ray Dalton,1,59987,0.002188222,84
2026-06-09,IT,5BcAKTbp20cv7tC5VqPFoC,Macklemore & Ryan Lewis,1,59987,0.002188222,84
2026-06-09,IT,5rRcnWrevHgbuWjl7Lhft7,Merk & Kremont,1,59734,0.002178993,85
2026-06-09,IT,72A0Z8q8NiochyK9gUHpCR,The Kolors,1,59734,0.002178993,85
2026-06-09,IT,6U1dV7aL68N7Gb0Naq34V5,REI AMI,1,59010,0.002152583,86
2026-06-09,IT,7mW7Tv7NvywKKXqafZo0Lc,KPop Demon Hunters Cast,1,59010,0.002152583,86
2026-06-09,IT,0RMJOzHDhAKY1o2j0W0vxY,EJAE,1,59010,0.002152583,86
2026-06-09,IT,2yNNYQBChuox9A5Ka93BIn,HUNTR/X,1,59010,0.002152583,86
2026-06-09,IT,0Wwji82sLA0Hcvtuak3omb,AUDREY NUNA,1,59010,0.002152583,86
2026-06-09,IT,2dAKW1tsAariQ0Ta2gqp8N,Gow Tribe,1,58944,0.002150175,87
2026-06-09,IT,2mUoO8KgRQOOzR0VoUWoEV,Latrelle,1,58885,0.002148023,88
2026-06-09,IT,6YBgd2LKccEB3pX6UaW1Yp,Thegiornalisti,1,58858,0.002147038,89
2026-06-09,IT,2CCgb0KApjfQDuTppovpf8,Rvfv,1,57746,0.002106474,90
2026-06-09,IT,3g9MKjIP9xrMTY5Pbwr6Nk,Kreamly,1,57746,0.002106474,90
2026-06-09,IT,6RWMnZmXs8Ob715qLr4374,Aissa,1,57746,0.002106474,90
2026-06-09,IT,1Xylc3o4UrD53lo9CvFvVg,Zara Larsson,1,57607,0.002101404,91
2026-06-09,IT,056KMTw6IztdQjBmFfVyO3,Rkomi,1,57063,0.00208156,92
2026-06-09,IT,7krakxeyEmge6pzTthKNyg,The Bausa,1,56985,0.002078714,93
2026-06-09,IT,1Yj5Xey7kTwvZla8sqdsdE,Cris MJ,1,56720,0.002069048,94
2026-06-09,IT,7CvTknweLr9feJtRGrpDBy,FloyyMenor,1,56720,0.002069048,94
2026-06-09,IT,11TplWqOPQBTmg2eiSLt1m,Tiziano Ferro,1,56227,0.002051064,95
2026-06-09,IT,4G9NDjRyZFDlJKMRL8hx3S,sombr,1,56015,0.00204333,96
2026-06-09,IT,2cy1zPcrFcXAJTP0APWewL,Gente De Zona,1,55130,0.002011047,97
2026-06-09,IT,4wLXwxDeWQ8mtUIRPxGiD6,Marc Anthony,1,55130,0.002011047,97
2026-06-09,IT,1McMsnEElThX1knmY4oliG,Olivia Rodrigo,1,54838,0.002000396,98
2026-06-09,IT,6nVcHLIgY5pE2YCl8ubca1,JHAYCO,1,54713,0.001995836,99
2026-06-09,IT,07yfI2D37Ir0pGQ8huDd4j,TonyPitony,1,54265,0.001979494,100
2026-06-09,IT,5RTLRtXjbXI2lSXc6jxlAz,Ravyn Lenae,1,54217,0.001977743,101
2026-06-09,IT,7H8ZC8uHJMPZGLMApRRNIz,Ligabue,1,53790,0.001962166,102
2026-06-09,IT,2nftqfbLohpDYzY8VUlvbm,Benji & Fede,1,53409,0.001948268,103
2026-06-09,IT,5INjqkS1o8h1imAzPqGZBb,Tame Impala,1,53305,0.001944474,104
2026-06-09,IT,250b0Wlc5Vk0CoUsaCY84M,JENNIE,1,53305,0.001944474,104
2026-06-09,IT,3AVx3OBPIk4pJQllAXoVs1,Gaia,1,53254,0.001942614,105
2026-06-09,IT,716NhGYqD1jl2wI1Qkgq36,Bizarrap,1,53128,0.001938018,106
2026-06-09,IT,1vyhD5VmyZ7KMfW5gqLgo5,J Balvin,1,52764,0.00192474,107
2026-06-09,IT,08ppjXEpROUgrG1X0DEquB,Nerissima Serpe,1,52520,0.001915839,108
2026-06-09,IT,7KFOc3T4Xo8DVZt4PWw2qN,Gazzelle,1,52335,0.00190909,109
2026-06-09,IT,0fTSzq9jAh4c36UVb4V7CB,Alex Warren,1,52081,0.001899825,110
2026-06-09,IT,6wH6iStAh4KIaWfuhf0NYM,Manu Chao,1,51549,0.001880419,111
2026-06-09,IT,5YV5crRpcdknHgEzystZHr,SHUNE,1,51076,0.001863164,112
2026-06-09,IT,1vfezMIyCr4XUdYRaKIKi3,Keyshia Cole,1,50978,0.001859589,113
2026-06-09,IT,3Isy6kedDrgPYoTS1dazA9,Sean Paul,1,50978,0.001859589,113
2026-06-09,IT,3wDn3kW2zDRLnaQAnX0S3x,Dat Boi Dee,1,50943,0.001858313,114
2026-06-09,IT,76UCIJTB0jcJvBaL0CdIqx,Takagi & Ketra,1,50943,0.001858313,114
2026-06-09,IT,687cZJR45JO7jhk1LHIbgq,Tems,1,50860,0.001855285,115
2026-06-09,IT,6Ip8FS7vWT1uKkJSweANQK,Dave,1,50860,0.001855285,115
2026-06-09,IT,6FcVd3KlRxozcLl19FMXu9,Max Pezzali,1,50762,0.00185171,116
2026-06-09,IT,7MdlXmq2HViAJWo9cf30sR,Cloonee,1,50482,0.001841496,117
2026-06-09,IT,6HabM2PUM519iIxervGWSb,Prospa,1,50482,0.001841496,117
2026-06-09,IT,5l4nhyz8876RhgE2d18h65,Vasco Rossi,1,50021,0.00182468,118
2026-06-09,IT,7zPS3i8YJBNeDcqXUHfCMr,AVA,1,50007,0.001824169,119
2026-06-09,IT,6hkKbkZGvAXuvle2FhCnxy,Shablo,1,49308,0.001798671,120
2026-06-09,IT,5CqlDzj8DSqsklkXuTYfSd,Nabi,1,49304,0.001798525,121
2026-06-09,IT,0VNf9xwpp1f2TFUH2Q85Ar,Lucifer,1,49304,0.001798525,121
2026-06-09,IT,2Ny7KtAFxJ0Ac3FPBiClWW,Yunes LaGrintaa,1,49304,0.001798525,121
2026-06-09,IT,2SLBMi00NHiYhfnJ36aTvd,Kassimi,1,49304,0.001798525,121
2026-06-09,IT,6cE2WyjXwngsJynb3uk1WO,Néza,1,49304,0.001798525,121
2026-06-09,IT,4gzpq5DPGxSnKTe4SA8HAU,Coldplay,1,49268,0.001797212,122
2026-06-09,IT,13jvLDXME7yplEwCweRivE,Tutti Fenomeni,1,49094,0.001790864,123
2026-06-09,IT,1fctva4kpRbg2k3v7kwRuS,Rvssian,1,49007,0.001787691,124
2026-06-09,IT,0r310cYIlI5aMcuDTChNlO,Loretta Goggi,1,48992,0.001787144,125
2026-06-09,IT,7F2utINZ6tSokSiZTQBE27,Guè,1,48684,0.001775908,126
2026-06-09,IT,38CThoTDmXugNnfonW466d,Jiz,2,329216,0.012009231,16
2026-06-09,IT,0QrUbsrL5imqntAfDl8i7q,Fred De Palma,2,310173,0.011314576,19
2026-06-09,IT,7108jelN43seqWILMvJwKi,Serena Brancale,2,284214,0.010367636,23
2026-06-09,IT,3hN3iJMbbBmqBSAMx5veDa,Ultimo,2,244618,0.008923242,28
2026-06-09,IT,47z0zz9ZMCn9GBiPRTn5Bc,Tommaso Paradiso,2,191772,0.006995511,33
2026-06-09,IT,7GacyaFUp0qkEJglERX9N7,Alfa,2,172627,0.006297135,35
2026-06-09,IT,0gzwXezN4IUHAwLufA6YcX,Emma,2,167944,0.006126307,36
2026-06-09,IT,1QeqGmpgU5Yg74GNcjIIq3,Fulminacci,2,161815,0.005902732,37
2026-06-09,IT,0EqkKYDK9EkKY5N7zU3FPv,Annalisa,2,136902,0.004993949,41
2026-06-09,IT,2aiM1OfMODFLUXaQgEVPK1,Roberto Ferrante,2,133144,0.004856863,42
2026-06-09,IT,1UjxAZqzphB1tsMb1aWBj0,Omega,2,133144,0.004856863,42
2026-06-09,IT,52iwsT98xCoGgiGntTiR7K,Quevedo,2,130823,0.004772197,43
2026-06-09,IT,7cdIY4mDfM1dbjgl7s2fGR,Sal Da Vinci,2,118056,0.004306479,47
2026-06-09,IT,7GgpsUpkj3olseoaTY7TEY,Elodie,2,102483,0.003738403,52
2026-06-09,IT,6RdcIWVKYYzNzjQRd3oyHS,Pinguini Tattici Nucleari,3,275350,0.010044293,24
2026-06-09,IT,0jdNdfi4vAuVi7a6cPDFBM,Lazza,3,242712,0.008853715,29
2026-06-09,IT,5dXlc7MnpaTeUIsHLVe3n4,Coez,3,229077,0.008356333,30
2026-06-09,IT,1AgAVqo74e2q4FVvg0xpT7,Tedua,3,202468,0.007385683,32
2026-06-09,IT,2QJ1AReDewmz4fcRhGxW6Y,Vito Salamanca,4,545035,0.019881936,8
2026-06-09,IT,2n0Ki4A5tKTEloq3WCt1IH,Samurai Jay,4,545035,0.019881936,8
2026-06-09,IT,2ifTEcQqKSPwijIEcPHQ1R,Flatpearl,4,473747,0.017281473,12
2026-06-09,IT,1dlyjeDlgXalzt5oqbgWDs,G.Mineiro,4,473747,0.017281473,12
2026-06-09,IT,1l1A1U8VJM15W7zonFqKhg,Succo,4,473747,0.017281473,12
2026-06-09,IT,3fMbdgg4jU18AjLCKBhRSm,Michael Jackson,4,316685,0.011552122,18
2026-06-09,IT,3HAwumPgGOSXlZSyGWuLhB,Sayf,4,301734,0.011006735,20
2026-06-09,IT,3yiEJ9SByXZMXTwaKdVFN4,Luchè,4,300304,0.010954571,21
2026-06-09,IT,3fhMfkPPzksWuw0hEm4ldm,Ernia,4,290566,0.010599346,22
2026-06-09,IT,3LvwPiJQJ0da0GurKMToV0,Baby Gang,4,252939,0.009226778,27
2026-06-09,IT,2R4kNOwHUUsuDYhKsESVbF,Artie 5ive,5,796115,0.029040901,5
2026-06-09,IT,7K80yOTC0Id95gRaOxDG5u,ANNA,5,562765,0.020528696,7
2026-06-09,IT,25u1DN0MwQVSav4XoJS7hl,Olly,5,415064,0.015140818,14
2026-06-09,IT,5AZuEF0feCXMkUCwQiQlW7,Marracash,5,336841,0.012287378,15
2026-06-09,IT,5SulO4l40qDuV9zUGLZx7n,Capo Plaza,5,316728,0.011553691,17
2026-06-09,IT,4rj3KWaLAnuxgtMMkypZhf,Juli,6,533207,0.019450471,10
2026-06-09,IT,0lI3rF4hi4op6UxqlLHPzv,Achille Lauro,6,490116,0.017878586,11
2026-06-09,IT,396Jr76018oUMR6QBnqT8T,Cesare Cremonini,6,458456,0.016723683,13
2026-06-09,IT,7FeObngbQ0GY3SojNwKdKn,Bresh,7,654904,0.023889767,6
2026-06-09,IT,0EUR8jz8L936AEbV2Spkca,Kid Yugi,8,540549,0.019718294,9
2026-06-09,IT,4q3ewBCX7sLwd24euuV69X,Bad Bunny,9,822596,0.030006882,4
2026-06-09,IT,27LlKWxS3KXW7RRAxN5S8s,Geolier,14,1474051,0.053770836,2
2026-06-09,IT,23TFHmajVfBtlRx5MXqgoz,Sfera Ebbasta,14,1258640,0.045913014,3
2026-06-09,IT,2K5nCggbhSZ00YCYP5qkZS,Shiva,16,1750825,0.063867073,1
2026-07-12,IT,7FNnA9vBm6EKceENgCGRMb,Anitta,1,214638,0.008587137,22
2026-07-12,IT,6FtwCmLY6L1sqvjaQ2lV6G,Emis Killa,1,214638,0.008587137,22
2026-07-12,IT,5mTg1ztZByLRHsOEtwmT4G,Levante,1,185515,0.007421998,31
2026-07-12,IT,0BjRnUqiITQwjqGtTeoxUS,DELIA,1,185515,0.007421998,31
2026-07-12,IT,1cKyknhftNKXCjMBd2hDrG,DYSTINCT,1,184255,0.007371589,34
2026-07-12,IT,3wcj11K77LjEY1PkEazffa,Burna Boy,1,142929,0.005718237,42
2026-07-12,IT,0EmeFodog0BfCgMzAIvKQp,Shakira,1,142929,0.005718237,42
2026-07-12,IT,6X5L6rmyvrWWu60Gx6exiZ,54 Ultra,1,138273,0.005531962,43
2026-07-12,IT,4p5WgeiPSPpqPDs7T6OkWf,ANOTR,1,138273,0.005531962,43
2026-07-12,IT,3xGlLcG9CUrs5MvFkSLOS5,Marco Mengoni,1,126926,0.005077996,46
2026-07-12,IT,3m5qlPf2OkihLz3dRYnkPA,Ovy On The Drums,1,125447,0.005018825,48
2026-07-12,IT,5uwa6tAMMfNbBFIHiI6NV4,W Sound,1,125447,0.005018825,48
2026-07-12,IT,7a0XAaPaK2aDSqa8p3QnC7,Beéle,1,125447,0.005018825,48
2026-07-12,IT,5iot8OPcosJN9nCl7I5SdK,Irama,1,121410,0.004857315,51
2026-07-12,IT,0F3tUZeb9dLNEpxCpzEBQt,SOLTO (FR),1,115081,0.004604107,52
2026-07-12,IT,1c22GXH30ijlOfXhfLz9Df,Elvis Crespo,1,114266,0.004571501,53
2026-07-12,IT,7tmMPdOmFvdRvbj2aWoiRi,Jovanotti,1,107827,0.004313893,56
2026-07-12,IT,0hCNtLu0JehylgoiP8L4Gh,Nicki Minaj,1,105306,0.004213034,58
2026-07-12,IT,1uNFoZAHBGtllmzznpCI3s,Justin Bieber,1,105306,0.004213034,58
2026-07-12,IT,5mHUmlJWkcoOk1NbjfrXWz,Temper City,1,91188,0.003648207,59
2026-07-12,IT,6PsQc21YZU7WNfiODG69Qk,Tony Boy,1,86361,0.003455091,60
2026-07-12,IT,1cK2Abwkni7m51wJCSGllN,Ultra Naté,1,79925,0.003197602,61
2026-07-12,IT,17yREPqyU875WJnX9U082A,Imael Angel,1,79925,0.003197602,61
2026-07-12,IT,01XCyobLTxOrswogL7YNIu,Dibla,1,79290,0.003172198,62
2026-07-12,IT,0jdNdfi4vAuVi7a6cPDFBM,Lazza,1,78525,0.003141592,63
2026-07-12,IT,7krakxeyEmge6pzTthKNyg,The Bausa,1,78080,0.003123788,64
2026-07-12,IT,1uZVxckdGGKhFMpCnupXmP,Los Pleneros de la Cresta,1,77275,0.003091582,65
2026-07-12,IT,2R21vXR83lH98kGeO99Y66,Anuel AA,1,75900,0.003036572,66
2026-07-12,IT,6RWMnZmXs8Ob715qLr4374,Aissa,1,75821,0.003033411,67
2026-07-12,IT,2CCgb0KApjfQDuTppovpf8,Rvfv,1,75821,0.003033411,67
2026-07-12,IT,3g9MKjIP9xrMTY5Pbwr6Nk,Kreamly,1,75821,0.003033411,67
2026-07-12,IT,2LRoIwlKmHjgvigdNGBHNo,Feid,1,73154,0.002926711,68
2026-07-12,IT,5JsnFhU4OqgEtNXs7Sq1Vm,Malive,1,69957,0.002798807,69
2026-07-12,IT,1HBjj22wzbscIZ9sEb5dyf,Jonas Blue,1,69957,0.002798807,69
2026-07-12,IT,5rRcnWrevHgbuWjl7Lhft7,Merk & Kremont,1,67870,0.002715311,70
2026-07-12,IT,72A0Z8q8NiochyK9gUHpCR,The Kolors,1,67870,0.002715311,70
2026-07-12,IT,6JhUHne9H09NdkTI5E9GSt,Dardust,1,67859,0.002714871,71
2026-07-12,IT,4eq1q0o9XPyNq9RG3fNDD1,Yorghaki,1,65976,0.002639537,72
2026-07-12,IT,3DeOmVSmpv7WknXoo1OS8p,Alleh,1,65976,0.002639537,72
2026-07-12,IT,2sil8z5kiy4r76CRTXxBCA,The Goo Goo Dolls,1,65741,0.002630135,73
2026-07-12,IT,790FomKkXshlbRYZFtlgla,KAROL G,1,65735,0.002629895,74
2026-07-12,IT,6USv9qhCn6zfxlBQIYJ9qs,Dominic Fike,1,63379,0.002535638,75
2026-07-12,IT,1yq9UuPp5DIb5w6eswGbKV,Adriano Celentano,1,63360,0.002534877,76
2026-07-12,IT,44DWomjW1oDuxIoBIRpmQ4,Rhove,1,63060,0.002522875,77
2026-07-12,IT,5H1nN1SzW0qNeUEZvuXjAj,Danny Ocean,1,62370,0.00249527,78
2026-07-12,IT,10exVja0key0uqUkk6LJRT,Vance Joy,1,62088,0.002483988,79
2026-07-12,IT,5p9HO3XC5P3BLxJs5Mtrhm,Djo,1,59960,0.002398852,80
2026-07-12,IT,1EbIfIjVcauDatNO4vagL1,Sybil,1,59486,0.002379888,81
2026-07-12,IT,7MdlXmq2HViAJWo9cf30sR,Cloonee,1,59486,0.002379888,81
2026-07-12,IT,6HabM2PUM519iIxervGWSb,Prospa,1,59486,0.002379888,81
2026-07-12,IT,5Otk4eRecMMbC5YR4Iliou,Le-one,1,58580,0.002343641,82
2026-07-12,IT,2eFv7NVs8R6Go7msuqikeg,Pino Daniele,1,58422,0.00233732,83
2026-07-12,IT,2DlGxzQSjYe5N6G9nkYghR,Jennifer Lopez,1,57379,0.002295592,84
2026-07-12,IT,0TnOYISbd1XYRBk9myaseg,Pitbull,1,57379,0.002295592,84
2026-07-12,IT,3wDn3kW2zDRLnaQAnX0S3x,Dat Boi Dee,1,56533,0.002261746,85
2026-07-12,IT,6hkKbkZGvAXuvle2FhCnxy,Shablo,1,56027,0.002241502,86
2026-07-12,IT,5NGO30tJxFlKixkPSgXcFE,The Police,1,55672,0.0022273,87
2026-07-12,IT,2oQX8QiMXOyuqbcZEFsZfm,El Alfa,1,55533,0.002221738,88
2026-07-12,IT,05brE7yGJDmIYlMirfSi0B,Federica Abbate,1,55439,0.002217978,89
2026-07-12,IT,0harR1ApYeMN6GOLBNMiUR,Eddie Brock,1,55417,0.002217098,90
2026-07-12,IT,0lQtBhjEJpoOroQS6fbWMc,Aka 7even,1,53402,0.002136482,91
2026-07-12,IT,5FwDaIGy29GQC5d0MR7fKf,LDA,1,53402,0.002136482,91
2026-07-12,IT,6YBgd2LKccEB3pX6UaW1Yp,Thegiornalisti,1,52863,0.002114918,92
2026-07-12,IT,7CvTknweLr9feJtRGrpDBy,FloyyMenor,1,52101,0.002084433,93
2026-07-12,IT,1Yj5Xey7kTwvZla8sqdsdE,Cris MJ,1,52101,0.002084433,93
2026-07-12,IT,7h1amg0X7Q5d0D5KfuyKTg,Pyrex,1,51905,0.002076591,94
2026-07-12,IT,3AVx3OBPIk4pJQllAXoVs1,Gaia,1,51848,0.002074311,95
2026-07-12,IT,4e0nWw2r4BoQSKPQ2zpU13,Ray Dalton,1,51639,0.002065949,96
2026-07-12,IT,3JhNCzhSMTxs9WLGJJxWOY,Macklemore,1,51639,0.002065949,96
2026-07-12,IT,5BcAKTbp20cv7tC5VqPFoC,Macklemore & Ryan Lewis,1,51639,0.002065949,96
2026-07-12,IT,5mZJerulcERBZV7xnhrVp1,Ryan Lewis,1,51639,0.002065949,96
2026-07-12,IT,7F2utINZ6tSokSiZTQBE27,Guè,1,51549,0.002062348,97
2026-07-12,IT,5bv5RplEOwdCvhq0EILh9E,Lucenzo,1,51528,0.002061508,98
2026-07-12,IT,33ScadVnbm2X8kkUqOkC6Z,Don Omar,1,51528,0.002061508,98
2026-07-12,IT,0fTSzq9jAh4c36UVb4V7CB,Alex Warren,1,51491,0.002060028,99
2026-07-12,IT,0r310cYIlI5aMcuDTChNlO,Loretta Goggi,1,51426,0.002057428,100
2026-07-12,IT,7u710e44HW3K7A5eTnRqHC,Fabri Fibra,1,51237,0.002049866,101
2026-07-12,IT,7gjqZ8coFZimZDtdk04WP1,MACE,1,51213,0.002048906,102
2026-07-12,IT,2nftqfbLohpDYzY8VUlvbm,Benji & Fede,1,50535,0.002021781,103
2026-07-12,IT,7HtzacrJpksCiS6qHypb8l,Ditonellapiaga,1,50435,0.00201778,104
2026-07-12,IT,2PEMswqQspTSsAltdeF5kO,Simba La Rue,1,50101,0.002004418,105
2026-07-12,IT,2dAKW1tsAariQ0Ta2gqp8N,Gow Tribe,1,49915,0.001996976,106
2026-07-12,IT,2cy1zPcrFcXAJTP0APWewL,Gente De Zona,1,49900,0.001996376,107
2026-07-12,IT,4wLXwxDeWQ8mtUIRPxGiD6,Marc Anthony,1,49900,0.001996376,107
2026-07-12,IT,2i04Yoaa4wV8J75w8aPX1G,Kano Choir,1,48981,0.001959609,108
2026-07-12,IT,7H8ZC8uHJMPZGLMApRRNIz,Ligabue,1,48944,0.001958129,109
2026-07-12,IT,2jnjbAYKylrmBMCFZE0OCK,Poison Beatz,1,48656,0.001946607,110
2026-07-12,IT,7KFOc3T4Xo8DVZt4PWw2qN,Gazzelle,1,48579,0.001943526,111
2026-07-12,IT,1fctva4kpRbg2k3v7kwRuS,Rvssian,1,48575,0.001943366,112
2026-07-12,IT,6wH6iStAh4KIaWfuhf0NYM,Manu Chao,1,48343,0.001934084,113
2026-07-12,IT,0du5cEVh5yTK9QJze8zA0C,Bruno Mars,1,48315,0.001932964,114
2026-07-12,IT,0Wwji82sLA0Hcvtuak3omb,AUDREY NUNA,1,48175,0.001927363,115
2026-07-12,IT,7mW7Tv7NvywKKXqafZo0Lc,KPop Demon Hunters Cast,1,48175,0.001927363,115
2026-07-12,IT,0RMJOzHDhAKY1o2j0W0vxY,EJAE,1,48175,0.001927363,115
2026-07-12,IT,2yNNYQBChuox9A5Ka93BIn,HUNTR/X,1,48175,0.001927363,115
2026-07-12,IT,6U1dV7aL68N7Gb0Naq34V5,REI AMI,1,48175,0.001927363,115
2026-07-12,IT,6jwzGu5VdkR5tsRROYuxso,DrefGold,1,47804,0.00191252,116
2026-07-12,IT,716NhGYqD1jl2wI1Qkgq36,Bizarrap,1,47106,0.001884595,117
2026-07-12,IT,5YV5crRpcdknHgEzystZHr,SHUNE,1,46273,0.001851269,118
2026-07-12,IT,3o7fC2O4nraaicpID6bBZW,Elettra Lamborghini,1,46073,0.001843267,119
2026-07-12,IT,1vyhD5VmyZ7KMfW5gqLgo5,J Balvin,1,46061,0.001842787,120
2026-07-12,IT,6nVcHLIgY5pE2YCl8ubca1,JHAYCO,1,46030,0.001841547,121
2026-07-12,IT,4gzpq5DPGxSnKTe4SA8HAU,Coldplay,1,45851,0.001834386,122
2026-07-12,IT,0QrUbsrL5imqntAfDl8i7q,Fred De Palma,2,261810,0.010474373,14
2026-07-12,IT,7108jelN43seqWILMvJwKi,Serena Brancale,2,253385,0.010137309,17
2026-07-12,IT,38CThoTDmXugNnfonW466d,Jiz,2,223537,0.008943165,19
2026-07-12,IT,5PlfkPxwCpRRWQJBxCa0By,HUGEL,2,195006,0.00780171,29
2026-07-12,IT,3HAwumPgGOSXlZSyGWuLhB,Sayf,2,190004,0.007601592,30
2026-07-12,IT,1A6HBLulvBFzNtlMb7b08f,Angelina Mango,2,185397,0.007417277,32
2026-07-12,IT,2DaxqgrOhkeH0fpeiQq2f4,Oasis,2,170067,0.006803962,36
2026-07-12,IT,1vgQksyJ0IVz8y9XerEOy3,Madame,2,161229,0.006450375,37
2026-07-12,IT,26toJml6wSdf58ZgNG0ci9,Dipinto,2,159343,0.006374921,38
2026-07-12,IT,6HQ27YefiitrZ9YsWrgRHX,Fresh Beatz,2,159343,0.006374921,38
2026-07-12,IT,47z0zz9ZMCn9GBiPRTn5Bc,Tommaso Paradiso,2,147150,0.005887109,39
2026-07-12,IT,3fMbdgg4jU18AjLCKBhRSm,Michael Jackson,2,145867,0.005835779,40
2026-07-12,IT,1QeqGmpgU5Yg74GNcjIIq3,Fulminacci,2,143511,0.005741521,41
2026-07-12,IT,0gzwXezN4IUHAwLufA6YcX,Emma,2,130397,0.005216863,44
2026-07-12,IT,76UCIJTB0jcJvBaL0CdIqx,Takagi & Ketra,2,127641,0.005106602,45
2026-07-12,IT,1eBPcZCSWh1EAv0aOXusye,Higashi,2,126830,0.005074156,47
2026-07-12,IT,2aiM1OfMODFLUXaQgEVPK1,Roberto Ferrante,2,123783,0.004952253,49
2026-07-12,IT,1UjxAZqzphB1tsMb1aWBj0,Omega,2,123783,0.004952253,49
2026-07-12,IT,0EqkKYDK9EkKY5N7zU3FPv,Annalisa,2,122637,0.004906404,50
2026-07-12,IT,7cdIY4mDfM1dbjgl7s2fGR,Sal Da Vinci,2,110330,0.004414031,54
2026-07-12,IT,6FcVd3KlRxozcLl19FMXu9,Max Pezzali,2,109036,0.004362262,55
2026-07-12,IT,7GgpsUpkj3olseoaTY7TEY,Elodie,2,106310,0.004253201,57
2026-07-12,IT,2n0Ki4A5tKTEloq3WCt1IH,Samurai Jay,3,436618,0.01746801,9
2026-07-12,IT,2QJ1AReDewmz4fcRhGxW6Y,Vito Salamanca,3,436618,0.01746801,9
2026-07-12,IT,51OKuyM4BiiYxFm8Mi6fa9,Mauvais djo,3,261372,0.01045685,15
2026-07-12,IT,6RdcIWVKYYzNzjQRd3oyHS,Pinguini Tattici Nucleari,3,253623,0.010146831,16
2026-07-12,IT,5AZuEF0feCXMkUCwQiQlW7,Marracash,3,215458,0.008619944,21
2026-07-12,IT,52iwsT98xCoGgiGntTiR7K,Quevedo,3,211718,0.008470315,23
2026-07-12,IT,5dXlc7MnpaTeUIsHLVe3n4,Coez,3,211594,0.008465355,24
2026-07-12,IT,7GacyaFUp0qkEJglERX9N7,Alfa,3,202667,0.008108207,25
2026-07-12,IT,5SulO4l40qDuV9zUGLZx7n,Capo Plaza,3,200419,0.00801827,26
2026-07-12,IT,396Jr76018oUMR6QBnqT8T,Cesare Cremonini,3,195734,0.007830835,27
2026-07-12,IT,0EUR8jz8L936AEbV2Spkca,Kid Yugi,3,195183,0.007808791,28
2026-07-12,IT,3fhMfkPPzksWuw0hEm4ldm,Ernia,3,184597,0.007385271,33
2026-07-12,IT,3yiEJ9SByXZMXTwaKdVFN4,Luchè,3,183416,0.007338022,35
2026-07-12,IT,1dlyjeDlgXalzt5oqbgWDs,G.Mineiro,4,323150,0.012928435,12
2026-07-12,IT,2ifTEcQqKSPwijIEcPHQ1R,Flatpearl,4,323150,0.012928435,12
2026-07-12,IT,1l1A1U8VJM15W7zonFqKhg,Succo,4,323150,0.012928435,12
2026-07-12,IT,0lI3rF4hi4op6UxqlLHPzv,Achille Lauro,4,294506,0.011782459,13
2026-07-12,IT,6bMul6rmRS03x38tWKYifO,883,4,227752,0.009111796,18
2026-07-12,IT,3LvwPiJQJ0da0GurKMToV0,Baby Gang,4,221056,0.008843906,20
2026-07-12,IT,7FeObngbQ0GY3SojNwKdKn,Bresh,5,415285,0.01661453,11
2026-07-12,IT,2R4kNOwHUUsuDYhKsESVbF,Artie 5ive,6,626282,0.025056,7
2026-07-12,IT,25u1DN0MwQVSav4XoJS7hl,Olly,6,420141,0.016808806,10
2026-07-12,IT,4rj3KWaLAnuxgtMMkypZhf,Juli,7,506041,0.020245453,8
2026-07-12,IT,3hN3iJMbbBmqBSAMx5veDa,Ultimo,8,666505,0.026665223,5
2026-07-12,IT,4q3ewBCX7sLwd24euuV69X,Bad Bunny,8,626754,0.025074883,6
2026-07-12,IT,2K5nCggbhSZ00YCYP5qkZS,Shiva,12,983948,0.039365335,4
2026-07-12,IT,7K80yOTC0Id95gRaOxDG5u,ANNA,17,1540570,0.061634409,2
2026-07-12,IT,23TFHmajVfBtlRx5MXqgoz,Sfera Ebbasta,19,1409098,0.056374539,3
2026-07-12,IT,27LlKWxS3KXW7RRAxN5S8s,Geolier,21,1808577,0.072356709,1
2026-06-23,IT,7FNnA9vBm6EKceENgCGRMb,Anitta,1,257202,0.009738547,21
2026-06-23,IT,6FtwCmLY6L1sqvjaQ2lV6G,Emis Killa,1,257202,0.009738547,21
2026-06-23,IT,0BjRnUqiITQwjqGtTeoxUS,DELIA,1,232627,0.008808053,24
2026-06-23,IT,5mTg1ztZByLRHsOEtwmT4G,Levante,1,232627,0.008808053,24
2026-06-23,IT,1cKyknhftNKXCjMBd2hDrG,DYSTINCT,1,203181,0.007693127,30
2026-06-23,IT,6PsQc21YZU7WNfiODG69Qk,Tony Boy,1,133258,0.005045603,43
2026-06-23,IT,3xGlLcG9CUrs5MvFkSLOS5,Marco Mengoni,1,132231,0.005006718,44
2026-06-23,IT,3m5qlPf2OkihLz3dRYnkPA,Ovy On The Drums,1,131561,0.004981349,45
2026-06-23,IT,5uwa6tAMMfNbBFIHiI6NV4,W Sound,1,131561,0.004981349,45
2026-06-23,IT,7a0XAaPaK2aDSqa8p3QnC7,Beéle,1,131561,0.004981349,45
2026-06-23,IT,6X5L6rmyvrWWu60Gx6exiZ,54 Ultra,1,131112,0.004964348,46
2026-06-23,IT,4p5WgeiPSPpqPDs7T6OkWf,ANOTR,1,131112,0.004964348,46
2026-06-23,IT,1uNFoZAHBGtllmzznpCI3s,Justin Bieber,1,126934,0.004806155,47
2026-06-23,IT,0hCNtLu0JehylgoiP8L4Gh,Nicki Minaj,1,126934,0.004806155,47
2026-06-23,IT,7tmMPdOmFvdRvbj2aWoiRi,Jovanotti,1,118268,0.004478031,49
2026-06-23,IT,3wcj11K77LjEY1PkEazffa,Burna Boy,1,113864,0.00431128,50
2026-06-23,IT,0EmeFodog0BfCgMzAIvKQp,Shakira,1,113864,0.00431128,50
2026-06-23,IT,5iot8OPcosJN9nCl7I5SdK,Irama,1,109006,0.00412734,52
2026-06-23,IT,5PlfkPxwCpRRWQJBxCa0By,HUGEL,1,108894,0.004123099,53
2026-06-23,IT,0F3tUZeb9dLNEpxCpzEBQt,SOLTO (FR),1,108894,0.004123099,53
2026-06-23,IT,5mHUmlJWkcoOk1NbjfrXWz,Temper City,1,105301,0.003987056,54
2026-06-23,IT,1c22GXH30ijlOfXhfLz9Df,Elvis Crespo,1,104314,0.003949685,55
2026-06-23,IT,01XCyobLTxOrswogL7YNIu,Dibla,1,93947,0.003557154,58
2026-06-23,IT,44DWomjW1oDuxIoBIRpmQ4,Rhove,1,91868,0.003478436,59
2026-06-23,IT,5rRcnWrevHgbuWjl7Lhft7,Merk & Kremont,1,84754,0.003209076,60
2026-06-23,IT,72A0Z8q8NiochyK9gUHpCR,The Kolors,1,84754,0.003209076,60
2026-06-23,IT,2R21vXR83lH98kGeO99Y66,Anuel AA,1,84479,0.003198664,61
2026-06-23,IT,1uZVxckdGGKhFMpCnupXmP,Los Pleneros de la Cresta,1,80338,0.003041871,62
2026-06-23,IT,2DlGxzQSjYe5N6G9nkYghR,Jennifer Lopez,1,75879,0.002873038,63
2026-06-23,IT,0TnOYISbd1XYRBk9myaseg,Pitbull,1,75879,0.002873038,63
2026-06-23,IT,6USv9qhCn6zfxlBQIYJ9qs,Dominic Fike,1,73533,0.002784211,64
2026-06-23,IT,2LRoIwlKmHjgvigdNGBHNo,Feid,1,73064,0.002766453,65
2026-06-23,IT,6bMul6rmRS03x38tWKYifO,883,1,69407,0.002627986,66
2026-06-23,IT,5p9HO3XC5P3BLxJs5Mtrhm,Djo,1,69087,0.00261587,67
2026-06-23,IT,2pzFTbri7ew8mW2CbYpCNq,Astro,1,68054,0.002576757,68
2026-06-23,IT,08ppjXEpROUgrG1X0DEquB,Nerissima Serpe,1,68054,0.002576757,68
2026-06-23,IT,2sil8z5kiy4r76CRTXxBCA,The Goo Goo Dolls,1,66471,0.002516819,69
2026-06-23,IT,790FomKkXshlbRYZFtlgla,KAROL G,1,65920,0.002495956,70
2026-06-23,IT,2CCgb0KApjfQDuTppovpf8,Rvfv,1,65478,0.002479221,71
2026-06-23,IT,3g9MKjIP9xrMTY5Pbwr6Nk,Kreamly,1,65478,0.002479221,71
2026-06-23,IT,6RWMnZmXs8Ob715qLr4374,Aissa,1,65478,0.002479221,71
2026-06-23,IT,1McMsnEElThX1knmY4oliG,Olivia Rodrigo,1,65370,0.002475132,72
2026-06-23,IT,4eq1q0o9XPyNq9RG3fNDD1,Yorghaki,1,64659,0.002448211,73
2026-06-23,IT,3DeOmVSmpv7WknXoo1OS8p,Alleh,1,64659,0.002448211,73
2026-06-23,IT,7krakxeyEmge6pzTthKNyg,The Bausa,1,64583,0.002445333,74
2026-06-23,IT,1HBjj22wzbscIZ9sEb5dyf,Jonas Blue,1,64528,0.002443251,75
2026-06-23,IT,5JsnFhU4OqgEtNXs7Sq1Vm,Malive,1,64528,0.002443251,75
2026-06-23,IT,7F2utINZ6tSokSiZTQBE27,Guè,1,63334,0.002398042,76
2026-06-23,IT,4Xsf5hhfIyhTgiVymlPLA7,22simba,1,63334,0.002398042,76
2026-06-23,IT,5FwDaIGy29GQC5d0MR7fKf,LDA,1,63261,0.002395278,77
2026-06-23,IT,0lQtBhjEJpoOroQS6fbWMc,Aka 7even,1,63261,0.002395278,77
2026-06-23,IT,3AVx3OBPIk4pJQllAXoVs1,Gaia,1,63214,0.002393498,78
2026-06-23,IT,5H1nN1SzW0qNeUEZvuXjAj,Danny Ocean,1,63026,0.00238638,79
2026-06-23,IT,05brE7yGJDmIYlMirfSi0B,Federica Abbate,1,61889,0.002343329,80
2026-06-23,IT,7HtzacrJpksCiS6qHypb8l,Ditonellapiaga,1,61378,0.002323981,81
2026-06-23,IT,2oQX8QiMXOyuqbcZEFsZfm,El Alfa,1,61278,0.002320194,82
2026-06-23,IT,2DaxqgrOhkeH0fpeiQq2f4,Oasis,1,60905,0.002306071,83
2026-06-23,IT,2tIP7SsRs7vjIcLrU85W8J,The Kid LAROI,1,60687,0.002297817,84
2026-06-23,IT,2eFv7NVs8R6Go7msuqikeg,Pino Daniele,1,60384,0.002286345,85
2026-06-23,IT,1eBPcZCSWh1EAv0aOXusye,Higashi,1,59861,0.002266542,86
2026-06-23,IT,6JhUHne9H09NdkTI5E9GSt,Dardust,1,59320,0.002246058,87
2026-06-23,IT,2iK8weavvfS2xJCmzNzNE5,J-AX,1,58463,0.002213609,88
2026-06-23,IT,10exVja0key0uqUkk6LJRT,Vance Joy,1,58349,0.002209293,89
2026-06-23,IT,7h1amg0X7Q5d0D5KfuyKTg,Pyrex,1,58041,0.002197631,90
2026-06-23,IT,5NGO30tJxFlKixkPSgXcFE,The Police,1,57787,0.002188013,91
2026-06-23,IT,5KKpBU5eC2tJDzf0wmlRp2,RAYE,1,56297,0.002131597,92
2026-06-23,IT,056KMTw6IztdQjBmFfVyO3,Rkomi,1,55862,0.002115126,93
2026-06-23,IT,6HabM2PUM519iIxervGWSb,Prospa,1,55091,0.002085934,94
2026-06-23,IT,7MdlXmq2HViAJWo9cf30sR,Cloonee,1,55091,0.002085934,94
2026-06-23,IT,5bv5RplEOwdCvhq0EILh9E,Lucenzo,1,54481,0.002062837,95
2026-06-23,IT,33ScadVnbm2X8kkUqOkC6Z,Don Omar,1,54481,0.002062837,95
2026-06-23,IT,4e0nWw2r4BoQSKPQ2zpU13,Ray Dalton,1,54267,0.002054734,96
2026-06-23,IT,5mZJerulcERBZV7xnhrVp1,Ryan Lewis,1,54267,0.002054734,96
2026-06-23,IT,3JhNCzhSMTxs9WLGJJxWOY,Macklemore,1,54267,0.002054734,96
2026-06-23,IT,5BcAKTbp20cv7tC5VqPFoC,Macklemore & Ryan Lewis,1,54267,0.002054734,96
2026-06-23,IT,2dAKW1tsAariQ0Ta2gqp8N,Gow Tribe,1,53404,0.002022058,97
2026-06-23,IT,7cdIY4mDfM1dbjgl7s2fGR,Sal Da Vinci,1,53243,0.002015962,98
2026-06-23,IT,6hkKbkZGvAXuvle2FhCnxy,Shablo,1,52903,0.002003088,99
2026-06-23,IT,6YBgd2LKccEB3pX6UaW1Yp,Thegiornalisti,1,52276,0.001979348,100
2026-06-23,IT,7gjqZ8coFZimZDtdk04WP1,MACE,1,52202,0.001976546,101
2026-06-23,IT,4G9NDjRyZFDlJKMRL8hx3S,sombr,1,51779,0.00196053,102
2026-06-23,IT,7CvTknweLr9feJtRGrpDBy,FloyyMenor,1,50730,0.001920811,103
2026-06-23,IT,1Yj5Xey7kTwvZla8sqdsdE,Cris MJ,1,50730,0.001920811,103
2026-06-23,IT,4wLXwxDeWQ8mtUIRPxGiD6,Marc Anthony,1,50493,0.001911838,104
2026-06-23,IT,2cy1zPcrFcXAJTP0APWewL,Gente De Zona,1,50493,0.001911838,104
2026-06-23,IT,07yfI2D37Ir0pGQ8huDd4j,TonyPitony,1,50267,0.00190328,105
2026-06-23,IT,7H8ZC8uHJMPZGLMApRRNIz,Ligabue,1,50131,0.001898131,106
2026-06-23,IT,5RTLRtXjbXI2lSXc6jxlAz,Ravyn Lenae,1,49891,0.001889044,107
2026-06-23,IT,716NhGYqD1jl2wI1Qkgq36,Bizarrap,1,49644,0.001879691,108
2026-06-23,IT,1Xylc3o4UrD53lo9CvFvVg,Zara Larsson,1,49423,0.001871324,109
2026-06-23,IT,76UCIJTB0jcJvBaL0CdIqx,Takagi & Ketra,1,49024,0.001856216,110
2026-06-23,IT,3wDn3kW2zDRLnaQAnX0S3x,Dat Boi Dee,1,49024,0.001856216,110
2026-06-23,IT,7KFOc3T4Xo8DVZt4PWw2qN,Gazzelle,1,48823,0.001848606,111
2026-06-23,IT,6wH6iStAh4KIaWfuhf0NYM,Manu Chao,1,48569,0.001838988,112
2026-06-23,IT,2jnjbAYKylrmBMCFZE0OCK,Poison Beatz,1,48555,0.001838458,113
2026-06-23,IT,1fctva4kpRbg2k3v7kwRuS,Rvssian,1,48459,0.001834823,114
2026-06-23,IT,62C5P1caRIK12ndTkzNJjA,Noemi,1,48195,0.001824827,115
2026-06-23,IT,5l4nhyz8876RhgE2d18h65,Vasco Rossi,1,48172,0.001823957,116
2026-06-23,IT,0fTSzq9jAh4c36UVb4V7CB,Alex Warren,1,47844,0.001811537,117
2026-06-23,IT,6jJ0s89eD6GaHleKKya26X,Katy Perry,1,47672,0.001805025,118
2026-06-23,IT,6XyY86QOPPrYVGvF9ch6wz,Linkin Park,1,47569,0.001801125,119
2026-06-23,IT,66CXWjxzNUsdJxJ2JdwvnR,Ariana Grande,1,47320,0.001791697,120
2026-06-23,IT,7108jelN43seqWILMvJwKi,Serena Brancale,2,317381,0.012017129,16
2026-06-23,IT,0QrUbsrL5imqntAfDl8i7q,Fred De Palma,2,309024,0.011700705,17
2026-06-23,IT,38CThoTDmXugNnfonW466d,Jiz,2,285156,0.010796981,18
2026-06-23,IT,1A6HBLulvBFzNtlMb7b08f,Angelina Mango,2,210733,0.007979072,28
2026-06-23,IT,51OKuyM4BiiYxFm8Mi6fa9,Mauvais djo,2,201477,0.007628608,31
2026-06-23,IT,6HQ27YefiitrZ9YsWrgRHX,Fresh Beatz,2,199099,0.007538569,32
2026-06-23,IT,26toJml6wSdf58ZgNG0ci9,Dipinto,2,199099,0.007538569,32
2026-06-23,IT,1vgQksyJ0IVz8y9XerEOy3,Madame,2,198900,0.007531034,33
2026-06-23,IT,5AZuEF0feCXMkUCwQiQlW7,Marracash,2,181947,0.006889135,34
2026-06-23,IT,3fMbdgg4jU18AjLCKBhRSm,Michael Jackson,2,181341,0.00686619,35
2026-06-23,IT,7GacyaFUp0qkEJglERX9N7,Alfa,2,166837,0.006317019,36
2026-06-23,IT,1QeqGmpgU5Yg74GNcjIIq3,Fulminacci,2,160806,0.006088665,37
2026-06-23,IT,47z0zz9ZMCn9GBiPRTn5Bc,Tommaso Paradiso,2,157829,0.005975945,38
2026-06-23,IT,0gzwXezN4IUHAwLufA6YcX,Emma,2,156687,0.005932705,39
2026-06-23,IT,0jdNdfi4vAuVi7a6cPDFBM,Lazza,2,155511,0.005888178,40
2026-06-23,IT,52iwsT98xCoGgiGntTiR7K,Quevedo,2,153958,0.005829376,41
2026-06-23,IT,0EqkKYDK9EkKY5N7zU3FPv,Annalisa,2,142495,0.005395348,42
2026-06-23,IT,1UjxAZqzphB1tsMb1aWBj0,Omega,2,121139,0.004586737,48
2026-06-23,IT,2aiM1OfMODFLUXaQgEVPK1,Roberto Ferrante,2,121139,0.004586737,48
2026-06-23,IT,1AgAVqo74e2q4FVvg0xpT7,Tedua,2,111087,0.004206133,51
2026-06-23,IT,7GgpsUpkj3olseoaTY7TEY,Elodie,2,101757,0.003852868,56
2026-06-23,IT,6FcVd3KlRxozcLl19FMXu9,Max Pezzali,2,100950,0.003822312,57
2026-06-23,IT,6RdcIWVKYYzNzjQRd3oyHS,Pinguini Tattici Nucleari,3,267394,0.010124451,20
2026-06-23,IT,3HAwumPgGOSXlZSyGWuLhB,Sayf,3,229082,0.008673827,25
2026-06-23,IT,396Jr76018oUMR6QBnqT8T,Cesare Cremonini,3,225833,0.008550809,26
2026-06-23,IT,5dXlc7MnpaTeUIsHLVe3n4,Coez,3,204312,0.007735951,29
2026-06-23,IT,2n0Ki4A5tKTEloq3WCt1IH,Samurai Jay,4,518481,0.019631462,13
2026-06-23,IT,1dlyjeDlgXalzt5oqbgWDs,G.Mineiro,4,405917,0.015369405,15
2026-06-23,IT,2ifTEcQqKSPwijIEcPHQ1R,Flatpearl,4,405917,0.015369405,15
2026-06-23,IT,1l1A1U8VJM15W7zonFqKhg,Succo,4,405917,0.015369405,15
2026-06-23,IT,3fhMfkPPzksWuw0hEm4ldm,Ernia,4,274496,0.010393357,19
2026-06-23,IT,3yiEJ9SByXZMXTwaKdVFN4,Luchè,4,254689,0.009643396,22
2026-06-23,IT,5SulO4l40qDuV9zUGLZx7n,Capo Plaza,4,242785,0.00919267,23
2026-06-23,IT,3LvwPiJQJ0da0GurKMToV0,Baby Gang,4,220500,0.008348884,27
2026-06-23,IT,2R4kNOwHUUsuDYhKsESVbF,Artie 5ive,5,701757,0.026570918,7
2026-06-23,IT,2QJ1AReDewmz4fcRhGxW6Y,Vito Salamanca,5,566676,0.02145629,11
2026-06-23,IT,7K80yOTC0Id95gRaOxDG5u,ANNA,6,700868,0.026537258,8
2026-06-23,IT,7FeObngbQ0GY3SojNwKdKn,Bresh,6,532961,0.020179725,12
2026-06-23,IT,0lI3rF4hi4op6UxqlLHPzv,Achille Lauro,6,434890,0.016466422,14
2026-06-23,IT,4q3ewBCX7sLwd24euuV69X,Bad Bunny,7,629191,0.023823321,10
2026-06-23,IT,3hN3iJMbbBmqBSAMx5veDa,Ultimo,9,718724,0.027213347,6
2026-06-23,IT,0EUR8jz8L936AEbV2Spkca,Kid Yugi,9,644183,0.02439097,9
2026-06-23,IT,25u1DN0MwQVSav4XoJS7hl,Olly,11,853424,0.032313549,5
2026-06-23,IT,4rj3KWaLAnuxgtMMkypZhf,Juli,12,948483,0.035912808,4
2026-06-23,IT,2K5nCggbhSZ00YCYP5qkZS,Shiva,13,1227353,0.046471779,2
2026-06-23,IT,23TFHmajVfBtlRx5MXqgoz,Sfera Ebbasta,13,1163262,0.044045075,3
2026-06-23,IT,27LlKWxS3KXW7RRAxN5S8s,Geolier,18,1654535,0.062646349,1
2026-07-09,IT,7FNnA9vBm6EKceENgCGRMb,Anitta,1,215874,0.008133061,29
2026-07-09,IT,6FtwCmLY6L1sqvjaQ2lV6G,Emis Killa,1,215874,0.008133061,29
2026-07-09,IT,1cKyknhftNKXCjMBd2hDrG,DYSTINCT,1,214054,0.008064492,30
2026-07-09,IT,0BjRnUqiITQwjqGtTeoxUS,DELIA,1,180244,0.006790699,33
2026-07-09,IT,5mTg1ztZByLRHsOEtwmT4G,Levante,1,180244,0.006790699,33
2026-07-09,IT,3xGlLcG9CUrs5MvFkSLOS5,Marco Mengoni,1,144481,0.005443327,44
2026-07-09,IT,3wcj11K77LjEY1PkEazffa,Burna Boy,1,139280,0.005247379,45
2026-07-09,IT,0EmeFodog0BfCgMzAIvKQp,Shakira,1,139280,0.005247379,45
2026-07-09,IT,6X5L6rmyvrWWu60Gx6exiZ,54 Ultra,1,137853,0.005193617,46
2026-07-09,IT,4p5WgeiPSPpqPDs7T6OkWf,ANOTR,1,137853,0.005193617,46
2026-07-09,IT,3m5qlPf2OkihLz3dRYnkPA,Ovy On The Drums,1,131112,0.004939649,48
2026-07-09,IT,7a0XAaPaK2aDSqa8p3QnC7,Beéle,1,131112,0.004939649,48
2026-07-09,IT,5uwa6tAMMfNbBFIHiI6NV4,W Sound,1,131112,0.004939649,48
2026-07-09,IT,1c22GXH30ijlOfXhfLz9Df,Elvis Crespo,1,125686,0.004735225,50
2026-07-09,IT,5iot8OPcosJN9nCl7I5SdK,Irama,1,121653,0.004583281,51
2026-07-09,IT,7tmMPdOmFvdRvbj2aWoiRi,Jovanotti,1,117228,0.004416569,52
2026-07-09,IT,0hCNtLu0JehylgoiP8L4Gh,Nicki Minaj,1,117092,0.004411445,53
2026-07-09,IT,1uNFoZAHBGtllmzznpCI3s,Justin Bieber,1,117092,0.004411445,53
2026-07-09,IT,0F3tUZeb9dLNEpxCpzEBQt,SOLTO (FR),1,114121,0.004299513,54
2026-07-09,IT,5mHUmlJWkcoOk1NbjfrXWz,Temper City,1,107258,0.004040949,56
2026-07-09,IT,6PsQc21YZU7WNfiODG69Qk,Tony Boy,1,96484,0.003635038,57
2026-07-09,IT,0jdNdfi4vAuVi7a6cPDFBM,Lazza,1,90502,0.003409666,58
2026-07-09,IT,17yREPqyU875WJnX9U082A,Imael Angel,1,85005,0.003202566,59
2026-07-09,IT,1cK2Abwkni7m51wJCSGllN,Ultra Naté,1,85005,0.003202566,59
2026-07-09,IT,2CCgb0KApjfQDuTppovpf8,Rvfv,1,84492,0.003183239,60
2026-07-09,IT,6RWMnZmXs8Ob715qLr4374,Aissa,1,84492,0.003183239,60
2026-07-09,IT,3g9MKjIP9xrMTY5Pbwr6Nk,Kreamly,1,84492,0.003183239,60
2026-07-09,IT,2R21vXR83lH98kGeO99Y66,Anuel AA,1,83765,0.003155849,61
2026-07-09,IT,01XCyobLTxOrswogL7YNIu,Dibla,1,82309,0.003100995,62
2026-07-09,IT,7krakxeyEmge6pzTthKNyg,The Bausa,1,80238,0.00302297,63
2026-07-09,IT,1uZVxckdGGKhFMpCnupXmP,Los Pleneros de la Cresta,1,77244,0.00291017,64
2026-07-09,IT,2LRoIwlKmHjgvigdNGBHNo,Feid,1,77022,0.002901807,65
2026-07-09,IT,4eq1q0o9XPyNq9RG3fNDD1,Yorghaki,1,73350,0.002763464,66
2026-07-09,IT,3DeOmVSmpv7WknXoo1OS8p,Alleh,1,73350,0.002763464,66
2026-07-09,IT,6JhUHne9H09NdkTI5E9GSt,Dardust,1,72333,0.002725148,67
2026-07-09,IT,1eBPcZCSWh1EAv0aOXusye,Higashi,1,72173,0.00271912,68
2026-07-09,IT,44DWomjW1oDuxIoBIRpmQ4,Rhove,1,71585,0.002696967,69
2026-07-09,IT,2sil8z5kiy4r76CRTXxBCA,The Goo Goo Dolls,1,71287,0.00268574,70
2026-07-09,IT,7h1amg0X7Q5d0D5KfuyKTg,Pyrex,1,70173,0.00264377,71
2026-07-09,IT,790FomKkXshlbRYZFtlgla,KAROL G,1,69761,0.002628248,72
2026-07-09,IT,5rRcnWrevHgbuWjl7Lhft7,Merk & Kremont,1,69081,0.002602629,73
2026-07-09,IT,72A0Z8q8NiochyK9gUHpCR,The Kolors,1,69081,0.002602629,73
2026-07-09,IT,6USv9qhCn6zfxlBQIYJ9qs,Dominic Fike,1,67806,0.002554593,74
2026-07-09,IT,5JsnFhU4OqgEtNXs7Sq1Vm,Malive,1,66999,0.00252419,75
2026-07-09,IT,1HBjj22wzbscIZ9sEb5dyf,Jonas Blue,1,66999,0.00252419,75
2026-07-09,IT,0TnOYISbd1XYRBk9myaseg,Pitbull,1,65771,0.002477925,76
2026-07-09,IT,2DlGxzQSjYe5N6G9nkYghR,Jennifer Lopez,1,65771,0.002477925,76
2026-07-09,IT,5p9HO3XC5P3BLxJs5Mtrhm,Djo,1,65102,0.00245272,77
2026-07-09,IT,2eFv7NVs8R6Go7msuqikeg,Pino Daniele,1,65046,0.00245061,78
2026-07-09,IT,7cdIY4mDfM1dbjgl7s2fGR,Sal Da Vinci,1,64763,0.002439948,79
2026-07-09,IT,10exVja0key0uqUkk6LJRT,Vance Joy,1,64313,0.002422995,80
2026-07-09,IT,3wDn3kW2zDRLnaQAnX0S3x,Dat Boi Dee,1,63561,0.002394663,81
2026-07-09,IT,05brE7yGJDmIYlMirfSi0B,Federica Abbate,1,62774,0.002365013,82
2026-07-09,IT,5NGO30tJxFlKixkPSgXcFE,The Police,1,61874,0.002331105,83
2026-07-09,IT,5H1nN1SzW0qNeUEZvuXjAj,Danny Ocean,1,61749,0.002326396,84
2026-07-09,IT,1EbIfIjVcauDatNO4vagL1,Sybil,1,61362,0.002311816,85
2026-07-09,IT,7MdlXmq2HViAJWo9cf30sR,Cloonee,1,61362,0.002311816,85
2026-07-09,IT,6HabM2PUM519iIxervGWSb,Prospa,1,61362,0.002311816,85
2026-07-09,IT,2oQX8QiMXOyuqbcZEFsZfm,El Alfa,1,60919,0.002295126,86
2026-07-09,IT,1yq9UuPp5DIb5w6eswGbKV,Adriano Celentano,1,60851,0.002292564,87
2026-07-09,IT,2PEMswqQspTSsAltdeF5kO,Simba La Rue,1,60128,0.002265325,88
2026-07-09,IT,0fTSzq9jAh4c36UVb4V7CB,Alex Warren,1,59975,0.00225956,89
2026-07-09,IT,5BcAKTbp20cv7tC5VqPFoC,Macklemore & Ryan Lewis,1,59677,0.002248333,90
2026-07-09,IT,3JhNCzhSMTxs9WLGJJxWOY,Macklemore,1,59677,0.002248333,90
2026-07-09,IT,4e0nWw2r4BoQSKPQ2zpU13,Ray Dalton,1,59677,0.002248333,90
2026-07-09,IT,5mZJerulcERBZV7xnhrVp1,Ryan Lewis,1,59677,0.002248333,90
2026-07-09,IT,0harR1ApYeMN6GOLBNMiUR,Eddie Brock,1,58954,0.002221094,91
2026-07-09,IT,6hkKbkZGvAXuvle2FhCnxy,Shablo,1,58644,0.002209415,92
2026-07-09,IT,2dAKW1tsAariQ0Ta2gqp8N,Gow Tribe,1,58078,0.002188091,93
2026-07-09,IT,2i04Yoaa4wV8J75w8aPX1G,Kano Choir,1,57833,0.00217886,94
2026-07-09,IT,7GgpsUpkj3olseoaTY7TEY,Elodie,1,57821,0.002178408,95
2026-07-09,IT,3AVx3OBPIk4pJQllAXoVs1,Gaia,1,56566,0.002131126,96
2026-07-09,IT,7KFOc3T4Xo8DVZt4PWw2qN,Gazzelle,1,56200,0.002117337,97
2026-07-09,IT,7H8ZC8uHJMPZGLMApRRNIz,Ligabue,1,55775,0.002101325,98
2026-07-09,IT,4G9NDjRyZFDlJKMRL8hx3S,sombr,1,55658,0.002096917,99
2026-07-09,IT,5KKpBU5eC2tJDzf0wmlRp2,RAYE,1,55480,0.002090211,100
2026-07-09,IT,2jnjbAYKylrmBMCFZE0OCK,Poison Beatz,1,55280,0.002082676,101
2026-07-09,IT,6YBgd2LKccEB3pX6UaW1Yp,Thegiornalisti,1,55194,0.002079436,102
2026-07-09,IT,5FwDaIGy29GQC5d0MR7fKf,LDA,1,55069,0.002074727,103
2026-07-09,IT,0lQtBhjEJpoOroQS6fbWMc,Aka 7even,1,55069,0.002074727,103
2026-07-09,IT,6jwzGu5VdkR5tsRROYuxso,DrefGold,1,55056,0.002074237,104
2026-07-09,IT,7F2utINZ6tSokSiZTQBE27,Guè,1,54341,0.002047299,105
2026-07-09,IT,7HtzacrJpksCiS6qHypb8l,Ditonellapiaga,1,53881,0.002029969,106
2026-07-09,IT,0SD4eZCN4Kr0wQk56hCdh2,Bonnie Tyler,1,53652,0.002021341,107
2026-07-09,IT,056KMTw6IztdQjBmFfVyO3,Rkomi,1,53541,0.002017159,108
2026-07-09,IT,2iK8weavvfS2xJCmzNzNE5,J-AX,1,53160,0.002002805,109
2026-07-09,IT,7gjqZ8coFZimZDtdk04WP1,MACE,1,53091,0.002000205,110
2026-07-09,IT,2cy1zPcrFcXAJTP0APWewL,Gente De Zona,1,52770,0.001988112,111
2026-07-09,IT,4wLXwxDeWQ8mtUIRPxGiD6,Marc Anthony,1,52770,0.001988112,111
2026-07-09,IT,5YV5crRpcdknHgEzystZHr,SHUNE,1,52715,0.00198604,112
2026-07-09,IT,1Xylc3o4UrD53lo9CvFvVg,Zara Larsson,1,52231,0.001967805,113
2026-07-09,IT,4gzpq5DPGxSnKTe4SA8HAU,Coldplay,1,52058,0.001961287,114
2026-07-09,IT,0du5cEVh5yTK9QJze8zA0C,Bruno Mars,1,51803,0.00195168,115
2026-07-09,IT,7CvTknweLr9feJtRGrpDBy,FloyyMenor,1,51246,0.001930695,116
2026-07-09,IT,1Yj5Xey7kTwvZla8sqdsdE,Cris MJ,1,51246,0.001930695,116
2026-07-09,IT,0r310cYIlI5aMcuDTChNlO,Loretta Goggi,1,51006,0.001921653,117
2026-07-09,IT,1AgAVqo74e2q4FVvg0xpT7,Tedua,1,50775,0.00191295,118
2026-07-09,IT,716NhGYqD1jl2wI1Qkgq36,Bizarrap,1,50726,0.001911104,119
2026-07-09,IT,33ScadVnbm2X8kkUqOkC6Z,Don Omar,1,50395,0.001898633,120
2026-07-09,IT,5bv5RplEOwdCvhq0EILh9E,Lucenzo,1,50395,0.001898633,120
2026-07-09,IT,1McMsnEElThX1knmY4oliG,Olivia Rodrigo,1,50088,0.001887067,121
2026-07-09,IT,0QrUbsrL5imqntAfDl8i7q,Fred De Palma,2,266706,0.010048158,18
2026-07-09,IT,7108jelN43seqWILMvJwKi,Serena Brancale,2,249325,0.009393328,20
2026-07-09,IT,38CThoTDmXugNnfonW466d,Jiz,2,241163,0.009085825,24
2026-07-09,IT,1A6HBLulvBFzNtlMb7b08f,Angelina Mango,2,219666,0.008275924,28
2026-07-09,IT,5PlfkPxwCpRRWQJBxCa0By,HUGEL,2,199126,0.007502079,31
2026-07-09,IT,1vgQksyJ0IVz8y9XerEOy3,Madame,2,189604,0.007143337,32
2026-07-09,IT,7GacyaFUp0qkEJglERX9N7,Alfa,2,171975,0.006479164,34
2026-07-09,IT,1QeqGmpgU5Yg74GNcjIIq3,Fulminacci,2,165739,0.006244223,35
2026-07-09,IT,3yiEJ9SByXZMXTwaKdVFN4,Luchè,2,161661,0.006090584,36
2026-07-09,IT,26toJml6wSdf58ZgNG0ci9,Dipinto,2,159247,0.005999636,37
2026-07-09,IT,6HQ27YefiitrZ9YsWrgRHX,Fresh Beatz,2,159247,0.005999636,37
2026-07-09,IT,3fMbdgg4jU18AjLCKBhRSm,Michael Jackson,2,158825,0.005983738,38
2026-07-09,IT,47z0zz9ZMCn9GBiPRTn5Bc,Tommaso Paradiso,2,156024,0.00587821,39
2026-07-09,IT,0gzwXezN4IUHAwLufA6YcX,Emma,2,155708,0.005866304,40
2026-07-09,IT,396Jr76018oUMR6QBnqT8T,Cesare Cremonini,2,155336,0.005852289,41
2026-07-09,IT,76UCIJTB0jcJvBaL0CdIqx,Takagi & Ketra,2,147484,0.005556465,42
2026-07-09,IT,2DaxqgrOhkeH0fpeiQq2f4,Oasis,2,145099,0.00546661,43
2026-07-09,IT,1UjxAZqzphB1tsMb1aWBj0,Omega,2,133092,0.005014246,47
2026-07-09,IT,2aiM1OfMODFLUXaQgEVPK1,Roberto Ferrante,2,133092,0.005014246,47
2026-07-09,IT,0EqkKYDK9EkKY5N7zU3FPv,Annalisa,2,130825,0.004928837,49
2026-07-09,IT,6FcVd3KlRxozcLl19FMXu9,Max Pezzali,2,111663,0.004206908,55
2026-07-09,IT,2n0Ki4A5tKTEloq3WCt1IH,Samurai Jay,3,449122,0.016920687,11
2026-07-09,IT,2QJ1AReDewmz4fcRhGxW6Y,Vito Salamanca,3,449122,0.016920687,11
2026-07-09,IT,51OKuyM4BiiYxFm8Mi6fa9,Mauvais djo,3,280427,0.010565097,16
2026-07-09,IT,5AZuEF0feCXMkUCwQiQlW7,Marracash,3,257543,0.009702942,19
2026-07-09,IT,3HAwumPgGOSXlZSyGWuLhB,Sayf,3,243724,0.00918231,22
2026-07-09,IT,5dXlc7MnpaTeUIsHLVe3n4,Coez,3,242534,0.009137477,23
2026-07-09,IT,52iwsT98xCoGgiGntTiR7K,Quevedo,3,231811,0.008733488,26
2026-07-09,IT,3fhMfkPPzksWuw0hEm4ldm,Ernia,3,222397,0.008378815,27
2026-07-09,IT,1l1A1U8VJM15W7zonFqKhg,Succo,4,351625,0.013247484,12
2026-07-09,IT,1dlyjeDlgXalzt5oqbgWDs,G.Mineiro,4,351625,0.013247484,12
2026-07-09,IT,2ifTEcQqKSPwijIEcPHQ1R,Flatpearl,4,351625,0.013247484,12
2026-07-09,IT,0lI3rF4hi4op6UxqlLHPzv,Achille Lauro,4,323918,0.012203622,14
2026-07-09,IT,6RdcIWVKYYzNzjQRd3oyHS,Pinguini Tattici Nucleari,4,316450,0.011922265,15
2026-07-09,IT,5SulO4l40qDuV9zUGLZx7n,Capo Plaza,4,277886,0.010469365,17
2026-07-09,IT,3LvwPiJQJ0da0GurKMToV0,Baby Gang,4,244052,0.009194668,21
2026-07-09,IT,6bMul6rmRS03x38tWKYifO,883,4,234219,0.008824209,25
2026-07-09,IT,7K80yOTC0Id95gRaOxDG5u,ANNA,5,520818,0.019621837,10
2026-07-09,IT,0EUR8jz8L936AEbV2Spkca,Kid Yugi,5,337617,0.012719733,13
2026-07-09,IT,2R4kNOwHUUsuDYhKsESVbF,Artie 5ive,6,678249,0.025553055,6
2026-07-09,IT,4q3ewBCX7sLwd24euuV69X,Bad Bunny,6,565600,0.021309,8
2026-07-09,IT,7FeObngbQ0GY3SojNwKdKn,Bresh,6,521370,0.019642633,9
2026-07-09,IT,25u1DN0MwQVSav4XoJS7hl,Olly,9,676872,0.025501177,7
2026-07-09,IT,4rj3KWaLAnuxgtMMkypZhf,Juli,10,773893,0.029156447,5
2026-07-09,IT,2K5nCggbhSZ00YCYP5qkZS,Shiva,12,1107446,0.041723068,4
2026-07-09,IT,3hN3iJMbbBmqBSAMx5veDa,Ultimo,14,1231207,0.046385768,3
2026-07-09,IT,27LlKWxS3KXW7RRAxN5S8s,Geolier,20,1978939,0.074556598,1
2026-07-09,IT,23TFHmajVfBtlRx5MXqgoz,Sfera Ebbasta,20,1674588,0.063090163,2
2026-06-27,IT,6FtwCmLY6L1sqvjaQ2lV6G,Emis Killa,1,288633,0.009705286,20
2026-06-27,IT,7FNnA9vBm6EKceENgCGRMb,Anitta,1,288633,0.009705286,20
2026-06-27,IT,5mTg1ztZByLRHsOEtwmT4G,Levante,1,261979,0.008809045,23
2026-06-27,IT,0BjRnUqiITQwjqGtTeoxUS,DELIA,1,261979,0.008809045,23
2026-06-27,IT,1cKyknhftNKXCjMBd2hDrG,DYSTINCT,1,231099,0.007770705,29
2026-06-27,IT,4p5WgeiPSPpqPDs7T6OkWf,ANOTR,1,157681,0.005302024,42
2026-06-27,IT,6X5L6rmyvrWWu60Gx6exiZ,54 Ultra,1,157681,0.005302024,42
2026-06-27,IT,7a0XAaPaK2aDSqa8p3QnC7,Beéle,1,153480,0.005160766,44
2026-06-27,IT,3m5qlPf2OkihLz3dRYnkPA,Ovy On The Drums,1,153480,0.005160766,44
2026-06-27,IT,5uwa6tAMMfNbBFIHiI6NV4,W Sound,1,153480,0.005160766,44
2026-06-27,IT,0EmeFodog0BfCgMzAIvKQp,Shakira,1,143452,0.004823574,47
2026-06-27,IT,3wcj11K77LjEY1PkEazffa,Burna Boy,1,143452,0.004823574,47
2026-06-27,IT,1uNFoZAHBGtllmzznpCI3s,Justin Bieber,1,141563,0.004760056,48
2026-06-27,IT,0hCNtLu0JehylgoiP8L4Gh,Nicki Minaj,1,141563,0.004760056,48
2026-06-27,IT,0F3tUZeb9dLNEpxCpzEBQt,SOLTO (FR),1,134919,0.004536652,50
2026-06-27,IT,7tmMPdOmFvdRvbj2aWoiRi,Jovanotti,1,131881,0.004434499,51
2026-06-27,IT,1c22GXH30ijlOfXhfLz9Df,Elvis Crespo,1,130632,0.004392501,52
2026-06-27,IT,6PsQc21YZU7WNfiODG69Qk,Tony Boy,1,123677,0.00415864,55
2026-06-27,IT,3xGlLcG9CUrs5MvFkSLOS5,Marco Mengoni,1,121282,0.004078108,56
2026-06-27,IT,5iot8OPcosJN9nCl7I5SdK,Irama,1,114426,0.003847575,59
2026-06-27,IT,2R21vXR83lH98kGeO99Y66,Anuel AA,1,110549,0.00371721,62
2026-06-27,IT,5mHUmlJWkcoOk1NbjfrXWz,Temper City,1,106151,0.003569328,63
2026-06-27,IT,01XCyobLTxOrswogL7YNIu,Dibla,1,98820,0.003322823,64
2026-06-27,IT,1uZVxckdGGKhFMpCnupXmP,Los Pleneros de la Cresta,1,93002,0.003127193,65
2026-06-27,IT,5rRcnWrevHgbuWjl7Lhft7,Merk & Kremont,1,90628,0.003047367,66
2026-06-27,IT,44DWomjW1oDuxIoBIRpmQ4,Rhove,1,89980,0.003025578,67
2026-06-27,IT,7krakxeyEmge6pzTthKNyg,The Bausa,1,86668,0.002914212,68
2026-06-27,IT,5JsnFhU4OqgEtNXs7Sq1Vm,Malive,1,80065,0.002692186,69
2026-06-27,IT,1HBjj22wzbscIZ9sEb5dyf,Jonas Blue,1,80065,0.002692186,69
2026-06-27,IT,790FomKkXshlbRYZFtlgla,KAROL G,1,79473,0.00267228,70
2026-06-27,IT,2LRoIwlKmHjgvigdNGBHNo,Feid,1,76449,0.002570598,71
2026-06-27,IT,2CCgb0KApjfQDuTppovpf8,Rvfv,1,76391,0.002568648,72
2026-06-27,IT,3g9MKjIP9xrMTY5Pbwr6Nk,Kreamly,1,76391,0.002568648,72
2026-06-27,IT,6RWMnZmXs8Ob715qLr4374,Aissa,1,76391,0.002568648,72
2026-06-27,IT,5H1nN1SzW0qNeUEZvuXjAj,Danny Ocean,1,76194,0.002562024,73
2026-06-27,IT,2eFv7NVs8R6Go7msuqikeg,Pino Daniele,1,76043,0.002556946,74
2026-06-27,IT,0TnOYISbd1XYRBk9myaseg,Pitbull,1,75876,0.002551331,75
2026-06-27,IT,2DlGxzQSjYe5N6G9nkYghR,Jennifer Lopez,1,75876,0.002551331,75
2026-06-27,IT,1eBPcZCSWh1EAv0aOXusye,Higashi,1,75653,0.002543832,76
2026-06-27,IT,4eq1q0o9XPyNq9RG3fNDD1,Yorghaki,1,75455,0.002537175,77
2026-06-27,IT,3DeOmVSmpv7WknXoo1OS8p,Alleh,1,75455,0.002537175,77
2026-06-27,IT,2oQX8QiMXOyuqbcZEFsZfm,El Alfa,1,72576,0.002440368,78
2026-06-27,IT,5p9HO3XC5P3BLxJs5Mtrhm,Djo,1,71242,0.002395512,79
2026-06-27,IT,6USv9qhCn6zfxlBQIYJ9qs,Dominic Fike,1,71122,0.002391477,80
2026-06-27,IT,05brE7yGJDmIYlMirfSi0B,Federica Abbate,1,68957,0.002318679,81
2026-06-27,IT,7cdIY4mDfM1dbjgl7s2fGR,Sal Da Vinci,1,68224,0.002294032,82
2026-06-27,IT,2jnjbAYKylrmBMCFZE0OCK,Poison Beatz,1,68090,0.002289526,83
2026-06-27,IT,5bv5RplEOwdCvhq0EILh9E,Lucenzo,1,67481,0.002269049,84
2026-06-27,IT,33ScadVnbm2X8kkUqOkC6Z,Don Omar,1,67481,0.002269049,84
2026-06-27,IT,6hkKbkZGvAXuvle2FhCnxy,Shablo,1,66530,0.002237071,85
2026-06-27,IT,5FwDaIGy29GQC5d0MR7fKf,LDA,1,66410,0.002233036,86
2026-06-27,IT,0lQtBhjEJpoOroQS6fbWMc,Aka 7even,1,66410,0.002233036,86
2026-06-27,IT,2sil8z5kiy4r76CRTXxBCA,The Goo Goo Dolls,1,66241,0.002227354,87
2026-06-27,IT,2iK8weavvfS2xJCmzNzNE5,J-AX,1,65353,0.002197495,88
2026-06-27,IT,7HtzacrJpksCiS6qHypb8l,Ditonellapiaga,1,64508,0.002169082,89
2026-06-27,IT,7MdlXmq2HViAJWo9cf30sR,Cloonee,1,63744,0.002143392,90
2026-06-27,IT,6HabM2PUM519iIxervGWSb,Prospa,1,63744,0.002143392,90
2026-06-27,IT,5NGO30tJxFlKixkPSgXcFE,The Police,1,62925,0.002115853,91
2026-06-27,IT,3q7HBObVc0L8jNeTe5Gofh,50 Cent,1,61767,0.002076916,92
2026-06-27,IT,7h1amg0X7Q5d0D5KfuyKTg,Pyrex,1,61115,0.002054992,93
2026-06-27,IT,10exVja0key0uqUkk6LJRT,Vance Joy,1,60906,0.002047964,94
2026-06-27,IT,17yREPqyU875WJnX9U082A,Imael Angel,1,60325,0.002028428,95
2026-06-27,IT,1cK2Abwkni7m51wJCSGllN,Ultra Naté,1,60325,0.002028428,95
2026-06-27,IT,6wH6iStAh4KIaWfuhf0NYM,Manu Chao,1,60157,0.002022779,96
2026-06-27,IT,1Yj5Xey7kTwvZla8sqdsdE,Cris MJ,1,59983,0.002016929,97
2026-06-27,IT,7CvTknweLr9feJtRGrpDBy,FloyyMenor,1,59983,0.002016929,97
2026-06-27,IT,2PEMswqQspTSsAltdeF5kO,Simba La Rue,1,59656,0.002005933,98
2026-06-27,IT,2DaxqgrOhkeH0fpeiQq2f4,Oasis,1,59255,0.00199245,99
2026-06-27,IT,0r310cYIlI5aMcuDTChNlO,Loretta Goggi,1,59253,0.001992382,100
2026-06-27,IT,7gjqZ8coFZimZDtdk04WP1,MACE,1,59108,0.001987507,101
2026-06-27,IT,4wLXwxDeWQ8mtUIRPxGiD6,Marc Anthony,1,59063,0.001985994,102
2026-06-27,IT,2cy1zPcrFcXAJTP0APWewL,Gente De Zona,1,59063,0.001985994,102
2026-06-27,IT,716NhGYqD1jl2wI1Qkgq36,Bizarrap,1,58983,0.001983304,103
2026-06-27,IT,2dAKW1tsAariQ0Ta2gqp8N,Gow Tribe,1,58968,0.001982799,104
2026-06-27,IT,7H8ZC8uHJMPZGLMApRRNIz,Ligabue,1,58834,0.001978293,105
2026-06-27,IT,7F2utINZ6tSokSiZTQBE27,Guè,1,58358,0.001962288,106
2026-06-27,IT,4Xsf5hhfIyhTgiVymlPLA7,22simba,1,58358,0.001962288,106
2026-06-27,IT,6YBgd2LKccEB3pX6UaW1Yp,Thegiornalisti,1,58222,0.001957715,107
2026-06-27,IT,2pzFTbri7ew8mW2CbYpCNq,Astro,1,57279,0.001926007,108
2026-06-27,IT,08ppjXEpROUgrG1X0DEquB,Nerissima Serpe,1,57279,0.001926007,108
2026-06-27,IT,0RMJOzHDhAKY1o2j0W0vxY,EJAE,1,56245,0.001891238,109
2026-06-27,IT,0Wwji82sLA0Hcvtuak3omb,AUDREY NUNA,1,56245,0.001891238,109
2026-06-27,IT,6U1dV7aL68N7Gb0Naq34V5,REI AMI,1,56245,0.001891238,109
2026-06-27,IT,2yNNYQBChuox9A5Ka93BIn,HUNTR/X,1,56245,0.001891238,109
2026-06-27,IT,7mW7Tv7NvywKKXqafZo0Lc,KPop Demon Hunters Cast,1,56245,0.001891238,109
2026-06-27,IT,5BcAKTbp20cv7tC5VqPFoC,Macklemore & Ryan Lewis,1,56081,0.001885724,110
2026-06-27,IT,4e0nWw2r4BoQSKPQ2zpU13,Ray Dalton,1,56081,0.001885724,110
2026-06-27,IT,5mZJerulcERBZV7xnhrVp1,Ryan Lewis,1,56081,0.001885724,110
2026-06-27,IT,3JhNCzhSMTxs9WLGJJxWOY,Macklemore,1,56081,0.001885724,110
2026-06-27,IT,1vyhD5VmyZ7KMfW5gqLgo5,J Balvin,1,54987,0.001848938,111
2026-06-27,IT,6CKch2otN4SPznHf9ms5JF,Tony Effe,1,54944,0.001847492,112
2026-06-27,IT,2nftqfbLohpDYzY8VUlvbm,Benji & Fede,1,54883,0.001845441,113
2026-06-27,IT,5KKpBU5eC2tJDzf0wmlRp2,RAYE,1,54622,0.001836665,114
2026-06-27,IT,7GgpsUpkj3olseoaTY7TEY,Elodie,1,54619,0.001836564,115
2026-06-27,IT,5l4nhyz8876RhgE2d18h65,Vasco Rossi,1,54495,0.001832395,116
2026-06-27,IT,1Xylc3o4UrD53lo9CvFvVg,Zara Larsson,1,54353,0.00182762,117
2026-06-27,IT,7hQmAXAzWI6D350VTgkKTG,Arash,1,53909,0.00181269,118
2026-06-27,IT,1IFAU4mznUcfPVP9z2c24N,Daecolm,1,53909,0.00181269,118
2026-06-27,IT,0u6GtibW46tFX7koQ6uNJZ,Topic,1,53909,0.00181269,118
2026-06-27,IT,07yfI2D37Ir0pGQ8huDd4j,TonyPitony,1,53282,0.001791607,119
2026-06-27,IT,2tIP7SsRs7vjIcLrU85W8J,The Kid LAROI,1,53228,0.001789792,120
2026-06-27,IT,056KMTw6IztdQjBmFfVyO3,Rkomi,1,53029,0.0017831,121
2026-06-27,IT,6nVcHLIgY5pE2YCl8ubca1,JHAYCO,1,52689,0.001771668,122
2026-06-27,IT,4G9NDjRyZFDlJKMRL8hx3S,sombr,1,52168,0.001754149,123
2026-06-27,IT,6k8mwkKJKKjBILo7ypBspl,Ana Mena,1,51834,0.001742918,124
2026-06-27,IT,7BgEOZ9w3Y4IMShXTMu1nN,Frah Quintale,1,51737,0.001739657,125
2026-06-27,IT,7zPS3i8YJBNeDcqXUHfCMr,AVA,1,51374,0.001727451,126
2026-06-27,IT,1McMsnEElThX1knmY4oliG,Olivia Rodrigo,1,51346,0.001726509,127
2026-06-27,IT,6XyY86QOPPrYVGvF9ch6wz,Linkin Park,1,51063,0.001716994,128
2026-06-27,IT,7108jelN43seqWILMvJwKi,Serena Brancale,2,352607,0.011856412,16
2026-06-27,IT,38CThoTDmXugNnfonW466d,Jiz,2,298450,0.010035382,18
2026-06-27,IT,51OKuyM4BiiYxFm8Mi6fa9,Mauvais djo,2,250246,0.008414523,26
2026-06-27,IT,6HQ27YefiitrZ9YsWrgRHX,Fresh Beatz,2,217714,0.007320634,31
2026-06-27,IT,26toJml6wSdf58ZgNG0ci9,Dipinto,2,217714,0.007320634,31
2026-06-27,IT,1A6HBLulvBFzNtlMb7b08f,Angelina Mango,2,202078,0.006794873,32
2026-06-27,IT,1vgQksyJ0IVz8y9XerEOy3,Madame,2,200411,0.006738821,33
2026-06-27,IT,5AZuEF0feCXMkUCwQiQlW7,Marracash,2,198767,0.006683541,34
2026-06-27,IT,7GacyaFUp0qkEJglERX9N7,Alfa,2,192038,0.006457278,35
2026-06-27,IT,3fMbdgg4jU18AjLCKBhRSm,Michael Jackson,2,191869,0.006451596,36
2026-06-27,IT,52iwsT98xCoGgiGntTiR7K,Quevedo,2,189615,0.006375805,37
2026-06-27,IT,1QeqGmpgU5Yg74GNcjIIq3,Fulminacci,2,175983,0.005917429,39
2026-06-27,IT,47z0zz9ZMCn9GBiPRTn5Bc,Tommaso Paradiso,2,172406,0.005797152,40
2026-06-27,IT,0jdNdfi4vAuVi7a6cPDFBM,Lazza,2,165876,0.005577581,41
2026-06-27,IT,0gzwXezN4IUHAwLufA6YcX,Emma,2,157644,0.00530078,43
2026-06-27,IT,0EqkKYDK9EkKY5N7zU3FPv,Annalisa,2,149246,0.005018397,45
2026-06-27,IT,2aiM1OfMODFLUXaQgEVPK1,Roberto Ferrante,2,148229,0.004984201,46
2026-06-27,IT,1UjxAZqzphB1tsMb1aWBj0,Omega,2,148229,0.004984201,46
2026-06-27,IT,72A0Z8q8NiochyK9gUHpCR,The Kolors,2,141438,0.004755853,49
2026-06-27,IT,3AVx3OBPIk4pJQllAXoVs1,Gaia,2,126568,0.004255849,53
2026-06-27,IT,6JhUHne9H09NdkTI5E9GSt,Dardust,2,125308,0.004213482,54
2026-06-27,IT,1AgAVqo74e2q4FVvg0xpT7,Tedua,2,118498,0.003984496,57
2026-06-27,IT,76UCIJTB0jcJvBaL0CdIqx,Takagi & Ketra,2,115258,0.003875551,58
2026-06-27,IT,3wDn3kW2zDRLnaQAnX0S3x,Dat Boi Dee,2,112005,0.003766168,60
2026-06-27,IT,6FcVd3KlRxozcLl19FMXu9,Max Pezzali,2,111741,0.003757291,61
2026-06-27,IT,2n0Ki4A5tKTEloq3WCt1IH,Samurai Jay,3,507146,0.017052786,10
2026-06-27,IT,2QJ1AReDewmz4fcRhGxW6Y,Vito Salamanca,3,507146,0.017052786,10
2026-06-27,IT,0QrUbsrL5imqntAfDl8i7q,Fred De Palma,3,401211,0.013490721,14
2026-06-27,IT,2ifTEcQqKSPwijIEcPHQ1R,Flatpearl,3,359071,0.012073764,15
2026-06-27,IT,1dlyjeDlgXalzt5oqbgWDs,G.Mineiro,3,359071,0.012073764,15
2026-06-27,IT,1l1A1U8VJM15W7zonFqKhg,Succo,3,359071,0.012073764,15
2026-06-27,IT,6RdcIWVKYYzNzjQRd3oyHS,Pinguini Tattici Nucleari,3,296916,0.009983801,19
2026-06-27,IT,396Jr76018oUMR6QBnqT8T,Cesare Cremonini,3,254587,0.008560489,24
2026-06-27,IT,5PlfkPxwCpRRWQJBxCa0By,HUGEL,3,249153,0.00837777,27
2026-06-27,IT,3HAwumPgGOSXlZSyGWuLhB,Sayf,3,242666,0.008159645,28
2026-06-27,IT,5dXlc7MnpaTeUIsHLVe3n4,Coez,3,222004,0.007464885,30
2026-06-27,IT,6bMul6rmRS03x38tWKYifO,883,3,186589,0.006274056,38
2026-06-27,IT,3fhMfkPPzksWuw0hEm4ldm,Ernia,4,275303,0.009257064,21
2026-06-27,IT,3yiEJ9SByXZMXTwaKdVFN4,Luchè,4,272164,0.009151515,22
2026-06-27,IT,5SulO4l40qDuV9zUGLZx7n,Capo Plaza,4,250336,0.008417549,25
2026-06-27,IT,2R4kNOwHUUsuDYhKsESVbF,Artie 5ive,5,706982,0.023772272,8
2026-06-27,IT,3hN3iJMbbBmqBSAMx5veDa,Ultimo,5,473611,0.015925171,13
2026-06-27,IT,3LvwPiJQJ0da0GurKMToV0,Baby Gang,5,325607,0.010948536,17
2026-06-27,IT,7FeObngbQ0GY3SojNwKdKn,Bresh,6,539406,0.018137529,9
2026-06-27,IT,0lI3rF4hi4op6UxqlLHPzv,Achille Lauro,6,476062,0.016007586,12
2026-06-27,IT,7K80yOTC0Id95gRaOxDG5u,ANNA,7,826756,0.027799673,6
2026-06-27,IT,0EUR8jz8L936AEbV2Spkca,Kid Yugi,7,494579,0.016630221,11
2026-06-27,IT,4q3ewBCX7sLwd24euuV69X,Bad Bunny,9,828637,0.027862922,5
2026-06-27,IT,25u1DN0MwQVSav4XoJS7hl,Olly,9,742109,0.024953418,7
2026-06-27,IT,4rj3KWaLAnuxgtMMkypZhf,Juli,10,839402,0.028224895,4
2026-06-27,IT,2K5nCggbhSZ00YCYP5qkZS,Shiva,11,1211760,0.040745434,3
2026-06-27,IT,23TFHmajVfBtlRx5MXqgoz,Sfera Ebbasta,15,1426166,0.047954837,2
2026-06-27,IT,27LlKWxS3KXW7RRAxN5S8s,Geolier,24,2420571,0.081391708,1
2026-06-19,IT,6FtwCmLY6L1sqvjaQ2lV6G,Emis Killa,1,285714,0.009334051,21
2026-06-19,IT,7FNnA9vBm6EKceENgCGRMb,Anitta,1,285714,0.009334051,21
2026-06-19,IT,5mTg1ztZByLRHsOEtwmT4G,Levante,1,260537,0.008511538,24
2026-06-19,IT,0BjRnUqiITQwjqGtTeoxUS,DELIA,1,260537,0.008511538,24
2026-06-19,IT,1cKyknhftNKXCjMBd2hDrG,DYSTINCT,1,228209,0.007455408,30
2026-06-19,IT,51OKuyM4BiiYxFm8Mi6fa9,Mauvais djo,1,172160,0.005624331,38
2026-06-19,IT,6X5L6rmyvrWWu60Gx6exiZ,54 Ultra,1,153546,0.005016226,43
2026-06-19,IT,4p5WgeiPSPpqPDs7T6OkWf,ANOTR,1,153546,0.005016226,43
2026-06-19,IT,6PsQc21YZU7WNfiODG69Qk,Tony Boy,1,151941,0.004963792,44
2026-06-19,IT,7a0XAaPaK2aDSqa8p3QnC7,Beéle,1,150772,0.004925602,45
2026-06-19,IT,5uwa6tAMMfNbBFIHiI6NV4,W Sound,1,150772,0.004925602,45
2026-06-19,IT,3m5qlPf2OkihLz3dRYnkPA,Ovy On The Drums,1,150772,0.004925602,45
2026-06-19,IT,1uNFoZAHBGtllmzznpCI3s,Justin Bieber,1,141320,0.004616813,47
2026-06-19,IT,0hCNtLu0JehylgoiP8L4Gh,Nicki Minaj,1,141320,0.004616813,47
2026-06-19,IT,3xGlLcG9CUrs5MvFkSLOS5,Marco Mengoni,1,135236,0.004418053,48
2026-06-19,IT,7tmMPdOmFvdRvbj2aWoiRi,Jovanotti,1,126990,0.004148663,49
2026-06-19,IT,5iot8OPcosJN9nCl7I5SdK,Irama,1,114996,0.003756828,51
2026-06-19,IT,5mHUmlJWkcoOk1NbjfrXWz,Temper City,1,112646,0.003680056,52
2026-06-19,IT,0F3tUZeb9dLNEpxCpzEBQt,SOLTO (FR),1,111982,0.003658363,53
2026-06-19,IT,5PlfkPxwCpRRWQJBxCa0By,HUGEL,1,111982,0.003658363,53
2026-06-19,IT,01XCyobLTxOrswogL7YNIu,Dibla,1,108220,0.003535462,54
2026-06-19,IT,1c22GXH30ijlOfXhfLz9Df,Elvis Crespo,1,107766,0.00352063,55
2026-06-19,IT,44DWomjW1oDuxIoBIRpmQ4,Rhove,1,104571,0.003416252,56
2026-06-19,IT,3wcj11K77LjEY1PkEazffa,Burna Boy,1,102916,0.003362184,57
2026-06-19,IT,1uZVxckdGGKhFMpCnupXmP,Los Pleneros de la Cresta,1,95035,0.003104718,58
2026-06-19,IT,7u710e44HW3K7A5eTnRqHC,Fabri Fibra,1,92686,0.003027978,59
2026-06-19,IT,2R21vXR83lH98kGeO99Y66,Anuel AA,1,92626,0.003026018,60
2026-06-19,IT,5rRcnWrevHgbuWjl7Lhft7,Merk & Kremont,1,92004,0.003005698,61
2026-06-19,IT,72A0Z8q8NiochyK9gUHpCR,The Kolors,1,92004,0.003005698,61
2026-06-19,IT,6USv9qhCn6zfxlBQIYJ9qs,Dominic Fike,1,88585,0.002894002,62
2026-06-19,IT,2DlGxzQSjYe5N6G9nkYghR,Jennifer Lopez,1,87506,0.002858752,63
2026-06-19,IT,0TnOYISbd1XYRBk9myaseg,Pitbull,1,87506,0.002858752,63
2026-06-19,IT,2LRoIwlKmHjgvigdNGBHNo,Feid,1,84125,0.002748297,64
2026-06-19,IT,1McMsnEElThX1knmY4oliG,Olivia Rodrigo,1,81356,0.002657836,65
2026-06-19,IT,4Xsf5hhfIyhTgiVymlPLA7,22simba,1,79798,0.002606938,66
2026-06-19,IT,7F2utINZ6tSokSiZTQBE27,Guè,1,79798,0.002606938,66
2026-06-19,IT,2pzFTbri7ew8mW2CbYpCNq,Astro,1,77765,0.002540521,67
2026-06-19,IT,08ppjXEpROUgrG1X0DEquB,Nerissima Serpe,1,77765,0.002540521,67
2026-06-19,IT,4eq1q0o9XPyNq9RG3fNDD1,Yorghaki,1,76956,0.002514092,68
2026-06-19,IT,3DeOmVSmpv7WknXoo1OS8p,Alleh,1,76956,0.002514092,68
2026-06-19,IT,790FomKkXshlbRYZFtlgla,KAROL G,1,76933,0.00251334,69
2026-06-19,IT,3g9MKjIP9xrMTY5Pbwr6Nk,Kreamly,1,75872,0.002478678,70
2026-06-19,IT,6RWMnZmXs8Ob715qLr4374,Aissa,1,75872,0.002478678,70
2026-06-19,IT,2CCgb0KApjfQDuTppovpf8,Rvfv,1,75872,0.002478678,70
2026-06-19,IT,5p9HO3XC5P3BLxJs5Mtrhm,Djo,1,75428,0.002464173,71
2026-06-19,IT,5H1nN1SzW0qNeUEZvuXjAj,Danny Ocean,1,75252,0.002458423,72
2026-06-19,IT,1HBjj22wzbscIZ9sEb5dyf,Jonas Blue,1,74883,0.002446368,73
2026-06-19,IT,5JsnFhU4OqgEtNXs7Sq1Vm,Malive,1,74883,0.002446368,73
2026-06-19,IT,7krakxeyEmge6pzTthKNyg,The Bausa,1,74442,0.002431961,74
2026-06-19,IT,1eBPcZCSWh1EAv0aOXusye,Higashi,1,74075,0.002419972,75
2026-06-19,IT,2sil8z5kiy4r76CRTXxBCA,The Goo Goo Dolls,1,73905,0.002414418,76
2026-06-19,IT,6bMul6rmRS03x38tWKYifO,883,1,73515,0.002401677,77
2026-06-19,IT,2tIP7SsRs7vjIcLrU85W8J,The Kid LAROI,1,72024,0.002352967,78
2026-06-19,IT,5FwDaIGy29GQC5d0MR7fKf,LDA,1,71737,0.002343591,79
2026-06-19,IT,0lQtBhjEJpoOroQS6fbWMc,Aka 7even,1,71737,0.002343591,79
2026-06-19,IT,1AgAVqo74e2q4FVvg0xpT7,Tedua,1,71553,0.00233758,80
2026-06-19,IT,7HtzacrJpksCiS6qHypb8l,Ditonellapiaga,1,70673,0.002308831,81
2026-06-19,IT,2oQX8QiMXOyuqbcZEFsZfm,El Alfa,1,70002,0.00228691,82
2026-06-19,IT,2iK8weavvfS2xJCmzNzNE5,J-AX,1,68747,0.00224591,83
2026-06-19,IT,7gjqZ8coFZimZDtdk04WP1,MACE,1,66637,0.002176978,84
2026-06-19,IT,05brE7yGJDmIYlMirfSi0B,Federica Abbate,1,66457,0.002171098,85
2026-06-19,IT,2dAKW1tsAariQ0Ta2gqp8N,Gow Tribe,1,66022,0.002156887,86
2026-06-19,IT,2DaxqgrOhkeH0fpeiQq2f4,Oasis,1,65734,0.002147478,87
2026-06-19,IT,5KKpBU5eC2tJDzf0wmlRp2,RAYE,1,65353,0.002135031,88
2026-06-19,IT,6JhUHne9H09NdkTI5E9GSt,Dardust,1,63793,0.002084067,89
2026-06-19,IT,10exVja0key0uqUkk6LJRT,Vance Joy,1,63071,0.00206048,90
2026-06-19,IT,6RS8ydeeuOdtRNMI6sdWQy,Lubi,1,62017,0.002026046,91
2026-06-19,IT,7h1amg0X7Q5d0D5KfuyKTg,Pyrex,1,61381,0.002005269,92
2026-06-19,IT,3JhNCzhSMTxs9WLGJJxWOY,Macklemore,1,61286,0.002002165,93
2026-06-19,IT,4e0nWw2r4BoQSKPQ2zpU13,Ray Dalton,1,61286,0.002002165,93
2026-06-19,IT,5mZJerulcERBZV7xnhrVp1,Ryan Lewis,1,61286,0.002002165,93
2026-06-19,IT,5BcAKTbp20cv7tC5VqPFoC,Macklemore & Ryan Lewis,1,61286,0.002002165,93
2026-06-19,IT,3AVx3OBPIk4pJQllAXoVs1,Gaia,1,61215,0.001999846,94
2026-06-19,IT,7MdlXmq2HViAJWo9cf30sR,Cloonee,1,61118,0.001996677,95
2026-06-19,IT,6HabM2PUM519iIxervGWSb,Prospa,1,61118,0.001996677,95
2026-06-19,IT,5NGO30tJxFlKixkPSgXcFE,The Police,1,60429,0.001974168,96
2026-06-19,IT,0r310cYIlI5aMcuDTChNlO,Loretta Goggi,1,60216,0.001967209,97
2026-06-19,IT,716NhGYqD1jl2wI1Qkgq36,Bizarrap,1,59386,0.001940094,98
2026-06-19,IT,2eFv7NVs8R6Go7msuqikeg,Pino Daniele,1,59245,0.001935487,99
2026-06-19,IT,5bv5RplEOwdCvhq0EILh9E,Lucenzo,1,58851,0.001922616,100
2026-06-19,IT,33ScadVnbm2X8kkUqOkC6Z,Don Omar,1,58851,0.001922616,100
2026-06-19,IT,07yfI2D37Ir0pGQ8huDd4j,TonyPitony,1,58844,0.001922387,101
2026-06-19,IT,6YBgd2LKccEB3pX6UaW1Yp,Thegiornalisti,1,58408,0.001908143,102
2026-06-19,IT,7H8ZC8uHJMPZGLMApRRNIz,Ligabue,1,58082,0.001897493,103
2026-06-19,IT,4wLXwxDeWQ8mtUIRPxGiD6,Marc Anthony,1,57970,0.001893834,104
2026-06-19,IT,2cy1zPcrFcXAJTP0APWewL,Gente De Zona,1,57970,0.001893834,104
2026-06-19,IT,7CvTknweLr9feJtRGrpDBy,FloyyMenor,1,57945,0.001893017,105
2026-06-19,IT,1Yj5Xey7kTwvZla8sqdsdE,Cris MJ,1,57945,0.001893017,105
2026-06-19,IT,056KMTw6IztdQjBmFfVyO3,Rkomi,1,57110,0.001865739,106
2026-06-19,IT,6FcVd3KlRxozcLl19FMXu9,Max Pezzali,1,56816,0.001856134,107
2026-06-19,IT,2jnjbAYKylrmBMCFZE0OCK,Poison Beatz,1,56805,0.001855774,108
2026-06-19,IT,5l4nhyz8876RhgE2d18h65,Vasco Rossi,1,56001,0.001829508,109
2026-06-19,IT,3wDn3kW2zDRLnaQAnX0S3x,Dat Boi Dee,1,55979,0.00182879,110
2026-06-19,IT,76UCIJTB0jcJvBaL0CdIqx,Takagi & Ketra,1,55979,0.00182879,110
2026-06-19,IT,6hkKbkZGvAXuvle2FhCnxy,Shablo,1,55920,0.001826862,111
2026-06-19,IT,4G9NDjRyZFDlJKMRL8hx3S,sombr,1,55905,0.001826372,112
2026-06-19,IT,6wH6iStAh4KIaWfuhf0NYM,Manu Chao,1,55714,0.001820132,113
2026-06-19,IT,66CXWjxzNUsdJxJ2JdwvnR,Ariana Grande,1,55366,0.001808763,114
2026-06-19,IT,6TLwD7HPWuiOzvXEa3oCNe,Oliver Tree,1,55236,0.001804516,115
2026-06-19,IT,3t5xRXzsuZmMDkQzgOX35S,Robin Schulz,1,55236,0.001804516,115
2026-06-19,IT,6nVcHLIgY5pE2YCl8ubca1,JHAYCO,1,55142,0.001801446,116
2026-06-19,IT,5RTLRtXjbXI2lSXc6jxlAz,Ravyn Lenae,1,55098,0.001800008,117
2026-06-19,IT,7zPS3i8YJBNeDcqXUHfCMr,AVA,1,54607,0.001783968,118
2026-06-19,IT,1vyhD5VmyZ7KMfW5gqLgo5,J Balvin,1,54547,0.001782007,119
2026-06-19,IT,0fTSzq9jAh4c36UVb4V7CB,Alex Warren,1,54199,0.001770638,120
2026-06-19,IT,6U1dV7aL68N7Gb0Naq34V5,REI AMI,1,54145,0.001768874,121
2026-06-19,IT,0RMJOzHDhAKY1o2j0W0vxY,EJAE,1,54145,0.001768874,121
2026-06-19,IT,2yNNYQBChuox9A5Ka93BIn,HUNTR/X,1,54145,0.001768874,121
2026-06-19,IT,0Wwji82sLA0Hcvtuak3omb,AUDREY NUNA,1,54145,0.001768874,121
2026-06-19,IT,7mW7Tv7NvywKKXqafZo0Lc,KPop Demon Hunters Cast,1,54145,0.001768874,121
2026-06-19,IT,250b0Wlc5Vk0CoUsaCY84M,JENNIE,1,53720,0.00175499,122
2026-06-19,IT,5INjqkS1o8h1imAzPqGZBb,Tame Impala,1,53720,0.00175499,122
2026-06-19,IT,11TplWqOPQBTmg2eiSLt1m,Tiziano Ferro,1,53607,0.001751298,123
2026-06-19,IT,7aBzpmFXB4WWpPl2F7RjBe,Wyclef Jean,1,53579,0.001750384,124
2026-06-19,IT,30fnIb0InCgAp2IPY17nqd,RRARI DAL TACCO,1,53475,0.001746986,125
2026-06-19,IT,2aya6KuqjXEhHBqYKsTPLs,Rose Villain,1,53319,0.00174189,126
2026-06-19,IT,1Xylc3o4UrD53lo9CvFvVg,Zara Larsson,1,53205,0.001738165,127
2026-06-19,IT,7108jelN43seqWILMvJwKi,Serena Brancale,2,352541,0.011517236,15
2026-06-19,IT,0QrUbsrL5imqntAfDl8i7q,Fred De Palma,2,349926,0.011431806,16
2026-06-19,IT,38CThoTDmXugNnfonW466d,Jiz,2,326551,0.010668163,19
2026-06-19,IT,1vgQksyJ0IVz8y9XerEOy3,Madame,2,277145,0.009054108,22
2026-06-19,IT,1A6HBLulvBFzNtlMb7b08f,Angelina Mango,2,225194,0.00735691,31
2026-06-19,IT,26toJml6wSdf58ZgNG0ci9,Dipinto,2,216461,0.00707161,32
2026-06-19,IT,6HQ27YefiitrZ9YsWrgRHX,Fresh Beatz,2,216461,0.00707161,32
2026-06-19,IT,3fMbdgg4jU18AjLCKBhRSm,Michael Jackson,2,213379,0.006970923,33
2026-06-19,IT,5AZuEF0feCXMkUCwQiQlW7,Marracash,2,201439,0.006580853,35
2026-06-19,IT,0jdNdfi4vAuVi7a6cPDFBM,Lazza,2,184718,0.006034591,36
2026-06-19,IT,1QeqGmpgU5Yg74GNcjIIq3,Fulminacci,2,176647,0.005770918,37
2026-06-19,IT,52iwsT98xCoGgiGntTiR7K,Quevedo,2,167152,0.005460724,39
2026-06-19,IT,0gzwXezN4IUHAwLufA6YcX,Emma,2,162516,0.005309269,40
2026-06-19,IT,0EmeFodog0BfCgMzAIvKQp,Shakira,2,156495,0.005112568,41
2026-06-19,IT,0EqkKYDK9EkKY5N7zU3FPv,Annalisa,2,155083,0.005066439,42
2026-06-19,IT,1UjxAZqzphB1tsMb1aWBj0,Omega,2,144077,0.004706882,46
2026-06-19,IT,2aiM1OfMODFLUXaQgEVPK1,Roberto Ferrante,2,144077,0.004706882,46
2026-06-19,IT,7cdIY4mDfM1dbjgl7s2fGR,Sal Da Vinci,2,116856,0.003817593,50
2026-06-19,IT,6RdcIWVKYYzNzjQRd3oyHS,Pinguini Tattici Nucleari,3,329522,0.010765223,18
2026-06-19,IT,3HAwumPgGOSXlZSyGWuLhB,Sayf,3,264102,0.008628004,23
2026-06-19,IT,47z0zz9ZMCn9GBiPRTn5Bc,Tommaso Paradiso,3,244199,0.007977788,25
2026-06-19,IT,5dXlc7MnpaTeUIsHLVe3n4,Coez,3,239846,0.007835579,26
2026-06-19,IT,3yiEJ9SByXZMXTwaKdVFN4,Luchè,3,238289,0.007784713,27
2026-06-19,IT,7GacyaFUp0qkEJglERX9N7,Alfa,3,236751,0.007734468,28
2026-06-19,IT,3fhMfkPPzksWuw0hEm4ldm,Ernia,3,230333,0.007524797,29
2026-06-19,IT,3LvwPiJQJ0da0GurKMToV0,Baby Gang,3,208289,0.006804637,34
2026-06-19,IT,2QJ1AReDewmz4fcRhGxW6Y,Vito Salamanca,4,573679,0.01874164,11
2026-06-19,IT,2n0Ki4A5tKTEloq3WCt1IH,Samurai Jay,4,573679,0.01874164,11
2026-06-19,IT,2ifTEcQqKSPwijIEcPHQ1R,Flatpearl,4,462031,0.015094188,13
2026-06-19,IT,1dlyjeDlgXalzt5oqbgWDs,G.Mineiro,4,462031,0.015094188,13
2026-06-19,IT,1l1A1U8VJM15W7zonFqKhg,Succo,4,462031,0.015094188,13
2026-06-19,IT,0EUR8jz8L936AEbV2Spkca,Kid Yugi,4,322509,0.010536114,20
2026-06-19,IT,2R4kNOwHUUsuDYhKsESVbF,Artie 5ive,5,805355,0.026310311,9
2026-06-19,IT,396Jr76018oUMR6QBnqT8T,Cesare Cremonini,5,366368,0.011968953,14
2026-06-19,IT,5SulO4l40qDuV9zUGLZx7n,Capo Plaza,5,339019,0.011075483,17
2026-06-19,IT,7FeObngbQ0GY3SojNwKdKn,Bresh,6,598266,0.019544877,10
2026-06-19,IT,7K80yOTC0Id95gRaOxDG5u,ANNA,7,947388,0.030950417,7
2026-06-19,IT,0lI3rF4hi4op6UxqlLHPzv,Achille Lauro,7,564508,0.01844203,12
2026-06-19,IT,23TFHmajVfBtlRx5MXqgoz,Sfera Ebbasta,9,1049873,0.034298521,5
2026-06-19,IT,4q3ewBCX7sLwd24euuV69X,Bad Bunny,9,849389,0.027748867,8
2026-06-19,IT,3hN3iJMbbBmqBSAMx5veDa,Ultimo,10,1282962,0.041913355,3
2026-06-19,IT,25u1DN0MwQVSav4XoJS7hl,Olly,11,971900,0.031751205,6
2026-06-19,IT,4rj3KWaLAnuxgtMMkypZhf,Juli,12,1079772,0.035275298,4
2026-06-19,IT,2K5nCggbhSZ00YCYP5qkZS,Shiva,13,1400391,0.045749667,2
2026-06-19,IT,27LlKWxS3KXW7RRAxN5S8s,Geolier,18,1772409,0.057903201,1
2026-07-11,IT,7FNnA9vBm6EKceENgCGRMb,Anitta,1,245040,0.008477184,23
2026-07-11,IT,6FtwCmLY6L1sqvjaQ2lV6G,Emis Killa,1,245040,0.008477184,23
2026-07-11,IT,1cKyknhftNKXCjMBd2hDrG,DYSTINCT,1,213390,0.007382249,32
2026-07-11,IT,5mTg1ztZByLRHsOEtwmT4G,Levante,1,205089,0.007095075,33
2026-07-11,IT,0BjRnUqiITQwjqGtTeoxUS,DELIA,1,205089,0.007095075,33
2026-07-11,IT,3wcj11K77LjEY1PkEazffa,Burna Boy,1,164093,0.005676814,40
2026-07-11,IT,0EmeFodog0BfCgMzAIvKQp,Shakira,1,164093,0.005676814,40
2026-07-11,IT,4p5WgeiPSPpqPDs7T6OkWf,ANOTR,1,160632,0.00555708,42
2026-07-11,IT,6X5L6rmyvrWWu60Gx6exiZ,54 Ultra,1,160632,0.00555708,42
2026-07-11,IT,3xGlLcG9CUrs5MvFkSLOS5,Marco Mengoni,1,149089,0.005157749,45
2026-07-11,IT,7a0XAaPaK2aDSqa8p3QnC7,Beéle,1,145475,0.005032722,47
2026-07-11,IT,3m5qlPf2OkihLz3dRYnkPA,Ovy On The Drums,1,145475,0.005032722,47
2026-07-11,IT,5uwa6tAMMfNbBFIHiI6NV4,W Sound,1,145475,0.005032722,47
2026-07-11,IT,5iot8OPcosJN9nCl7I5SdK,Irama,1,142697,0.004936617,49
2026-07-11,IT,1c22GXH30ijlOfXhfLz9Df,Elvis Crespo,1,133217,0.004608656,51
2026-07-11,IT,0F3tUZeb9dLNEpxCpzEBQt,SOLTO (FR),1,132841,0.004595648,52
2026-07-11,IT,0hCNtLu0JehylgoiP8L4Gh,Nicki Minaj,1,121638,0.004208079,55
2026-07-11,IT,1uNFoZAHBGtllmzznpCI3s,Justin Bieber,1,121638,0.004208079,55
2026-07-11,IT,7tmMPdOmFvdRvbj2aWoiRi,Jovanotti,1,119122,0.004121038,56
2026-07-11,IT,5mHUmlJWkcoOk1NbjfrXWz,Temper City,1,107766,0.003728176,59
2026-07-11,IT,2DaxqgrOhkeH0fpeiQq2f4,Oasis,1,100132,0.003464077,60
2026-07-11,IT,17yREPqyU875WJnX9U082A,Imael Angel,1,96628,0.003342855,61
2026-07-11,IT,1cK2Abwkni7m51wJCSGllN,Ultra Naté,1,96628,0.003342855,61
2026-07-11,IT,6PsQc21YZU7WNfiODG69Qk,Tony Boy,1,94655,0.003274599,62
2026-07-11,IT,7krakxeyEmge6pzTthKNyg,The Bausa,1,92700,0.003206966,63
2026-07-11,IT,0jdNdfi4vAuVi7a6cPDFBM,Lazza,1,91473,0.003164518,64
2026-07-11,IT,1uZVxckdGGKhFMpCnupXmP,Los Pleneros de la Cresta,1,89504,0.0030964,65
2026-07-11,IT,2CCgb0KApjfQDuTppovpf8,Rvfv,1,89284,0.003088789,66
2026-07-11,IT,3g9MKjIP9xrMTY5Pbwr6Nk,Kreamly,1,89284,0.003088789,66
2026-07-11,IT,6RWMnZmXs8Ob715qLr4374,Aissa,1,89284,0.003088789,66
2026-07-11,IT,2R21vXR83lH98kGeO99Y66,Anuel AA,1,86381,0.002988359,67
2026-07-11,IT,2LRoIwlKmHjgvigdNGBHNo,Feid,1,86241,0.002983516,68
2026-07-11,IT,01XCyobLTxOrswogL7YNIu,Dibla,1,84662,0.00292889,69
2026-07-11,IT,5JsnFhU4OqgEtNXs7Sq1Vm,Malive,1,82556,0.002856033,70
2026-07-11,IT,1HBjj22wzbscIZ9sEb5dyf,Jonas Blue,1,82556,0.002856033,70
2026-07-11,IT,6JhUHne9H09NdkTI5E9GSt,Dardust,1,77287,0.002673752,71
2026-07-11,IT,3DeOmVSmpv7WknXoo1OS8p,Alleh,1,76829,0.002657907,72
2026-07-11,IT,4eq1q0o9XPyNq9RG3fNDD1,Yorghaki,1,76829,0.002657907,72
2026-07-11,IT,790FomKkXshlbRYZFtlgla,KAROL G,1,75725,0.002619714,73
2026-07-11,IT,5rRcnWrevHgbuWjl7Lhft7,Merk & Kremont,1,74723,0.00258505,74
2026-07-11,IT,72A0Z8q8NiochyK9gUHpCR,The Kolors,1,74723,0.00258505,74
2026-07-11,IT,44DWomjW1oDuxIoBIRpmQ4,Rhove,1,74294,0.002570208,75
2026-07-11,IT,1EbIfIjVcauDatNO4vagL1,Sybil,1,71679,0.002479742,76
2026-07-11,IT,7MdlXmq2HViAJWo9cf30sR,Cloonee,1,71679,0.002479742,76
2026-07-11,IT,6HabM2PUM519iIxervGWSb,Prospa,1,71679,0.002479742,76
2026-07-11,IT,2oQX8QiMXOyuqbcZEFsZfm,El Alfa,1,70005,0.00242183,77
2026-07-11,IT,0TnOYISbd1XYRBk9myaseg,Pitbull,1,68041,0.002353885,78
2026-07-11,IT,2DlGxzQSjYe5N6G9nkYghR,Jennifer Lopez,1,68041,0.002353885,78
2026-07-11,IT,5H1nN1SzW0qNeUEZvuXjAj,Danny Ocean,1,67909,0.002349319,79
2026-07-11,IT,2sil8z5kiy4r76CRTXxBCA,The Goo Goo Dolls,1,67800,0.002345548,80
2026-07-11,IT,6USv9qhCn6zfxlBQIYJ9qs,Dominic Fike,1,67257,0.002326763,81
2026-07-11,IT,2eFv7NVs8R6Go7msuqikeg,Pino Daniele,1,66485,0.002300055,82
2026-07-11,IT,1yq9UuPp5DIb5w6eswGbKV,Adriano Celentano,1,65081,0.002251484,83
2026-07-11,IT,3wDn3kW2zDRLnaQAnX0S3x,Dat Boi Dee,1,65017,0.00224927,84
2026-07-11,IT,10exVja0key0uqUkk6LJRT,Vance Joy,1,64894,0.002245014,85
2026-07-11,IT,05brE7yGJDmIYlMirfSi0B,Federica Abbate,1,63678,0.002202947,86
2026-07-11,IT,5p9HO3XC5P3BLxJs5Mtrhm,Djo,1,63232,0.002187517,87
2026-07-11,IT,1fctva4kpRbg2k3v7kwRuS,Rvssian,1,63055,0.002181394,88
2026-07-11,IT,7h1amg0X7Q5d0D5KfuyKTg,Pyrex,1,62946,0.002177623,89
2026-07-11,IT,3AVx3OBPIk4pJQllAXoVs1,Gaia,1,61262,0.002119365,90
2026-07-11,IT,6hkKbkZGvAXuvle2FhCnxy,Shablo,1,60814,0.002103866,91
2026-07-11,IT,0r310cYIlI5aMcuDTChNlO,Loretta Goggi,1,60615,0.002096982,92
2026-07-11,IT,4e0nWw2r4BoQSKPQ2zpU13,Ray Dalton,1,60559,0.002095045,93
2026-07-11,IT,5mZJerulcERBZV7xnhrVp1,Ryan Lewis,1,60559,0.002095045,93
2026-07-11,IT,3JhNCzhSMTxs9WLGJJxWOY,Macklemore,1,60559,0.002095045,93
2026-07-11,IT,5BcAKTbp20cv7tC5VqPFoC,Macklemore & Ryan Lewis,1,60559,0.002095045,93
2026-07-11,IT,7u710e44HW3K7A5eTnRqHC,Fabri Fibra,1,60313,0.002086534,94
2026-07-11,IT,0lQtBhjEJpoOroQS6fbWMc,Aka 7even,1,59659,0.002063909,95
2026-07-11,IT,5FwDaIGy29GQC5d0MR7fKf,LDA,1,59659,0.002063909,95
2026-07-11,IT,5Otk4eRecMMbC5YR4Iliou,Le-one,1,59419,0.002055606,96
2026-07-11,IT,0harR1ApYeMN6GOLBNMiUR,Eddie Brock,1,59158,0.002046577,97
2026-07-11,IT,7gjqZ8coFZimZDtdk04WP1,MACE,1,58803,0.002034296,98
2026-07-11,IT,2i04Yoaa4wV8J75w8aPX1G,Kano Choir,1,58032,0.002007623,99
2026-07-11,IT,4wLXwxDeWQ8mtUIRPxGiD6,Marc Anthony,1,57985,0.002005997,100
2026-07-11,IT,2cy1zPcrFcXAJTP0APWewL,Gente De Zona,1,57985,0.002005997,100
2026-07-11,IT,5NGO30tJxFlKixkPSgXcFE,The Police,1,57537,0.001990498,101
2026-07-11,IT,6YBgd2LKccEB3pX6UaW1Yp,Thegiornalisti,1,57478,0.001988457,102
2026-07-11,IT,7HtzacrJpksCiS6qHypb8l,Ditonellapiaga,1,57346,0.001983891,103
2026-07-11,IT,6jwzGu5VdkR5tsRROYuxso,DrefGold,1,56795,0.001964829,104
2026-07-11,IT,3o7fC2O4nraaicpID6bBZW,Elettra Lamborghini,1,56585,0.001957564,105
2026-07-11,IT,0fTSzq9jAh4c36UVb4V7CB,Alex Warren,1,56471,0.00195362,106
2026-07-11,IT,5bv5RplEOwdCvhq0EILh9E,Lucenzo,1,56249,0.00194594,107
2026-07-11,IT,33ScadVnbm2X8kkUqOkC6Z,Don Omar,1,56249,0.00194594,107
2026-07-11,IT,2PEMswqQspTSsAltdeF5kO,Simba La Rue,1,55967,0.001936184,108
2026-07-11,IT,1Yj5Xey7kTwvZla8sqdsdE,Cris MJ,1,55858,0.001932413,109
2026-07-11,IT,7CvTknweLr9feJtRGrpDBy,FloyyMenor,1,55858,0.001932413,109
2026-07-11,IT,5KKpBU5eC2tJDzf0wmlRp2,RAYE,1,54026,0.001869035,110
2026-07-11,IT,056KMTw6IztdQjBmFfVyO3,Rkomi,1,53866,0.0018635,111
2026-07-11,IT,2jnjbAYKylrmBMCFZE0OCK,Poison Beatz,1,53704,0.001857895,112
2026-07-11,IT,716NhGYqD1jl2wI1Qkgq36,Bizarrap,1,53565,0.001853087,113
2026-07-11,IT,2dAKW1tsAariQ0Ta2gqp8N,Gow Tribe,1,53232,0.001841566,114
2026-07-11,IT,6nVcHLIgY5pE2YCl8ubca1,JHAYCO,1,52703,0.001823266,115
2026-07-11,IT,0RMJOzHDhAKY1o2j0W0vxY,EJAE,1,52672,0.001822193,116
2026-07-11,IT,7mW7Tv7NvywKKXqafZo0Lc,KPop Demon Hunters Cast,1,52672,0.001822193,116
2026-07-11,IT,0Wwji82sLA0Hcvtuak3omb,AUDREY NUNA,1,52672,0.001822193,116
2026-07-11,IT,2yNNYQBChuox9A5Ka93BIn,HUNTR/X,1,52672,0.001822193,116
2026-07-11,IT,6U1dV7aL68N7Gb0Naq34V5,REI AMI,1,52672,0.001822193,116
2026-07-11,IT,6wH6iStAh4KIaWfuhf0NYM,Manu Chao,1,51861,0.001794137,117
2026-07-11,IT,6k8mwkKJKKjBILo7ypBspl,Ana Mena,1,51739,0.001789916,118
2026-07-11,IT,0du5cEVh5yTK9QJze8zA0C,Bruno Mars,1,51379,0.001777462,119
2026-07-11,IT,7108jelN43seqWILMvJwKi,Serena Brancale,2,279812,0.009680124,19
2026-07-11,IT,38CThoTDmXugNnfonW466d,Jiz,2,253648,0.008774978,21
2026-07-11,IT,5PlfkPxwCpRRWQJBxCa0By,HUGEL,2,229469,0.007938503,25
2026-07-11,IT,1A6HBLulvBFzNtlMb7b08f,Angelina Mango,2,220580,0.007630987,28
2026-07-11,IT,3HAwumPgGOSXlZSyGWuLhB,Sayf,2,213443,0.007384082,30
2026-07-11,IT,1vgQksyJ0IVz8y9XerEOy3,Madame,2,185212,0.006407428,36
2026-07-11,IT,6HQ27YefiitrZ9YsWrgRHX,Fresh Beatz,2,183232,0.00633893,37
2026-07-11,IT,26toJml6wSdf58ZgNG0ci9,Dipinto,2,183232,0.00633893,37
2026-07-11,IT,3fMbdgg4jU18AjLCKBhRSm,Michael Jackson,2,166998,0.005777313,38
2026-07-11,IT,47z0zz9ZMCn9GBiPRTn5Bc,Tommaso Paradiso,2,164115,0.005677575,39
2026-07-11,IT,1QeqGmpgU5Yg74GNcjIIq3,Fulminacci,2,163988,0.005673181,41
2026-07-11,IT,3yiEJ9SByXZMXTwaKdVFN4,Luchè,2,156743,0.00542254,43
2026-07-11,IT,1UjxAZqzphB1tsMb1aWBj0,Omega,2,154555,0.005346846,44
2026-07-11,IT,2aiM1OfMODFLUXaQgEVPK1,Roberto Ferrante,2,154555,0.005346846,44
2026-07-11,IT,76UCIJTB0jcJvBaL0CdIqx,Takagi & Ketra,2,147243,0.005093886,46
2026-07-11,IT,1eBPcZCSWh1EAv0aOXusye,Higashi,2,143969,0.004980622,48
2026-07-11,IT,0EqkKYDK9EkKY5N7zU3FPv,Annalisa,2,136101,0.004708428,50
2026-07-11,IT,7GgpsUpkj3olseoaTY7TEY,Elodie,2,127778,0.004420493,53
2026-07-11,IT,7cdIY4mDfM1dbjgl7s2fGR,Sal Da Vinci,2,127238,0.004401811,54
2026-07-11,IT,6FcVd3KlRxozcLl19FMXu9,Max Pezzali,2,117446,0.004063056,57
2026-07-11,IT,7F2utINZ6tSokSiZTQBE27,Guè,2,112721,0.003899594,58
2026-07-11,IT,2QJ1AReDewmz4fcRhGxW6Y,Vito Salamanca,3,514816,0.017810111,9
2026-07-11,IT,2n0Ki4A5tKTEloq3WCt1IH,Samurai Jay,3,514816,0.017810111,9
2026-07-11,IT,0QrUbsrL5imqntAfDl8i7q,Fred De Palma,3,354026,0.012247565,14
2026-07-11,IT,51OKuyM4BiiYxFm8Mi6fa9,Mauvais djo,3,301577,0.010433087,15
2026-07-11,IT,6RdcIWVKYYzNzjQRd3oyHS,Pinguini Tattici Nucleari,3,290853,0.010062089,17
2026-07-11,IT,52iwsT98xCoGgiGntTiR7K,Quevedo,3,246102,0.008513924,22
2026-07-11,IT,5dXlc7MnpaTeUIsHLVe3n4,Coez,3,232326,0.008037341,24
2026-07-11,IT,0EUR8jz8L936AEbV2Spkca,Kid Yugi,3,225984,0.007817939,26
2026-07-11,IT,7GacyaFUp0qkEJglERX9N7,Alfa,3,223790,0.007742038,27
2026-07-11,IT,3fhMfkPPzksWuw0hEm4ldm,Ernia,3,214786,0.007430543,29
2026-07-11,IT,396Jr76018oUMR6QBnqT8T,Cesare Cremonini,3,213438,0.007383909,31
2026-07-11,IT,0gzwXezN4IUHAwLufA6YcX,Emma,3,204850,0.007086806,34
2026-07-11,IT,6bMul6rmRS03x38tWKYifO,883,3,188022,0.00650464,35
2026-07-11,IT,7FeObngbQ0GY3SojNwKdKn,Bresh,4,432310,0.014955808,11
2026-07-11,IT,1l1A1U8VJM15W7zonFqKhg,Succo,4,374415,0.012952925,13
2026-07-11,IT,1dlyjeDlgXalzt5oqbgWDs,G.Mineiro,4,374415,0.012952925,13
2026-07-11,IT,2ifTEcQqKSPwijIEcPHQ1R,Flatpearl,4,374415,0.012952925,13
2026-07-11,IT,5AZuEF0feCXMkUCwQiQlW7,Marracash,4,299746,0.010369743,16
2026-07-11,IT,5SulO4l40qDuV9zUGLZx7n,Capo Plaza,4,287558,0.009948098,18
2026-07-11,IT,3LvwPiJQJ0da0GurKMToV0,Baby Gang,4,267769,0.009263496,20
2026-07-11,IT,0lI3rF4hi4op6UxqlLHPzv,Achille Lauro,5,392053,0.013563113,12
2026-07-11,IT,2R4kNOwHUUsuDYhKsESVbF,Artie 5ive,6,723508,0.025029832,6
2026-07-11,IT,25u1DN0MwQVSav4XoJS7hl,Olly,6,483193,0.016716111,10
2026-07-11,IT,4q3ewBCX7sLwd24euuV69X,Bad Bunny,7,667064,0.023077146,7
2026-07-11,IT,4rj3KWaLAnuxgtMMkypZhf,Juli,7,581125,0.020104078,8
2026-07-11,IT,3hN3iJMbbBmqBSAMx5veDa,Ultimo,9,861216,0.029793854,5
2026-07-11,IT,2K5nCggbhSZ00YCYP5qkZS,Shiva,12,1111962,0.038468438,4
2026-07-11,IT,7K80yOTC0Id95gRaOxDG5u,ANNA,19,2131053,0.073723993,1
2026-07-11,IT,23TFHmajVfBtlRx5MXqgoz,Sfera Ebbasta,19,1616673,0.055928965,3
2026-07-11,IT,27LlKWxS3KXW7RRAxN5S8s,Geolier,20,2013733,0.069665296,2
2026-06-05,IT,6PsQc21YZU7WNfiODG69Qk,Tony Boy,1,592983,0.019746447,11
2026-06-05,IT,7FNnA9vBm6EKceENgCGRMb,Anitta,1,274914,0.009154689,27
2026-06-05,IT,6FtwCmLY6L1sqvjaQ2lV6G,Emis Killa,1,274914,0.009154689,27
2026-06-05,IT,0BjRnUqiITQwjqGtTeoxUS,DELIA,1,239934,0.007989848,32
2026-06-05,IT,5mTg1ztZByLRHsOEtwmT4G,Levante,1,239934,0.007989848,32
2026-06-05,IT,1cKyknhftNKXCjMBd2hDrG,DYSTINCT,1,169129,0.005632028,37
2026-06-05,IT,51OKuyM4BiiYxFm8Mi6fa9,Mauvais djo,1,164598,0.005481145,38
2026-06-05,IT,0hCNtLu0JehylgoiP8L4Gh,Nicki Minaj,1,164088,0.005464162,39
2026-06-05,IT,1uNFoZAHBGtllmzznpCI3s,Justin Bieber,1,164088,0.005464162,39
2026-06-05,IT,7a0XAaPaK2aDSqa8p3QnC7,Beéle,1,154304,0.005138353,40
2026-06-05,IT,5uwa6tAMMfNbBFIHiI6NV4,W Sound,1,154304,0.005138353,40
2026-06-05,IT,3m5qlPf2OkihLz3dRYnkPA,Ovy On The Drums,1,154304,0.005138353,40
2026-06-05,IT,6X5L6rmyvrWWu60Gx6exiZ,54 Ultra,1,141268,0.004704251,44
2026-06-05,IT,4p5WgeiPSPpqPDs7T6OkWf,ANOTR,1,141268,0.004704251,44
2026-06-05,IT,26toJml6wSdf58ZgNG0ci9,Dipinto,1,136249,0.004537118,46
2026-06-05,IT,6HQ27YefiitrZ9YsWrgRHX,Fresh Beatz,1,136249,0.004537118,46
2026-06-05,IT,7tmMPdOmFvdRvbj2aWoiRi,Jovanotti,1,135474,0.00451131,47
2026-06-05,IT,1vgQksyJ0IVz8y9XerEOy3,Madame,1,128391,0.004275445,48
2026-06-05,IT,01XCyobLTxOrswogL7YNIu,Dibla,1,119206,0.003969583,49
2026-06-05,IT,44DWomjW1oDuxIoBIRpmQ4,Rhove,1,117770,0.003921763,50
2026-06-05,IT,2DlGxzQSjYe5N6G9nkYghR,Jennifer Lopez,1,111027,0.00369722,51
2026-06-05,IT,0TnOYISbd1XYRBk9myaseg,Pitbull,1,111027,0.00369722,51
2026-06-05,IT,5mHUmlJWkcoOk1NbjfrXWz,Temper City,1,109395,0.003642874,52
2026-06-05,IT,6USv9qhCn6zfxlBQIYJ9qs,Dominic Fike,1,98736,0.003287928,54
2026-06-05,IT,0lQtBhjEJpoOroQS6fbWMc,Aka 7even,1,94975,0.003162686,55
2026-06-05,IT,5FwDaIGy29GQC5d0MR7fKf,LDA,1,94975,0.003162686,55
2026-06-05,IT,06HL4z0CvFAxyc27GXpf02,Taylor Swift,1,94625,0.003151031,56
2026-06-05,IT,5PlfkPxwCpRRWQJBxCa0By,HUGEL,1,91587,0.003049865,57
2026-06-05,IT,0F3tUZeb9dLNEpxCpzEBQt,SOLTO (FR),1,91587,0.003049865,57
2026-06-05,IT,1uZVxckdGGKhFMpCnupXmP,Los Pleneros de la Cresta,1,90607,0.00301723,58
2026-06-05,IT,2R21vXR83lH98kGeO99Y66,Anuel AA,1,86588,0.002883397,59
2026-06-05,IT,1c22GXH30ijlOfXhfLz9Df,Elvis Crespo,1,86211,0.002870843,60
2026-06-05,IT,5p9HO3XC5P3BLxJs5Mtrhm,Djo,1,84629,0.002818162,61
2026-06-05,IT,7HtzacrJpksCiS6qHypb8l,Ditonellapiaga,1,84200,0.002803876,62
2026-06-05,IT,66CXWjxzNUsdJxJ2JdwvnR,Ariana Grande,1,84088,0.002800146,63
2026-06-05,IT,2iK8weavvfS2xJCmzNzNE5,J-AX,1,82713,0.002754359,64
2026-06-05,IT,5H1nN1SzW0qNeUEZvuXjAj,Danny Ocean,1,82635,0.002751761,65
2026-06-05,IT,05brE7yGJDmIYlMirfSi0B,Federica Abbate,1,79804,0.002657488,66
2026-06-05,IT,7h1amg0X7Q5d0D5KfuyKTg,Pyrex,1,78197,0.002603975,67
2026-06-05,IT,790FomKkXshlbRYZFtlgla,KAROL G,1,78111,0.002601111,68
2026-06-05,IT,3DeOmVSmpv7WknXoo1OS8p,Alleh,1,77660,0.002586093,69
2026-06-05,IT,4eq1q0o9XPyNq9RG3fNDD1,Yorghaki,1,77660,0.002586093,69
2026-06-05,IT,2oQX8QiMXOyuqbcZEFsZfm,El Alfa,1,74436,0.002478733,70
2026-06-05,IT,2mUoO8KgRQOOzR0VoUWoEV,Latrelle,1,73604,0.002451027,71
2026-06-05,IT,30fnIb0InCgAp2IPY17nqd,RRARI DAL TACCO,1,72394,0.002410734,72
2026-06-05,IT,1A6HBLulvBFzNtlMb7b08f,Angelina Mango,1,69759,0.002322988,73
2026-06-05,IT,2sil8z5kiy4r76CRTXxBCA,The Goo Goo Dolls,1,69692,0.002320757,74
2026-06-05,IT,1eBPcZCSWh1EAv0aOXusye,Higashi,1,69589,0.002317327,75
2026-06-05,IT,5JsnFhU4OqgEtNXs7Sq1Vm,Malive,1,69145,0.002302542,76
2026-06-05,IT,1HBjj22wzbscIZ9sEb5dyf,Jonas Blue,1,69145,0.002302542,76
2026-06-05,IT,2tOGpIgNsnDk6BxqFU2vCX,Il Ghost,1,69101,0.002301076,77
2026-06-05,IT,5KKpBU5eC2tJDzf0wmlRp2,RAYE,1,68973,0.002296814,78
2026-06-05,IT,5iot8OPcosJN9nCl7I5SdK,Irama,1,68846,0.002292585,79
2026-06-05,IT,10exVja0key0uqUkk6LJRT,Vance Joy,1,66615,0.002218292,80
2026-06-05,IT,1Xylc3o4UrD53lo9CvFvVg,Zara Larsson,1,65496,0.002181029,81
2026-06-05,IT,33ScadVnbm2X8kkUqOkC6Z,Don Omar,1,65277,0.002173737,82
2026-06-05,IT,5bv5RplEOwdCvhq0EILh9E,Lucenzo,1,65277,0.002173737,82
2026-06-05,IT,7gjqZ8coFZimZDtdk04WP1,MACE,1,65065,0.002166677,83
2026-06-05,IT,3JhNCzhSMTxs9WLGJJxWOY,Macklemore,1,64710,0.002154855,84
2026-06-05,IT,4e0nWw2r4BoQSKPQ2zpU13,Ray Dalton,1,64710,0.002154855,84
2026-06-05,IT,5mZJerulcERBZV7xnhrVp1,Ryan Lewis,1,64710,0.002154855,84
2026-06-05,IT,5BcAKTbp20cv7tC5VqPFoC,Macklemore & Ryan Lewis,1,64710,0.002154855,84
2026-06-05,IT,6U1dV7aL68N7Gb0Naq34V5,REI AMI,1,63644,0.002119357,85
2026-06-05,IT,7mW7Tv7NvywKKXqafZo0Lc,KPop Demon Hunters Cast,1,63644,0.002119357,85
2026-06-05,IT,2yNNYQBChuox9A5Ka93BIn,HUNTR/X,1,63644,0.002119357,85
2026-06-05,IT,0Wwji82sLA0Hcvtuak3omb,AUDREY NUNA,1,63644,0.002119357,85
2026-06-05,IT,0RMJOzHDhAKY1o2j0W0vxY,EJAE,1,63644,0.002119357,85
2026-06-05,IT,5NGO30tJxFlKixkPSgXcFE,The Police,1,63523,0.002115328,86
2026-06-05,IT,2cy1zPcrFcXAJTP0APWewL,Gente De Zona,1,63360,0.0021099,87
2026-06-05,IT,4wLXwxDeWQ8mtUIRPxGiD6,Marc Anthony,1,63360,0.0021099,87
2026-06-05,IT,7krakxeyEmge6pzTthKNyg,The Bausa,1,62382,0.002077333,88
2026-06-05,IT,1McMsnEElThX1knmY4oliG,Olivia Rodrigo,1,62111,0.002068308,89
2026-06-05,IT,1Yj5Xey7kTwvZla8sqdsdE,Cris MJ,1,61979,0.002063913,90
2026-06-05,IT,7CvTknweLr9feJtRGrpDBy,FloyyMenor,1,61979,0.002063913,90
2026-06-05,IT,056KMTw6IztdQjBmFfVyO3,Rkomi,1,61738,0.002055887,91
2026-06-05,IT,07yfI2D37Ir0pGQ8huDd4j,TonyPitony,1,61540,0.002049294,92
2026-06-05,IT,716NhGYqD1jl2wI1Qkgq36,Bizarrap,1,59784,0.001990819,93
2026-06-05,IT,08ppjXEpROUgrG1X0DEquB,Nerissima Serpe,1,59664,0.001986823,94
2026-06-05,IT,5YV5crRpcdknHgEzystZHr,SHUNE,1,59131,0.001969074,95
2026-06-05,IT,6nVcHLIgY5pE2YCl8ubca1,JHAYCO,1,59107,0.001968274,96
2026-06-05,IT,6bMul6rmRS03x38tWKYifO,883,1,59021,0.001965411,97
2026-06-05,IT,2dAKW1tsAariQ0Ta2gqp8N,Gow Tribe,1,58828,0.001958984,98
2026-06-05,IT,5rRcnWrevHgbuWjl7Lhft7,Merk & Kremont,1,58780,0.001957385,99
2026-06-05,IT,72A0Z8q8NiochyK9gUHpCR,The Kolors,1,58780,0.001957385,99
2026-06-05,IT,4G9NDjRyZFDlJKMRL8hx3S,sombr,1,58756,0.001956586,100
2026-06-05,IT,11TplWqOPQBTmg2eiSLt1m,Tiziano Ferro,1,58740,0.001956053,101
2026-06-05,IT,7KFOc3T4Xo8DVZt4PWw2qN,Gazzelle,1,58660,0.001953389,102
2026-06-05,IT,7GgpsUpkj3olseoaTY7TEY,Elodie,1,58044,0.001932876,103
2026-06-05,IT,0fTSzq9jAh4c36UVb4V7CB,Alex Warren,1,57553,0.001916526,104
2026-06-05,IT,5RTLRtXjbXI2lSXc6jxlAz,Ravyn Lenae,1,57456,0.001913296,105
2026-06-05,IT,5INjqkS1o8h1imAzPqGZBb,Tame Impala,1,57396,0.001911298,106
2026-06-05,IT,250b0Wlc5Vk0CoUsaCY84M,JENNIE,1,57396,0.001911298,106
2026-06-05,IT,3AVx3OBPIk4pJQllAXoVs1,Gaia,1,57345,0.001909599,107
2026-06-05,IT,6YBgd2LKccEB3pX6UaW1Yp,Thegiornalisti,1,56195,0.001871304,108
2026-06-05,IT,4gzpq5DPGxSnKTe4SA8HAU,Coldplay,1,56088,0.001867741,109
2026-06-05,IT,6FcVd3KlRxozcLl19FMXu9,Max Pezzali,1,56064,0.001866942,110
2026-06-05,IT,1vfezMIyCr4XUdYRaKIKi3,Keyshia Cole,1,55850,0.001859816,111
2026-06-05,IT,3Isy6kedDrgPYoTS1dazA9,Sean Paul,1,55850,0.001859816,111
2026-06-05,IT,7zPS3i8YJBNeDcqXUHfCMr,AVA,1,55593,0.001851258,112
2026-06-05,IT,22wbnEMDvgVIAGdFeek6ET,Benson Boone,1,55253,0.001839935,113
2026-06-05,IT,1vyhD5VmyZ7KMfW5gqLgo5,J Balvin,1,55078,0.001834108,114
2026-06-05,IT,6wH6iStAh4KIaWfuhf0NYM,Manu Chao,1,55041,0.001832876,115
2026-06-05,IT,5l4nhyz8876RhgE2d18h65,Vasco Rossi,1,54400,0.00181153,116
2026-06-05,IT,687cZJR45JO7jhk1LHIbgq,Tems,1,54176,0.001804071,117
2026-06-05,IT,6Ip8FS7vWT1uKkJSweANQK,Dave,1,54176,0.001804071,117
2026-06-05,IT,6JhUHne9H09NdkTI5E9GSt,Dardust,1,53192,0.001771304,118
2026-06-05,IT,13jvLDXME7yplEwCweRivE,Tutti Fenomeni,1,52887,0.001761147,119
2026-06-05,IT,0Yg29FX1M4ayqjXs0ttZFq,Young Cister,1,52845,0.001759749,120
2026-06-05,IT,7MdlXmq2HViAJWo9cf30sR,Cloonee,1,52757,0.001756818,121
2026-06-05,IT,6HabM2PUM519iIxervGWSb,Prospa,1,52757,0.001756818,121
2026-06-05,IT,6RWMnZmXs8Ob715qLr4374,Aissa,1,52589,0.001751224,122
2026-06-05,IT,2CCgb0KApjfQDuTppovpf8,Rvfv,1,52589,0.001751224,122
2026-06-05,IT,2nftqfbLohpDYzY8VUlvbm,Benji & Fede,1,52387,0.001744497,123
2026-06-05,IT,0QrUbsrL5imqntAfDl8i7q,Fred De Palma,2,334375,0.011134751,19
2026-06-05,IT,38CThoTDmXugNnfonW466d,Jiz,2,324220,0.010796588,23
2026-06-05,IT,7108jelN43seqWILMvJwKi,Serena Brancale,2,298714,0.009947233,25
2026-06-05,IT,3hN3iJMbbBmqBSAMx5veDa,Ultimo,2,287437,0.009571707,26
2026-06-05,IT,6RdcIWVKYYzNzjQRd3oyHS,Pinguini Tattici Nucleari,2,246578,0.008211094,30
2026-06-05,IT,47z0zz9ZMCn9GBiPRTn5Bc,Tommaso Paradiso,2,198140,0.0065981,34
2026-06-05,IT,0gzwXezN4IUHAwLufA6YcX,Emma,2,177666,0.005916312,35
2026-06-05,IT,1QeqGmpgU5Yg74GNcjIIq3,Fulminacci,2,173035,0.005762099,36
2026-06-05,IT,0EqkKYDK9EkKY5N7zU3FPv,Annalisa,2,146789,0.004888102,41
2026-06-05,IT,52iwsT98xCoGgiGntTiR7K,Quevedo,2,145995,0.004861661,42
2026-06-05,IT,2aiM1OfMODFLUXaQgEVPK1,Roberto Ferrante,2,144025,0.00479606,43
2026-06-05,IT,1UjxAZqzphB1tsMb1aWBj0,Omega,2,144025,0.00479606,43
2026-06-05,IT,7cdIY4mDfM1dbjgl7s2fGR,Sal Da Vinci,2,139783,0.004654801,45
2026-06-05,IT,3g9MKjIP9xrMTY5Pbwr6Nk,Kreamly,2,105434,0.003510972,53
2026-06-05,IT,0jdNdfi4vAuVi7a6cPDFBM,Lazza,3,264980,0.008823885,28
2026-06-05,IT,5dXlc7MnpaTeUIsHLVe3n4,Coez,3,251911,0.008388684,29
2026-06-05,IT,7GacyaFUp0qkEJglERX9N7,Alfa,3,244636,0.008146425,31
2026-06-05,IT,396Jr76018oUMR6QBnqT8T,Cesare Cremonini,3,239167,0.007964307,33
2026-06-05,IT,2n0Ki4A5tKTEloq3WCt1IH,Samurai Jay,4,615749,0.020504559,10
2026-06-05,IT,2QJ1AReDewmz4fcRhGxW6Y,Vito Salamanca,4,615749,0.020504559,10
2026-06-05,IT,1dlyjeDlgXalzt5oqbgWDs,G.Mineiro,4,471062,0.015686454,14
2026-06-05,IT,1l1A1U8VJM15W7zonFqKhg,Succo,4,471062,0.015686454,14
2026-06-05,IT,2ifTEcQqKSPwijIEcPHQ1R,Flatpearl,4,471062,0.015686454,14
2026-06-05,IT,3yiEJ9SByXZMXTwaKdVFN4,Luchè,4,333682,0.011111674,20
2026-06-05,IT,3HAwumPgGOSXlZSyGWuLhB,Sayf,4,330623,0.011009809,21
2026-06-05,IT,3fhMfkPPzksWuw0hEm4ldm,Ernia,4,307102,0.010226555,24
2026-06-05,IT,2R4kNOwHUUsuDYhKsESVbF,Artie 5ive,5,904755,0.030128514,5
2026-06-05,IT,3fMbdgg4jU18AjLCKBhRSm,Michael Jackson,5,417170,0.013891841,15
2026-06-05,IT,5AZuEF0feCXMkUCwQiQlW7,Marracash,5,374737,0.012478814,16
2026-06-05,IT,1AgAVqo74e2q4FVvg0xpT7,Tedua,5,370204,0.012327864,17
2026-06-05,IT,5SulO4l40qDuV9zUGLZx7n,Capo Plaza,5,355027,0.011822467,18
2026-06-05,IT,3LvwPiJQJ0da0GurKMToV0,Baby Gang,5,326910,0.010886165,22
2026-06-05,IT,7K80yOTC0Id95gRaOxDG5u,ANNA,6,674121,0.022448358,7
2026-06-05,IT,25u1DN0MwQVSav4XoJS7hl,Olly,6,505655,0.016838408,12
2026-06-05,IT,0lI3rF4hi4op6UxqlLHPzv,Achille Lauro,6,480373,0.015996513,13
2026-06-05,IT,4rj3KWaLAnuxgtMMkypZhf,Juli,7,652023,0.02171249,9
2026-06-05,IT,4q3ewBCX7sLwd24euuV69X,Bad Bunny,9,897120,0.029874267,6
2026-06-05,IT,0EUR8jz8L936AEbV2Spkca,Kid Yugi,9,657805,0.021905032,8
2026-06-05,IT,23TFHmajVfBtlRx5MXqgoz,Sfera Ebbasta,11,1169961,0.038959924,3
2026-06-05,IT,7FeObngbQ0GY3SojNwKdKn,Bresh,11,1107015,0.036863811,4
2026-06-05,IT,27LlKWxS3KXW7RRAxN5S8s,Geolier,12,1541024,0.051316393,2
2026-06-05,IT,2K5nCggbhSZ00YCYP5qkZS,Shiva,17,2016897,0.067163055,1
2026-07-17,IT,6FtwCmLY6L1sqvjaQ2lV6G,Emis Killa,1,227570,0.008009501,26
2026-07-17,IT,7FNnA9vBm6EKceENgCGRMb,Anitta,1,227570,0.008009501,26
2026-07-17,IT,1cKyknhftNKXCjMBd2hDrG,DYSTINCT,1,201720,0.00709969,31
2026-07-17,IT,0BjRnUqiITQwjqGtTeoxUS,DELIA,1,189444,0.006667627,34
2026-07-17,IT,5mTg1ztZByLRHsOEtwmT4G,Levante,1,189444,0.006667627,34
2026-07-17,IT,0EmeFodog0BfCgMzAIvKQp,Shakira,1,166498,0.005860025,37
2026-07-17,IT,3wcj11K77LjEY1PkEazffa,Burna Boy,1,166498,0.005860025,37
2026-07-17,IT,6X5L6rmyvrWWu60Gx6exiZ,54 Ultra,1,162479,0.005718573,40
2026-07-17,IT,4p5WgeiPSPpqPDs7T6OkWf,ANOTR,1,162479,0.005718573,40
2026-07-17,IT,1c22GXH30ijlOfXhfLz9Df,Elvis Crespo,1,148479,0.005225832,44
2026-07-17,IT,3xGlLcG9CUrs5MvFkSLOS5,Marco Mengoni,1,148096,0.005212352,45
2026-07-17,IT,7a0XAaPaK2aDSqa8p3QnC7,Beéle,1,147380,0.005187152,46
2026-07-17,IT,5uwa6tAMMfNbBFIHiI6NV4,W Sound,1,147380,0.005187152,46
2026-07-17,IT,3m5qlPf2OkihLz3dRYnkPA,Ovy On The Drums,1,147380,0.005187152,46
2026-07-17,IT,5iot8OPcosJN9nCl7I5SdK,Irama,1,140316,0.004938529,48
2026-07-17,IT,0F3tUZeb9dLNEpxCpzEBQt,SOLTO (FR),1,135580,0.004771842,49
2026-07-17,IT,1uZVxckdGGKhFMpCnupXmP,Los Pleneros de la Cresta,1,133518,0.004699269,50
2026-07-17,IT,0hCNtLu0JehylgoiP8L4Gh,Nicki Minaj,1,123709,0.004354033,53
2026-07-17,IT,1uNFoZAHBGtllmzznpCI3s,Justin Bieber,1,123709,0.004354033,53
2026-07-17,IT,1cK2Abwkni7m51wJCSGllN,Ultra Naté,1,120330,0.004235107,55
2026-07-17,IT,17yREPqyU875WJnX9U082A,Imael Angel,1,120330,0.004235107,55
2026-07-17,IT,7tmMPdOmFvdRvbj2aWoiRi,Jovanotti,1,116014,0.004083202,57
2026-07-17,IT,7GacyaFUp0qkEJglERX9N7,Alfa,1,116014,0.004083202,57
2026-07-17,IT,5Otk4eRecMMbC5YR4Iliou,Le-one,1,99209,0.003491737,60
2026-07-17,IT,6PsQc21YZU7WNfiODG69Qk,Tony Boy,1,97015,0.003414517,61
2026-07-17,IT,7krakxeyEmge6pzTthKNyg,The Bausa,1,96708,0.003403712,62
2026-07-17,IT,5mHUmlJWkcoOk1NbjfrXWz,Temper City,1,93833,0.003302524,63
2026-07-17,IT,3g9MKjIP9xrMTY5Pbwr6Nk,Kreamly,1,88350,0.003109546,64
2026-07-17,IT,6RWMnZmXs8Ob715qLr4374,Aissa,1,88350,0.003109546,64
2026-07-17,IT,2CCgb0KApjfQDuTppovpf8,Rvfv,1,88350,0.003109546,64
2026-07-17,IT,01XCyobLTxOrswogL7YNIu,Dibla,1,82844,0.002915758,65
2026-07-17,IT,2sil8z5kiy4r76CRTXxBCA,The Goo Goo Dolls,1,81717,0.002876093,66
2026-07-17,IT,4eq1q0o9XPyNq9RG3fNDD1,Yorghaki,1,80525,0.002834139,67
2026-07-17,IT,3DeOmVSmpv7WknXoo1OS8p,Alleh,1,80525,0.002834139,67
2026-07-17,IT,2R21vXR83lH98kGeO99Y66,Anuel AA,1,80244,0.002824249,68
2026-07-17,IT,1HBjj22wzbscIZ9sEb5dyf,Jonas Blue,1,77999,0.002745235,69
2026-07-17,IT,5JsnFhU4OqgEtNXs7Sq1Vm,Malive,1,77999,0.002745235,69
2026-07-17,IT,2LRoIwlKmHjgvigdNGBHNo,Feid,1,77703,0.002734817,70
2026-07-17,IT,6HabM2PUM519iIxervGWSb,Prospa,1,75233,0.002647883,71
2026-07-17,IT,1EbIfIjVcauDatNO4vagL1,Sybil,1,75233,0.002647883,71
2026-07-17,IT,7MdlXmq2HViAJWo9cf30sR,Cloonee,1,75233,0.002647883,71
2026-07-17,IT,5rRcnWrevHgbuWjl7Lhft7,Merk & Kremont,1,74523,0.002622894,72
2026-07-17,IT,72A0Z8q8NiochyK9gUHpCR,The Kolors,1,74523,0.002622894,72
2026-07-17,IT,790FomKkXshlbRYZFtlgla,KAROL G,1,74015,0.002605015,73
2026-07-17,IT,44DWomjW1oDuxIoBIRpmQ4,Rhove,1,73833,0.002598609,74
2026-07-17,IT,6USv9qhCn6zfxlBQIYJ9qs,Dominic Fike,1,70788,0.002491438,75
2026-07-17,IT,1vyhD5VmyZ7KMfW5gqLgo5,J Balvin,1,69393,0.00244234,76
2026-07-17,IT,0TnOYISbd1XYRBk9myaseg,Pitbull,1,69200,0.002435547,77
2026-07-17,IT,2DlGxzQSjYe5N6G9nkYghR,Jennifer Lopez,1,69200,0.002435547,77
2026-07-17,IT,6nVcHLIgY5pE2YCl8ubca1,JHAYCO,1,68918,0.002425622,78
2026-07-17,IT,5H1nN1SzW0qNeUEZvuXjAj,Danny Ocean,1,68758,0.002419991,79
2026-07-17,IT,0du5cEVh5yTK9QJze8zA0C,Bruno Mars,1,67488,0.002375292,80
2026-07-17,IT,5p9HO3XC5P3BLxJs5Mtrhm,Djo,1,66295,0.002333303,81
2026-07-17,IT,05brE7yGJDmIYlMirfSi0B,Federica Abbate,1,66108,0.002326722,82
2026-07-17,IT,5NGO30tJxFlKixkPSgXcFE,The Police,1,65352,0.002300114,83
2026-07-17,IT,10exVja0key0uqUkk6LJRT,Vance Joy,1,65188,0.002294342,84
2026-07-17,IT,0fTSzq9jAh4c36UVb4V7CB,Alex Warren,1,64822,0.00228146,85
2026-07-17,IT,1yq9UuPp5DIb5w6eswGbKV,Adriano Celentano,1,64611,0.002274034,86
2026-07-17,IT,4mW1PRTVIA38Yv9ZDezrj5,PRACI,1,64450,0.002268367,87
2026-07-17,IT,4Xsf5hhfIyhTgiVymlPLA7,22simba,1,64450,0.002268367,87
2026-07-17,IT,6JhUHne9H09NdkTI5E9GSt,Dardust,1,63031,0.002218424,88
2026-07-17,IT,7cdIY4mDfM1dbjgl7s2fGR,Sal Da Vinci,1,62976,0.002216489,89
2026-07-17,IT,7u710e44HW3K7A5eTnRqHC,Fabri Fibra,1,62800,0.002210294,90
2026-07-17,IT,3AVx3OBPIk4pJQllAXoVs1,Gaia,1,62318,0.00219333,91
2026-07-17,IT,7CvTknweLr9feJtRGrpDBy,FloyyMenor,1,61681,0.00217091,92
2026-07-17,IT,1Yj5Xey7kTwvZla8sqdsdE,Cris MJ,1,61681,0.00217091,92
2026-07-17,IT,2oQX8QiMXOyuqbcZEFsZfm,El Alfa,1,61577,0.00216725,93
2026-07-17,IT,6bMul6rmRS03x38tWKYifO,883,1,61091,0.002150145,94
2026-07-17,IT,7KFOc3T4Xo8DVZt4PWw2qN,Gazzelle,1,60866,0.002142226,95
2026-07-17,IT,2i04Yoaa4wV8J75w8aPX1G,Kano Choir,1,60253,0.002120651,96
2026-07-17,IT,3E12tRURRvPfHz0hAMCFYc,Omar Courtz,1,59765,0.002103475,97
2026-07-17,IT,2YRyPiW98bpkARAS4B3OQP,Dei V,1,59765,0.002103475,97
2026-07-17,IT,6YBgd2LKccEB3pX6UaW1Yp,Thegiornalisti,1,59519,0.002094817,98
2026-07-17,IT,7gjqZ8coFZimZDtdk04WP1,MACE,1,59269,0.002086018,99
2026-07-17,IT,716NhGYqD1jl2wI1Qkgq36,Bizarrap,1,58287,0.002051456,100
2026-07-17,IT,3JhNCzhSMTxs9WLGJJxWOY,Macklemore,1,58178,0.002047619,101
2026-07-17,IT,4e0nWw2r4BoQSKPQ2zpU13,Ray Dalton,1,58178,0.002047619,101
2026-07-17,IT,5BcAKTbp20cv7tC5VqPFoC,Macklemore & Ryan Lewis,1,58178,0.002047619,101
2026-07-17,IT,5mZJerulcERBZV7xnhrVp1,Ryan Lewis,1,58178,0.002047619,101
2026-07-17,IT,0r310cYIlI5aMcuDTChNlO,Loretta Goggi,1,57993,0.002041108,102
2026-07-17,IT,2eFv7NVs8R6Go7msuqikeg,Pino Daniele,1,57445,0.002021821,103
2026-07-17,IT,4wLXwxDeWQ8mtUIRPxGiD6,Marc Anthony,1,57255,0.002015134,104
2026-07-17,IT,2cy1zPcrFcXAJTP0APWewL,Gente De Zona,1,57255,0.002015134,104
2026-07-17,IT,7h1amg0X7Q5d0D5KfuyKTg,Pyrex,1,56957,0.002004645,105
2026-07-17,IT,7H8ZC8uHJMPZGLMApRRNIz,Ligabue,1,56744,0.001997149,106
2026-07-17,IT,5KKpBU5eC2tJDzf0wmlRp2,RAYE,1,55493,0.001953119,107
2026-07-17,IT,6RS8ydeeuOdtRNMI6sdWQy,Lubi,1,55246,0.001944425,108
2026-07-17,IT,7uQjkmip3qpclXt7hJ6EI9,Flaco G,1,55246,0.001944425,108
2026-07-17,IT,0lQtBhjEJpoOroQS6fbWMc,Aka 7even,1,55152,0.001941117,109
2026-07-17,IT,5FwDaIGy29GQC5d0MR7fKf,LDA,1,55152,0.001941117,109
2026-07-17,IT,7zPS3i8YJBNeDcqXUHfCMr,AVA,1,54937,0.00193355,110
2026-07-17,IT,33ScadVnbm2X8kkUqOkC6Z,Don Omar,1,54852,0.001930558,111
2026-07-17,IT,5bv5RplEOwdCvhq0EILh9E,Lucenzo,1,54852,0.001930558,111
2026-07-17,IT,6hkKbkZGvAXuvle2FhCnxy,Shablo,1,54548,0.001919859,112
2026-07-17,IT,3o7fC2O4nraaicpID6bBZW,Elettra Lamborghini,1,54371,0.001913629,113
2026-07-17,IT,4G9NDjRyZFDlJKMRL8hx3S,sombr,1,53604,0.001886634,114
2026-07-17,IT,3wDn3kW2zDRLnaQAnX0S3x,Dat Boi Dee,1,53573,0.001885543,115
2026-07-17,IT,6wF1Cz760dpdbX9RJIDpQW,Chuwi,1,53505,0.00188315,116
2026-07-17,IT,3V27gyl5V5dvei7a0U8zuX,SOUNDPLUG,1,53059,0.001867452,117
2026-07-17,IT,6dhhE0bRngFuvKe3vnzdKn,Yapi,1,53059,0.001867452,117
2026-07-17,IT,0harR1ApYeMN6GOLBNMiUR,Eddie Brock,1,52763,0.001857034,118
2026-07-17,IT,6jwzGu5VdkR5tsRROYuxso,DrefGold,1,52219,0.001837888,119
2026-07-17,IT,7HtzacrJpksCiS6qHypb8l,Ditonellapiaga,1,52167,0.001836058,120
2026-07-17,IT,2PEMswqQspTSsAltdeF5kO,Simba La Rue,1,52047,0.001831834,121
2026-07-17,IT,5RTLRtXjbXI2lSXc6jxlAz,Ravyn Lenae,1,51836,0.001824408,122
2026-07-17,IT,1Xylc3o4UrD53lo9CvFvVg,Zara Larsson,1,51400,0.001809062,123
2026-07-17,IT,2jnjbAYKylrmBMCFZE0OCK,Poison Beatz,1,51159,0.00180058,124
2026-07-17,IT,3Isy6kedDrgPYoTS1dazA9,Sean Paul,1,50889,0.001791077,125
2026-07-17,IT,1vfezMIyCr4XUdYRaKIKi3,Keyshia Cole,1,50889,0.001791077,125
2026-07-17,IT,1fctva4kpRbg2k3v7kwRuS,Rvssian,1,50665,0.001783194,126
2026-07-17,IT,1VeH892FTsVyB6XAnMvEbL,Gianni Togni,1,50665,0.001783194,126
2026-07-17,IT,2dAKW1tsAariQ0Ta2gqp8N,Gow Tribe,1,50581,0.001780237,127
2026-07-17,IT,0QrUbsrL5imqntAfDl8i7q,Fred De Palma,2,279552,0.009839047,17
2026-07-17,IT,7108jelN43seqWILMvJwKi,Serena Brancale,2,263967,0.009290521,19
2026-07-17,IT,5PlfkPxwCpRRWQJBxCa0By,HUGEL,2,255910,0.009006949,21
2026-07-17,IT,38CThoTDmXugNnfonW466d,Jiz,2,235946,0.008304301,22
2026-07-17,IT,6RdcIWVKYYzNzjQRd3oyHS,Pinguini Tattici Nucleari,2,234653,0.008258793,23
2026-07-17,IT,1A6HBLulvBFzNtlMb7b08f,Angelina Mango,2,222421,0.007828278,27
2026-07-17,IT,1vgQksyJ0IVz8y9XerEOy3,Madame,2,191374,0.006735555,32
2026-07-17,IT,2DaxqgrOhkeH0fpeiQq2f4,Oasis,2,191202,0.006729501,33
2026-07-17,IT,47z0zz9ZMCn9GBiPRTn5Bc,Tommaso Paradiso,2,173906,0.006120755,35
2026-07-17,IT,1QeqGmpgU5Yg74GNcjIIq3,Fulminacci,2,168179,0.005919189,36
2026-07-17,IT,3yiEJ9SByXZMXTwaKdVFN4,Luchè,2,164437,0.005787486,38
2026-07-17,IT,26toJml6wSdf58ZgNG0ci9,Dipinto,2,163241,0.005745392,39
2026-07-17,IT,6HQ27YefiitrZ9YsWrgRHX,Fresh Beatz,2,163241,0.005745392,39
2026-07-17,IT,1eBPcZCSWh1EAv0aOXusye,Higashi,2,162290,0.005711921,41
2026-07-17,IT,0gzwXezN4IUHAwLufA6YcX,Emma,2,154694,0.005444574,42
2026-07-17,IT,3fMbdgg4jU18AjLCKBhRSm,Michael Jackson,2,151341,0.005326563,43
2026-07-17,IT,0jdNdfi4vAuVi7a6cPDFBM,Lazza,2,143537,0.005051895,47
2026-07-17,IT,0EqkKYDK9EkKY5N7zU3FPv,Annalisa,2,129772,0.004567425,51
2026-07-17,IT,2aiM1OfMODFLUXaQgEVPK1,Roberto Ferrante,2,124658,0.004387434,52
2026-07-17,IT,1UjxAZqzphB1tsMb1aWBj0,Omega,2,124658,0.004387434,52
2026-07-17,IT,76UCIJTB0jcJvBaL0CdIqx,Takagi & Ketra,2,122848,0.00432373,54
2026-07-17,IT,7F2utINZ6tSokSiZTQBE27,Guè,2,119256,0.004197306,56
2026-07-17,IT,7GgpsUpkj3olseoaTY7TEY,Elodie,2,112422,0.003956779,58
2026-07-17,IT,6FcVd3KlRxozcLl19FMXu9,Max Pezzali,2,112195,0.003948789,59
2026-07-17,IT,2n0Ki4A5tKTEloq3WCt1IH,Samurai Jay,3,468829,0.016500797,11
2026-07-17,IT,2QJ1AReDewmz4fcRhGxW6Y,Vito Salamanca,3,468829,0.016500797,11
2026-07-17,IT,1l1A1U8VJM15W7zonFqKhg,Succo,3,312088,0.010984177,14
2026-07-17,IT,1dlyjeDlgXalzt5oqbgWDs,G.Mineiro,3,312088,0.010984177,14
2026-07-17,IT,2ifTEcQqKSPwijIEcPHQ1R,Flatpearl,3,312088,0.010984177,14
2026-07-17,IT,51OKuyM4BiiYxFm8Mi6fa9,Mauvais djo,3,307873,0.010835827,15
2026-07-17,IT,52iwsT98xCoGgiGntTiR7K,Quevedo,3,264762,0.009318502,18
2026-07-17,IT,3HAwumPgGOSXlZSyGWuLhB,Sayf,3,261369,0.009199083,20
2026-07-17,IT,5dXlc7MnpaTeUIsHLVe3n4,Coez,3,229786,0.008087495,24
2026-07-17,IT,396Jr76018oUMR6QBnqT8T,Cesare Cremonini,3,217764,0.007664371,28
2026-07-17,IT,0EUR8jz8L936AEbV2Spkca,Kid Yugi,3,215900,0.007598766,29
2026-07-17,IT,3fhMfkPPzksWuw0hEm4ldm,Ernia,3,213690,0.007520984,30
2026-07-17,IT,0lI3rF4hi4op6UxqlLHPzv,Achille Lauro,4,315188,0.011093284,13
2026-07-17,IT,5AZuEF0feCXMkUCwQiQlW7,Marracash,4,302250,0.010637921,16
2026-07-17,IT,3LvwPiJQJ0da0GurKMToV0,Baby Gang,4,228687,0.008048815,25
2026-07-17,IT,7FeObngbQ0GY3SojNwKdKn,Bresh,5,505121,0.017778121,9
2026-07-17,IT,25u1DN0MwQVSav4XoJS7hl,Olly,6,492603,0.017337541,10
2026-07-17,IT,5SulO4l40qDuV9zUGLZx7n,Capo Plaza,6,401564,0.014133353,12
2026-07-17,IT,2R4kNOwHUUsuDYhKsESVbF,Artie 5ive,7,933733,0.03286345,6
2026-07-17,IT,3hN3iJMbbBmqBSAMx5veDa,Ultimo,7,646774,0.022763708,7
2026-07-17,IT,4rj3KWaLAnuxgtMMkypZhf,Juli,7,595660,0.020964711,8
2026-07-17,IT,4q3ewBCX7sLwd24euuV69X,Bad Bunny,12,1253231,0.044108427,4
2026-07-17,IT,2K5nCggbhSZ00YCYP5qkZS,Shiva,12,1078922,0.037973488,5
2026-07-17,IT,7K80yOTC0Id95gRaOxDG5u,ANNA,14,1373388,0.048337445,2
2026-07-17,IT,23TFHmajVfBtlRx5MXqgoz,Sfera Ebbasta,16,1366717,0.048102654,3
2026-07-17,IT,27LlKWxS3KXW7RRAxN5S8s,Geolier,20,1861812,0.065527903,1
2026-07-08,IT,6FtwCmLY6L1sqvjaQ2lV6G,Emis Killa,1,213066,0.008096974,29
2026-07-08,IT,7FNnA9vBm6EKceENgCGRMb,Anitta,1,213066,0.008096974,29
2026-07-08,IT,1cKyknhftNKXCjMBd2hDrG,DYSTINCT,1,201576,0.007660329,31
2026-07-08,IT,0BjRnUqiITQwjqGtTeoxUS,DELIA,1,179254,0.006812044,34
2026-07-08,IT,5mTg1ztZByLRHsOEtwmT4G,Levante,1,179254,0.006812044,34
2026-07-08,IT,3xGlLcG9CUrs5MvFkSLOS5,Marco Mengoni,1,144437,0.005488922,44
2026-07-08,IT,3wcj11K77LjEY1PkEazffa,Burna Boy,1,136267,0.005178444,45
2026-07-08,IT,0EmeFodog0BfCgMzAIvKQp,Shakira,1,136267,0.005178444,45
2026-07-08,IT,6X5L6rmyvrWWu60Gx6exiZ,54 Ultra,1,135762,0.005159253,46
2026-07-08,IT,4p5WgeiPSPpqPDs7T6OkWf,ANOTR,1,135762,0.005159253,46
2026-07-08,IT,5uwa6tAMMfNbBFIHiI6NV4,W Sound,1,127943,0.004862114,48
2026-07-08,IT,3m5qlPf2OkihLz3dRYnkPA,Ovy On The Drums,1,127943,0.004862114,48
2026-07-08,IT,7a0XAaPaK2aDSqa8p3QnC7,Beéle,1,127943,0.004862114,48
2026-07-08,IT,1c22GXH30ijlOfXhfLz9Df,Elvis Crespo,1,124714,0.004739405,50
2026-07-08,IT,5iot8OPcosJN9nCl7I5SdK,Irama,1,122445,0.004653178,51
2026-07-08,IT,7tmMPdOmFvdRvbj2aWoiRi,Jovanotti,1,113259,0.00430409,52
2026-07-08,IT,1uNFoZAHBGtllmzznpCI3s,Justin Bieber,1,112714,0.004283378,53
2026-07-08,IT,0hCNtLu0JehylgoiP8L4Gh,Nicki Minaj,1,112714,0.004283378,53
2026-07-08,IT,0F3tUZeb9dLNEpxCpzEBQt,SOLTO (FR),1,112389,0.004271028,54
2026-07-08,IT,5mHUmlJWkcoOk1NbjfrXWz,Temper City,1,106750,0.004056733,56
2026-07-08,IT,6PsQc21YZU7WNfiODG69Qk,Tony Boy,1,97355,0.003699703,59
2026-07-08,IT,0jdNdfi4vAuVi7a6cPDFBM,Lazza,1,87888,0.003339936,60
2026-07-08,IT,2R21vXR83lH98kGeO99Y66,Anuel AA,1,83148,0.003159806,61
2026-07-08,IT,17yREPqyU875WJnX9U082A,Imael Angel,1,82553,0.003137194,62
2026-07-08,IT,1cK2Abwkni7m51wJCSGllN,Ultra Naté,1,82553,0.003137194,62
2026-07-08,IT,6RWMnZmXs8Ob715qLr4374,Aissa,1,81546,0.003098926,63
2026-07-08,IT,2CCgb0KApjfQDuTppovpf8,Rvfv,1,81546,0.003098926,63
2026-07-08,IT,3g9MKjIP9xrMTY5Pbwr6Nk,Kreamly,1,81546,0.003098926,63
2026-07-08,IT,01XCyobLTxOrswogL7YNIu,Dibla,1,81508,0.003097482,64
2026-07-08,IT,7krakxeyEmge6pzTthKNyg,The Bausa,1,77931,0.002961548,65
2026-07-08,IT,1uZVxckdGGKhFMpCnupXmP,Los Pleneros de la Cresta,1,75026,0.002851152,66
2026-07-08,IT,1eBPcZCSWh1EAv0aOXusye,Higashi,1,73493,0.002792895,67
2026-07-08,IT,6JhUHne9H09NdkTI5E9GSt,Dardust,1,72490,0.002754778,68
2026-07-08,IT,44DWomjW1oDuxIoBIRpmQ4,Rhove,1,70904,0.002694507,69
2026-07-08,IT,2sil8z5kiy4r76CRTXxBCA,The Goo Goo Dolls,1,70656,0.002685082,70
2026-07-08,IT,6USv9qhCn6zfxlBQIYJ9qs,Dominic Fike,1,69019,0.002622873,71
2026-07-08,IT,72A0Z8q8NiochyK9gUHpCR,The Kolors,1,68692,0.002610446,72
2026-07-08,IT,5rRcnWrevHgbuWjl7Lhft7,Merk & Kremont,1,68692,0.002610446,72
2026-07-08,IT,4eq1q0o9XPyNq9RG3fNDD1,Yorghaki,1,67482,0.002564463,73
2026-07-08,IT,3DeOmVSmpv7WknXoo1OS8p,Alleh,1,67482,0.002564463,73
2026-07-08,IT,5p9HO3XC5P3BLxJs5Mtrhm,Djo,1,67170,0.002552607,74
2026-07-08,IT,3wDn3kW2zDRLnaQAnX0S3x,Dat Boi Dee,1,65600,0.002492943,75
2026-07-08,IT,1HBjj22wzbscIZ9sEb5dyf,Jonas Blue,1,65569,0.002491765,76
2026-07-08,IT,5JsnFhU4OqgEtNXs7Sq1Vm,Malive,1,65569,0.002491765,76
2026-07-08,IT,10exVja0key0uqUkk6LJRT,Vance Joy,1,65568,0.002491727,77
2026-07-08,IT,2eFv7NVs8R6Go7msuqikeg,Pino Daniele,1,65231,0.002478921,78
2026-07-08,IT,7cdIY4mDfM1dbjgl7s2fGR,Sal Da Vinci,1,65177,0.002476868,79
2026-07-08,IT,0TnOYISbd1XYRBk9myaseg,Pitbull,1,63963,0.002430734,80
2026-07-08,IT,2DlGxzQSjYe5N6G9nkYghR,Jennifer Lopez,1,63963,0.002430734,80
2026-07-08,IT,790FomKkXshlbRYZFtlgla,KAROL G,1,63540,0.002414659,81
2026-07-08,IT,7h1amg0X7Q5d0D5KfuyKTg,Pyrex,1,63506,0.002413367,82
2026-07-08,IT,1yq9UuPp5DIb5w6eswGbKV,Adriano Celentano,1,62380,0.002370576,83
2026-07-08,IT,5mZJerulcERBZV7xnhrVp1,Ryan Lewis,1,61768,0.002347319,84
2026-07-08,IT,3JhNCzhSMTxs9WLGJJxWOY,Macklemore,1,61768,0.002347319,84
2026-07-08,IT,5BcAKTbp20cv7tC5VqPFoC,Macklemore & Ryan Lewis,1,61768,0.002347319,84
2026-07-08,IT,4e0nWw2r4BoQSKPQ2zpU13,Ray Dalton,1,61768,0.002347319,84
2026-07-08,IT,05brE7yGJDmIYlMirfSi0B,Federica Abbate,1,60823,0.002311407,85
2026-07-08,IT,5H1nN1SzW0qNeUEZvuXjAj,Danny Ocean,1,60451,0.00229727,86
2026-07-08,IT,7MdlXmq2HViAJWo9cf30sR,Cloonee,1,60269,0.002290354,87
2026-07-08,IT,1EbIfIjVcauDatNO4vagL1,Sybil,1,60269,0.002290354,87
2026-07-08,IT,6HabM2PUM519iIxervGWSb,Prospa,1,60269,0.002290354,87
2026-07-08,IT,2LRoIwlKmHjgvigdNGBHNo,Feid,1,59961,0.002278649,88
2026-07-08,IT,5NGO30tJxFlKixkPSgXcFE,The Police,1,59452,0.002259306,89
2026-07-08,IT,0fTSzq9jAh4c36UVb4V7CB,Alex Warren,1,58640,0.002228448,90
2026-07-08,IT,6jwzGu5VdkR5tsRROYuxso,DrefGold,1,58474,0.00222214,91
2026-07-08,IT,2oQX8QiMXOyuqbcZEFsZfm,El Alfa,1,58422,0.002220164,92
2026-07-08,IT,7H8ZC8uHJMPZGLMApRRNIz,Ligabue,1,57614,0.002189458,93
2026-07-08,IT,4G9NDjRyZFDlJKMRL8hx3S,sombr,1,57295,0.002177335,94
2026-07-08,IT,2i04Yoaa4wV8J75w8aPX1G,Kano Choir,1,57287,0.002177031,95
2026-07-08,IT,2PEMswqQspTSsAltdeF5kO,Simba La Rue,1,57101,0.002169963,96
2026-07-08,IT,3AVx3OBPIk4pJQllAXoVs1,Gaia,1,56663,0.002153318,97
2026-07-08,IT,2dAKW1tsAariQ0Ta2gqp8N,Gow Tribe,1,56403,0.002143437,98
2026-07-08,IT,2jnjbAYKylrmBMCFZE0OCK,Poison Beatz,1,56219,0.002136445,99
2026-07-08,IT,6hkKbkZGvAXuvle2FhCnxy,Shablo,1,56021,0.00212892,100
2026-07-08,IT,7KFOc3T4Xo8DVZt4PWw2qN,Gazzelle,1,55372,0.002104257,101
2026-07-08,IT,0lQtBhjEJpoOroQS6fbWMc,Aka 7even,1,55232,0.002098937,102
2026-07-08,IT,5FwDaIGy29GQC5d0MR7fKf,LDA,1,55232,0.002098937,102
2026-07-08,IT,7HtzacrJpksCiS6qHypb8l,Ditonellapiaga,1,55116,0.002094528,103
2026-07-08,IT,7GgpsUpkj3olseoaTY7TEY,Elodie,1,55106,0.002094148,104
2026-07-08,IT,5KKpBU5eC2tJDzf0wmlRp2,RAYE,1,54396,0.002067167,105
2026-07-08,IT,4gzpq5DPGxSnKTe4SA8HAU,Coldplay,1,53734,0.002042009,106
2026-07-08,IT,0du5cEVh5yTK9QJze8zA0C,Bruno Mars,1,53299,0.002025478,107
2026-07-08,IT,2iK8weavvfS2xJCmzNzNE5,J-AX,1,52557,0.001997281,108
2026-07-08,IT,6YBgd2LKccEB3pX6UaW1Yp,Thegiornalisti,1,52302,0.00198759,109
2026-07-08,IT,0harR1ApYeMN6GOLBNMiUR,Eddie Brock,1,52015,0.001976684,110
2026-07-08,IT,056KMTw6IztdQjBmFfVyO3,Rkomi,1,51757,0.001966879,111
2026-07-08,IT,7CvTknweLr9feJtRGrpDBy,FloyyMenor,1,51319,0.001950234,112
2026-07-08,IT,1Yj5Xey7kTwvZla8sqdsdE,Cris MJ,1,51319,0.001950234,112
2026-07-08,IT,7gjqZ8coFZimZDtdk04WP1,MACE,1,50351,0.001913448,113
2026-07-08,IT,0r310cYIlI5aMcuDTChNlO,Loretta Goggi,1,50338,0.001912954,114
2026-07-08,IT,6BvbuCQioYZUBH1z4vm37u,Nuova Scena,1,50296,0.001911358,115
2026-07-08,IT,4t97syp5w3yh2LrN0g4gmv,Flextony,1,50296,0.001911358,115
2026-07-08,IT,7KqLY09TEFK55X9DMMzd1K,Tigerplug,1,50296,0.001911358,115
2026-07-08,IT,6XyY86QOPPrYVGvF9ch6wz,Linkin Park,1,50294,0.001911282,116
2026-07-08,IT,1McMsnEElThX1knmY4oliG,Olivia Rodrigo,1,50043,0.001901743,117
2026-07-08,IT,1Xylc3o4UrD53lo9CvFvVg,Zara Larsson,1,49976,0.001899197,118
2026-07-08,IT,2cy1zPcrFcXAJTP0APWewL,Gente De Zona,1,49901,0.001896347,119
2026-07-08,IT,4wLXwxDeWQ8mtUIRPxGiD6,Marc Anthony,1,49901,0.001896347,119
2026-07-08,IT,5YV5crRpcdknHgEzystZHr,SHUNE,1,49613,0.001885402,120
2026-07-08,IT,07yfI2D37Ir0pGQ8huDd4j,TonyPitony,1,49577,0.001884034,121
2026-07-08,IT,6wH6iStAh4KIaWfuhf0NYM,Manu Chao,1,49343,0.001875142,122
2026-07-08,IT,716NhGYqD1jl2wI1Qkgq36,Bizarrap,1,48966,0.001860815,123
2026-07-08,IT,0QrUbsrL5imqntAfDl8i7q,Fred De Palma,2,263870,0.010027637,21
2026-07-08,IT,7108jelN43seqWILMvJwKi,Serena Brancale,2,247946,0.00942249,22
2026-07-08,IT,38CThoTDmXugNnfonW466d,Jiz,2,237127,0.009011344,25
2026-07-08,IT,1A6HBLulvBFzNtlMb7b08f,Angelina Mango,2,215868,0.008203456,27
2026-07-08,IT,5PlfkPxwCpRRWQJBxCa0By,HUGEL,2,194942,0.007408222,32
2026-07-08,IT,1vgQksyJ0IVz8y9XerEOy3,Madame,2,188183,0.007151365,33
2026-07-08,IT,1QeqGmpgU5Yg74GNcjIIq3,Fulminacci,2,163884,0.00622795,35
2026-07-08,IT,3yiEJ9SByXZMXTwaKdVFN4,Luchè,2,162388,0.006171099,36
2026-07-08,IT,3fMbdgg4jU18AjLCKBhRSm,Michael Jackson,2,159685,0.006068379,37
2026-07-08,IT,26toJml6wSdf58ZgNG0ci9,Dipinto,2,159034,0.00604364,38
2026-07-08,IT,6HQ27YefiitrZ9YsWrgRHX,Fresh Beatz,2,159034,0.00604364,38
2026-07-08,IT,47z0zz9ZMCn9GBiPRTn5Bc,Tommaso Paradiso,2,152573,0.005798107,39
2026-07-08,IT,396Jr76018oUMR6QBnqT8T,Cesare Cremonini,2,151163,0.005744524,40
2026-07-08,IT,76UCIJTB0jcJvBaL0CdIqx,Takagi & Ketra,2,150737,0.005728335,41
2026-07-08,IT,0gzwXezN4IUHAwLufA6YcX,Emma,2,148301,0.005635762,42
2026-07-08,IT,2DaxqgrOhkeH0fpeiQq2f4,Oasis,2,145116,0.005514725,43
2026-07-08,IT,2aiM1OfMODFLUXaQgEVPK1,Roberto Ferrante,2,131915,0.005013058,47
2026-07-08,IT,1UjxAZqzphB1tsMb1aWBj0,Omega,2,131915,0.005013058,47
2026-07-08,IT,0EqkKYDK9EkKY5N7zU3FPv,Annalisa,2,127669,0.004851701,49
2026-07-08,IT,6FcVd3KlRxozcLl19FMXu9,Max Pezzali,2,110581,0.00420232,55
2026-07-08,IT,1AgAVqo74e2q4FVvg0xpT7,Tedua,2,102678,0.003901988,57
2026-07-08,IT,7F2utINZ6tSokSiZTQBE27,Guè,2,99095,0.003765827,58
2026-07-08,IT,2n0Ki4A5tKTEloq3WCt1IH,Samurai Jay,3,424431,0.016129306,11
2026-07-08,IT,2QJ1AReDewmz4fcRhGxW6Y,Vito Salamanca,3,424431,0.016129306,11
2026-07-08,IT,51OKuyM4BiiYxFm8Mi6fa9,Mauvais djo,3,276175,0.010495254,19
2026-07-08,IT,6RdcIWVKYYzNzjQRd3oyHS,Pinguini Tattici Nucleari,3,265031,0.010071757,20
2026-07-08,IT,5dXlc7MnpaTeUIsHLVe3n4,Coez,3,246964,0.009385172,23
2026-07-08,IT,3HAwumPgGOSXlZSyGWuLhB,Sayf,3,239922,0.00911756,24
2026-07-08,IT,52iwsT98xCoGgiGntTiR7K,Quevedo,3,225288,0.008561436,26
2026-07-08,IT,7GacyaFUp0qkEJglERX9N7,Alfa,3,213988,0.008132012,28
2026-07-08,IT,3fhMfkPPzksWuw0hEm4ldm,Ernia,3,213014,0.008094998,30
2026-07-08,IT,1l1A1U8VJM15W7zonFqKhg,Succo,4,339573,0.012904516,13
2026-07-08,IT,1dlyjeDlgXalzt5oqbgWDs,G.Mineiro,4,339573,0.012904516,13
2026-07-08,IT,2ifTEcQqKSPwijIEcPHQ1R,Flatpearl,4,339573,0.012904516,13
2026-07-08,IT,0lI3rF4hi4op6UxqlLHPzv,Achille Lauro,4,323963,0.012311302,15
2026-07-08,IT,5AZuEF0feCXMkUCwQiQlW7,Marracash,4,298378,0.011339016,16
2026-07-08,IT,7K80yOTC0Id95gRaOxDG5u,ANNA,5,638692,0.024271692,8
2026-07-08,IT,0EUR8jz8L936AEbV2Spkca,Kid Yugi,5,339901,0.012916981,12
2026-07-08,IT,5SulO4l40qDuV9zUGLZx7n,Capo Plaza,5,324343,0.012325743,14
2026-07-08,IT,3LvwPiJQJ0da0GurKMToV0,Baby Gang,5,291337,0.011071443,17
2026-07-08,IT,6bMul6rmRS03x38tWKYifO,883,5,278457,0.010581975,18
2026-07-08,IT,2R4kNOwHUUsuDYhKsESVbF,Artie 5ive,6,665480,0.025289694,6
2026-07-08,IT,4q3ewBCX7sLwd24euuV69X,Bad Bunny,6,550760,0.020930084,9
2026-07-08,IT,7FeObngbQ0GY3SojNwKdKn,Bresh,6,521889,0.019832923,10
2026-07-08,IT,25u1DN0MwQVSav4XoJS7hl,Olly,9,656567,0.024950981,7
2026-07-08,IT,4rj3KWaLAnuxgtMMkypZhf,Juli,10,752666,0.028602953,5
2026-07-08,IT,2K5nCggbhSZ00YCYP5qkZS,Shiva,11,1039593,0.039506806,4
2026-07-08,IT,3hN3iJMbbBmqBSAMx5veDa,Ultimo,13,1172599,0.044561325,3
2026-07-08,IT,23TFHmajVfBtlRx5MXqgoz,Sfera Ebbasta,17,1408810,0.053537859,2
2026-07-08,IT,27LlKWxS3KXW7RRAxN5S8s,Geolier,20,1970251,0.074873844,1
2026-06-16,IT,7FNnA9vBm6EKceENgCGRMb,Anitta,1,248399,0.009368461,23
2026-06-16,IT,6FtwCmLY6L1sqvjaQ2lV6G,Emis Killa,1,248399,0.009368461,23
2026-06-16,IT,5mTg1ztZByLRHsOEtwmT4G,Levante,1,229079,0.0086398,27
2026-06-16,IT,0BjRnUqiITQwjqGtTeoxUS,DELIA,1,229079,0.0086398,27
2026-06-16,IT,1cKyknhftNKXCjMBd2hDrG,DYSTINCT,1,202856,0.00765079,32
2026-06-16,IT,6PsQc21YZU7WNfiODG69Qk,Tony Boy,1,161150,0.006077833,36
2026-06-16,IT,51OKuyM4BiiYxFm8Mi6fa9,Mauvais djo,1,150085,0.005660512,38
2026-06-16,IT,5uwa6tAMMfNbBFIHiI6NV4,W Sound,1,137001,0.005167044,42
2026-06-16,IT,3m5qlPf2OkihLz3dRYnkPA,Ovy On The Drums,1,137001,0.005167044,42
2026-06-16,IT,7a0XAaPaK2aDSqa8p3QnC7,Beéle,1,137001,0.005167044,42
2026-06-16,IT,0hCNtLu0JehylgoiP8L4Gh,Nicki Minaj,1,130235,0.004911862,44
2026-06-16,IT,1uNFoZAHBGtllmzznpCI3s,Justin Bieber,1,130235,0.004911862,44
2026-06-16,IT,6X5L6rmyvrWWu60Gx6exiZ,54 Ultra,1,123955,0.004675009,45
2026-06-16,IT,4p5WgeiPSPpqPDs7T6OkWf,ANOTR,1,123955,0.004675009,45
2026-06-16,IT,7tmMPdOmFvdRvbj2aWoiRi,Jovanotti,1,123398,0.004654002,46
2026-06-16,IT,1vgQksyJ0IVz8y9XerEOy3,Madame,1,117138,0.004417904,48
2026-06-16,IT,3xGlLcG9CUrs5MvFkSLOS5,Marco Mengoni,1,109630,0.004134737,51
2026-06-16,IT,44DWomjW1oDuxIoBIRpmQ4,Rhove,1,107407,0.004050895,52
2026-06-16,IT,6HQ27YefiitrZ9YsWrgRHX,Fresh Beatz,1,104643,0.00394665,53
2026-06-16,IT,26toJml6wSdf58ZgNG0ci9,Dipinto,1,104643,0.00394665,53
2026-06-16,IT,5mHUmlJWkcoOk1NbjfrXWz,Temper City,1,103534,0.003904824,54
2026-06-16,IT,01XCyobLTxOrswogL7YNIu,Dibla,1,97394,0.003673251,56
2026-06-16,IT,0F3tUZeb9dLNEpxCpzEBQt,SOLTO (FR),1,91458,0.003449373,57
2026-06-16,IT,5PlfkPxwCpRRWQJBxCa0By,HUGEL,1,91458,0.003449373,57
2026-06-16,IT,1c22GXH30ijlOfXhfLz9Df,Elvis Crespo,1,89348,0.003369793,58
2026-06-16,IT,7F2utINZ6tSokSiZTQBE27,Guè,1,86190,0.003250688,59
2026-06-16,IT,4Xsf5hhfIyhTgiVymlPLA7,22simba,1,86190,0.003250688,59
2026-06-16,IT,0TnOYISbd1XYRBk9myaseg,Pitbull,1,85594,0.00322821,60
2026-06-16,IT,2DlGxzQSjYe5N6G9nkYghR,Jennifer Lopez,1,85594,0.00322821,60
2026-06-16,IT,6USv9qhCn6zfxlBQIYJ9qs,Dominic Fike,1,85569,0.003227267,61
2026-06-16,IT,5iot8OPcosJN9nCl7I5SdK,Irama,1,85288,0.003216669,62
2026-06-16,IT,2R21vXR83lH98kGeO99Y66,Anuel AA,1,84562,0.003189288,63
2026-06-16,IT,2LRoIwlKmHjgvigdNGBHNo,Feid,1,83437,0.003146858,64
2026-06-16,IT,3wcj11K77LjEY1PkEazffa,Burna Boy,1,78771,0.002970878,65
2026-06-16,IT,0EmeFodog0BfCgMzAIvKQp,Shakira,1,78771,0.002970878,65
2026-06-16,IT,5rRcnWrevHgbuWjl7Lhft7,Merk & Kremont,1,78076,0.002944666,66
2026-06-16,IT,72A0Z8q8NiochyK9gUHpCR,The Kolors,1,78076,0.002944666,66
2026-06-16,IT,1uZVxckdGGKhFMpCnupXmP,Los Pleneros de la Cresta,1,77327,0.002916417,67
2026-06-16,IT,1AgAVqo74e2q4FVvg0xpT7,Tedua,1,75467,0.002846266,68
2026-06-16,IT,1eBPcZCSWh1EAv0aOXusye,Higashi,1,73147,0.002758767,69
2026-06-16,IT,5p9HO3XC5P3BLxJs5Mtrhm,Djo,1,72007,0.002715771,70
2026-06-16,IT,790FomKkXshlbRYZFtlgla,KAROL G,1,71301,0.002689144,71
2026-06-16,IT,2tIP7SsRs7vjIcLrU85W8J,The Kid LAROI,1,69695,0.002628573,72
2026-06-16,IT,4eq1q0o9XPyNq9RG3fNDD1,Yorghaki,1,69365,0.002616127,73
2026-06-16,IT,3DeOmVSmpv7WknXoo1OS8p,Alleh,1,69365,0.002616127,73
2026-06-16,IT,2dAKW1tsAariQ0Ta2gqp8N,Gow Tribe,1,68143,0.002570039,74
2026-06-16,IT,05brE7yGJDmIYlMirfSi0B,Federica Abbate,1,67121,0.002531494,75
2026-06-16,IT,2pzFTbri7ew8mW2CbYpCNq,Astro,1,66718,0.002516294,76
2026-06-16,IT,5H1nN1SzW0qNeUEZvuXjAj,Danny Ocean,1,66417,0.002504942,77
2026-06-16,IT,7HtzacrJpksCiS6qHypb8l,Ditonellapiaga,1,66358,0.002502717,78
2026-06-16,IT,0lQtBhjEJpoOroQS6fbWMc,Aka 7even,1,65250,0.002460928,79
2026-06-16,IT,5FwDaIGy29GQC5d0MR7fKf,LDA,1,65250,0.002460928,79
2026-06-16,IT,3g9MKjIP9xrMTY5Pbwr6Nk,Kreamly,1,63612,0.00239915,80
2026-06-16,IT,2CCgb0KApjfQDuTppovpf8,Rvfv,1,63612,0.00239915,80
2026-06-16,IT,6RWMnZmXs8Ob715qLr4374,Aissa,1,63612,0.00239915,80
2026-06-16,IT,2sil8z5kiy4r76CRTXxBCA,The Goo Goo Dolls,1,63460,0.002393418,81
2026-06-16,IT,10exVja0key0uqUkk6LJRT,Vance Joy,1,63442,0.002392739,82
2026-06-16,IT,7krakxeyEmge6pzTthKNyg,The Bausa,1,63282,0.002386704,83
2026-06-16,IT,7H8ZC8uHJMPZGLMApRRNIz,Ligabue,1,62794,0.002368299,84
2026-06-16,IT,2oQX8QiMXOyuqbcZEFsZfm,El Alfa,1,62686,0.002364226,85
2026-06-16,IT,2iK8weavvfS2xJCmzNzNE5,J-AX,1,62325,0.002350611,86
2026-06-16,IT,5mZJerulcERBZV7xnhrVp1,Ryan Lewis,1,61350,0.002313838,87
2026-06-16,IT,3JhNCzhSMTxs9WLGJJxWOY,Macklemore,1,61350,0.002313838,87
2026-06-16,IT,5BcAKTbp20cv7tC5VqPFoC,Macklemore & Ryan Lewis,1,61350,0.002313838,87
2026-06-16,IT,4e0nWw2r4BoQSKPQ2zpU13,Ray Dalton,1,61350,0.002313838,87
2026-06-16,IT,66CXWjxzNUsdJxJ2JdwvnR,Ariana Grande,1,61088,0.002303957,88
2026-06-16,IT,1HBjj22wzbscIZ9sEb5dyf,Jonas Blue,1,60516,0.002282384,89
2026-06-16,IT,5JsnFhU4OqgEtNXs7Sq1Vm,Malive,1,60516,0.002282384,89
2026-06-16,IT,5NGO30tJxFlKixkPSgXcFE,The Police,1,60416,0.002278612,90
2026-06-16,IT,2eFv7NVs8R6Go7msuqikeg,Pino Daniele,1,60216,0.002271069,91
2026-06-16,IT,7h1amg0X7Q5d0D5KfuyKTg,Pyrex,1,59844,0.002257039,92
2026-06-16,IT,5KKpBU5eC2tJDzf0wmlRp2,RAYE,1,59385,0.002239728,93
2026-06-16,IT,7gjqZ8coFZimZDtdk04WP1,MACE,1,59051,0.002227131,94
2026-06-16,IT,6TLwD7HPWuiOzvXEa3oCNe,Oliver Tree,1,55623,0.002097842,95
2026-06-16,IT,3t5xRXzsuZmMDkQzgOX35S,Robin Schulz,1,55623,0.002097842,95
2026-06-16,IT,5bv5RplEOwdCvhq0EILh9E,Lucenzo,1,55605,0.002097163,96
2026-06-16,IT,33ScadVnbm2X8kkUqOkC6Z,Don Omar,1,55605,0.002097163,96
2026-06-16,IT,3AVx3OBPIk4pJQllAXoVs1,Gaia,1,55254,0.002083925,97
2026-06-16,IT,6JhUHne9H09NdkTI5E9GSt,Dardust,1,53354,0.002012266,98
2026-06-16,IT,6wH6iStAh4KIaWfuhf0NYM,Manu Chao,1,53213,0.002006948,99
2026-06-16,IT,7CvTknweLr9feJtRGrpDBy,FloyyMenor,1,53113,0.002003177,100
2026-06-16,IT,1Yj5Xey7kTwvZla8sqdsdE,Cris MJ,1,53113,0.002003177,100
2026-06-16,IT,056KMTw6IztdQjBmFfVyO3,Rkomi,1,52567,0.001982584,101
2026-06-16,IT,6hkKbkZGvAXuvle2FhCnxy,Shablo,1,52505,0.001980246,102
2026-06-16,IT,0RMJOzHDhAKY1o2j0W0vxY,EJAE,1,52307,0.001972778,103
2026-06-16,IT,6U1dV7aL68N7Gb0Naq34V5,REI AMI,1,52307,0.001972778,103
2026-06-16,IT,0Wwji82sLA0Hcvtuak3omb,AUDREY NUNA,1,52307,0.001972778,103
2026-06-16,IT,2yNNYQBChuox9A5Ka93BIn,HUNTR/X,1,52307,0.001972778,103
2026-06-16,IT,7mW7Tv7NvywKKXqafZo0Lc,KPop Demon Hunters Cast,1,52307,0.001972778,103
2026-06-16,IT,7KFOc3T4Xo8DVZt4PWw2qN,Gazzelle,1,52028,0.001962256,104
2026-06-16,IT,716NhGYqD1jl2wI1Qkgq36,Bizarrap,1,52013,0.00196169,105
2026-06-16,IT,4G9NDjRyZFDlJKMRL8hx3S,sombr,1,51970,0.001960068,106
2026-06-16,IT,6HabM2PUM519iIxervGWSb,Prospa,1,51426,0.001939551,107
2026-06-16,IT,7MdlXmq2HViAJWo9cf30sR,Cloonee,1,51426,0.001939551,107
2026-06-16,IT,2cy1zPcrFcXAJTP0APWewL,Gente De Zona,1,51319,0.001935515,108
2026-06-16,IT,4wLXwxDeWQ8mtUIRPxGiD6,Marc Anthony,1,51319,0.001935515,108
2026-06-16,IT,2jnjbAYKylrmBMCFZE0OCK,Poison Beatz,1,51118,0.001927935,109
2026-06-16,IT,07yfI2D37Ir0pGQ8huDd4j,TonyPitony,1,51052,0.001925445,110
2026-06-16,IT,11TplWqOPQBTmg2eiSLt1m,Tiziano Ferro,1,50981,0.001922768,111
2026-06-16,IT,0r310cYIlI5aMcuDTChNlO,Loretta Goggi,1,50441,0.001902401,112
2026-06-16,IT,1fctva4kpRbg2k3v7kwRuS,Rvssian,1,50246,0.001895047,113
2026-06-16,IT,7GgpsUpkj3olseoaTY7TEY,Elodie,1,50246,0.001895047,113
2026-06-16,IT,5YV5crRpcdknHgEzystZHr,SHUNE,1,50222,0.001894142,114
2026-06-16,IT,6YBgd2LKccEB3pX6UaW1Yp,Thegiornalisti,1,50168,0.001892105,115
2026-06-16,IT,30fnIb0InCgAp2IPY17nqd,RRARI DAL TACCO,1,49918,0.001882676,116
2026-06-16,IT,5l4nhyz8876RhgE2d18h65,Vasco Rossi,1,49874,0.001881017,117
2026-06-16,IT,1Xylc3o4UrD53lo9CvFvVg,Zara Larsson,1,49830,0.001879357,118
2026-06-16,IT,2tOGpIgNsnDk6BxqFU2vCX,Il Ghost,1,49560,0.001869174,119
2026-06-16,IT,6nVcHLIgY5pE2YCl8ubca1,JHAYCO,1,49433,0.001864384,120
2026-06-16,IT,1vyhD5VmyZ7KMfW5gqLgo5,J Balvin,1,49302,0.001859443,121
2026-06-16,IT,7zPS3i8YJBNeDcqXUHfCMr,AVA,1,48751,0.001838662,122
2026-06-16,IT,0fTSzq9jAh4c36UVb4V7CB,Alex Warren,1,48534,0.001830478,123
2026-06-16,IT,5RTLRtXjbXI2lSXc6jxlAz,Ravyn Lenae,1,48453,0.001827423,124
2026-06-16,IT,250b0Wlc5Vk0CoUsaCY84M,JENNIE,1,48407,0.001825688,125
2026-06-16,IT,5INjqkS1o8h1imAzPqGZBb,Tame Impala,1,48407,0.001825688,125
2026-06-16,IT,7108jelN43seqWILMvJwKi,Serena Brancale,2,307155,0.011584466,15
2026-06-16,IT,0QrUbsrL5imqntAfDl8i7q,Fred De Palma,2,305272,0.011513448,16
2026-06-16,IT,38CThoTDmXugNnfonW466d,Jiz,2,296813,0.011194413,17
2026-06-16,IT,6RdcIWVKYYzNzjQRd3oyHS,Pinguini Tattici Nucleari,2,212042,0.007997243,30
2026-06-16,IT,1A6HBLulvBFzNtlMb7b08f,Angelina Mango,2,184267,0.006949699,33
2026-06-16,IT,7GacyaFUp0qkEJglERX9N7,Alfa,2,176611,0.00666095,34
2026-06-16,IT,47z0zz9ZMCn9GBiPRTn5Bc,Tommaso Paradiso,2,167275,0.006308839,35
2026-06-16,IT,1QeqGmpgU5Yg74GNcjIIq3,Fulminacci,2,159720,0.0060239,37
2026-06-16,IT,0gzwXezN4IUHAwLufA6YcX,Emma,2,149343,0.005632527,39
2026-06-16,IT,52iwsT98xCoGgiGntTiR7K,Quevedo,2,141361,0.005331483,40
2026-06-16,IT,0EqkKYDK9EkKY5N7zU3FPv,Annalisa,2,139563,0.005263671,41
2026-06-16,IT,2aiM1OfMODFLUXaQgEVPK1,Roberto Ferrante,2,135833,0.005122992,43
2026-06-16,IT,1UjxAZqzphB1tsMb1aWBj0,Omega,2,135833,0.005122992,43
2026-06-16,IT,6bMul6rmRS03x38tWKYifO,883,2,117154,0.004418507,47
2026-06-16,IT,08ppjXEpROUgrG1X0DEquB,Nerissima Serpe,2,115165,0.004343491,49
2026-06-16,IT,7cdIY4mDfM1dbjgl7s2fGR,Sal Da Vinci,2,110973,0.004185388,50
2026-06-16,IT,6FcVd3KlRxozcLl19FMXu9,Max Pezzali,2,103531,0.00390471,55
2026-06-16,IT,3hN3iJMbbBmqBSAMx5veDa,Ultimo,3,284392,0.010725951,18
2026-06-16,IT,3fMbdgg4jU18AjLCKBhRSm,Michael Jackson,3,253760,0.009570653,22
2026-06-16,IT,5AZuEF0feCXMkUCwQiQlW7,Marracash,3,236879,0.00893398,26
2026-06-16,IT,0jdNdfi4vAuVi7a6cPDFBM,Lazza,3,219520,0.008279279,28
2026-06-16,IT,5dXlc7MnpaTeUIsHLVe3n4,Coez,3,214489,0.008089533,29
2026-06-16,IT,1McMsnEElThX1knmY4oliG,Olivia Rodrigo,3,208195,0.007852152,31
2026-06-16,IT,2QJ1AReDewmz4fcRhGxW6Y,Vito Salamanca,4,487400,0.018382474,11
2026-06-16,IT,2n0Ki4A5tKTEloq3WCt1IH,Samurai Jay,4,487400,0.018382474,11
2026-06-16,IT,2ifTEcQqKSPwijIEcPHQ1R,Flatpearl,4,438350,0.016532534,13
2026-06-16,IT,1l1A1U8VJM15W7zonFqKhg,Succo,4,438350,0.016532534,13
2026-06-16,IT,1dlyjeDlgXalzt5oqbgWDs,G.Mineiro,4,438350,0.016532534,13
2026-06-16,IT,3HAwumPgGOSXlZSyGWuLhB,Sayf,4,279915,0.010557099,19
2026-06-16,IT,3yiEJ9SByXZMXTwaKdVFN4,Luchè,4,279867,0.010555289,20
2026-06-16,IT,3fhMfkPPzksWuw0hEm4ldm,Ernia,4,273270,0.01030648,21
2026-06-16,IT,5SulO4l40qDuV9zUGLZx7n,Capo Plaza,4,246975,0.009314755,24
2026-06-16,IT,3LvwPiJQJ0da0GurKMToV0,Baby Gang,4,242266,0.009137153,25
2026-06-16,IT,2R4kNOwHUUsuDYhKsESVbF,Artie 5ive,5,733571,0.027666905,5
2026-06-16,IT,396Jr76018oUMR6QBnqT8T,Cesare Cremonini,5,380541,0.014352246,14
2026-06-16,IT,7K80yOTC0Id95gRaOxDG5u,ANNA,6,572023,0.021574062,9
2026-06-16,IT,0lI3rF4hi4op6UxqlLHPzv,Achille Lauro,6,512997,0.019347874,10
2026-06-16,IT,7FeObngbQ0GY3SojNwKdKn,Bresh,7,619526,0.023365655,7
2026-06-16,IT,0EUR8jz8L936AEbV2Spkca,Kid Yugi,7,444293,0.016756677,12
2026-06-16,IT,25u1DN0MwQVSav4XoJS7hl,Olly,8,584839,0.022057422,8
2026-06-16,IT,4q3ewBCX7sLwd24euuV69X,Bad Bunny,9,743393,0.028037345,4
2026-06-16,IT,4rj3KWaLAnuxgtMMkypZhf,Juli,9,686852,0.02590488,6
2026-06-16,IT,23TFHmajVfBtlRx5MXqgoz,Sfera Ebbasta,12,1127883,0.04253853,3
2026-06-16,IT,2K5nCggbhSZ00YCYP5qkZS,Shiva,16,1494821,0.056377734,2
2026-06-16,IT,27LlKWxS3KXW7RRAxN5S8s,Geolier,17,1600017,0.060345241,1
2026-06-01,IT,7FNnA9vBm6EKceENgCGRMb,Anitta,1,258877,0.009795323,23
2026-06-01,IT,6FtwCmLY6L1sqvjaQ2lV6G,Emis Killa,1,258877,0.009795323,23
2026-06-01,IT,0BjRnUqiITQwjqGtTeoxUS,DELIA,1,229029,0.008665942,29
2026-06-01,IT,5mTg1ztZByLRHsOEtwmT4G,Levante,1,229029,0.008665942,29
2026-06-01,IT,7108jelN43seqWILMvJwKi,Serena Brancale,1,229029,0.008665942,29
2026-06-01,IT,1uNFoZAHBGtllmzznpCI3s,Justin Bieber,1,159702,0.006042765,34
2026-06-01,IT,0hCNtLu0JehylgoiP8L4Gh,Nicki Minaj,1,159702,0.006042765,34
2026-06-01,IT,51OKuyM4BiiYxFm8Mi6fa9,Mauvais djo,1,153850,0.005821338,35
2026-06-01,IT,3m5qlPf2OkihLz3dRYnkPA,Ovy On The Drums,1,145890,0.00552015,38
2026-06-01,IT,5uwa6tAMMfNbBFIHiI6NV4,W Sound,1,145890,0.00552015,38
2026-06-01,IT,7a0XAaPaK2aDSqa8p3QnC7,Beéle,1,145890,0.00552015,38
2026-06-01,IT,4p5WgeiPSPpqPDs7T6OkWf,ANOTR,1,132596,0.005017134,43
2026-06-01,IT,6X5L6rmyvrWWu60Gx6exiZ,54 Ultra,1,132596,0.005017134,43
2026-06-01,IT,26toJml6wSdf58ZgNG0ci9,Dipinto,1,130859,0.00495141,44
2026-06-01,IT,6HQ27YefiitrZ9YsWrgRHX,Fresh Beatz,1,130859,0.00495141,44
2026-06-01,IT,01XCyobLTxOrswogL7YNIu,Dibla,1,125788,0.004759535,45
2026-06-01,IT,2ifTEcQqKSPwijIEcPHQ1R,Flatpearl,1,118056,0.004466974,48
2026-06-01,IT,1l1A1U8VJM15W7zonFqKhg,Succo,1,118056,0.004466974,48
2026-06-01,IT,1dlyjeDlgXalzt5oqbgWDs,G.Mineiro,1,118056,0.004466974,48
2026-06-01,IT,1vgQksyJ0IVz8y9XerEOy3,Madame,1,111871,0.004232947,49
2026-06-01,IT,7tmMPdOmFvdRvbj2aWoiRi,Jovanotti,1,109286,0.004135136,50
2026-06-01,IT,2DlGxzQSjYe5N6G9nkYghR,Jennifer Lopez,1,103297,0.003908526,53
2026-06-01,IT,0lQtBhjEJpoOroQS6fbWMc,Aka 7even,1,99992,0.003783472,54
2026-06-01,IT,5FwDaIGy29GQC5d0MR7fKf,LDA,1,99992,0.003783472,54
2026-06-01,IT,5mHUmlJWkcoOk1NbjfrXWz,Temper City,1,99408,0.003761375,55
2026-06-01,IT,6USv9qhCn6zfxlBQIYJ9qs,Dominic Fike,1,95175,0.003601208,56
2026-06-01,IT,7HtzacrJpksCiS6qHypb8l,Ditonellapiaga,1,90102,0.003409257,57
2026-06-01,IT,2iK8weavvfS2xJCmzNzNE5,J-AX,1,87320,0.003303992,58
2026-06-01,IT,5PlfkPxwCpRRWQJBxCa0By,HUGEL,1,85419,0.003232063,59
2026-06-01,IT,0F3tUZeb9dLNEpxCpzEBQt,SOLTO (FR),1,85419,0.003232063,59
2026-06-01,IT,2R21vXR83lH98kGeO99Y66,Anuel AA,1,83273,0.003150863,60
2026-06-01,IT,1uZVxckdGGKhFMpCnupXmP,Los Pleneros de la Cresta,1,82438,0.003119269,61
2026-06-01,IT,2mUoO8KgRQOOzR0VoUWoEV,Latrelle,1,82217,0.003110906,62
2026-06-01,IT,05brE7yGJDmIYlMirfSi0B,Federica Abbate,1,81232,0.003073636,63
2026-06-01,IT,4eq1q0o9XPyNq9RG3fNDD1,Yorghaki,1,78169,0.002957739,64
2026-06-01,IT,3DeOmVSmpv7WknXoo1OS8p,Alleh,1,78169,0.002957739,64
2026-06-01,IT,2tOGpIgNsnDk6BxqFU2vCX,Il Ghost,1,77577,0.002935339,65
2026-06-01,IT,66CXWjxzNUsdJxJ2JdwvnR,Ariana Grande,1,77278,0.002924026,66
2026-06-01,IT,790FomKkXshlbRYZFtlgla,KAROL G,1,76509,0.002894929,67
2026-06-01,IT,5p9HO3XC5P3BLxJs5Mtrhm,Djo,1,75548,0.002858566,68
2026-06-01,IT,1c22GXH30ijlOfXhfLz9Df,Elvis Crespo,1,75432,0.002854177,69
2026-06-01,IT,5H1nN1SzW0qNeUEZvuXjAj,Danny Ocean,1,74455,0.00281721,70
2026-06-01,IT,1eBPcZCSWh1EAv0aOXusye,Higashi,1,70334,0.00266128,71
2026-06-01,IT,7mW7Tv7NvywKKXqafZo0Lc,KPop Demon Hunters Cast,1,67634,0.002559118,72
2026-06-01,IT,0Wwji82sLA0Hcvtuak3omb,AUDREY NUNA,1,67634,0.002559118,72
2026-06-01,IT,0RMJOzHDhAKY1o2j0W0vxY,EJAE,1,67634,0.002559118,72
2026-06-01,IT,2yNNYQBChuox9A5Ka93BIn,HUNTR/X,1,67634,0.002559118,72
2026-06-01,IT,6U1dV7aL68N7Gb0Naq34V5,REI AMI,1,67634,0.002559118,72
2026-06-01,IT,7h1amg0X7Q5d0D5KfuyKTg,Pyrex,1,66421,0.002513221,73
2026-06-01,IT,2sil8z5kiy4r76CRTXxBCA,The Goo Goo Dolls,1,65918,0.002494189,74
2026-06-01,IT,08ppjXEpROUgrG1X0DEquB,Nerissima Serpe,1,64404,0.002436903,75
2026-06-01,IT,1HBjj22wzbscIZ9sEb5dyf,Jonas Blue,1,63608,0.002406784,76
2026-06-01,IT,5JsnFhU4OqgEtNXs7Sq1Vm,Malive,1,63608,0.002406784,76
2026-06-01,IT,1McMsnEElThX1knmY4oliG,Olivia Rodrigo,1,63491,0.002402357,77
2026-06-01,IT,33ScadVnbm2X8kkUqOkC6Z,Don Omar,1,63135,0.002388886,78
2026-06-01,IT,5bv5RplEOwdCvhq0EILh9E,Lucenzo,1,63135,0.002388886,78
2026-06-01,IT,1Xylc3o4UrD53lo9CvFvVg,Zara Larsson,1,62459,0.002363308,79
2026-06-01,IT,5NGO30tJxFlKixkPSgXcFE,The Police,1,62458,0.00236327,80
2026-06-01,IT,3JhNCzhSMTxs9WLGJJxWOY,Macklemore,1,62297,0.002357178,81
2026-06-01,IT,5mZJerulcERBZV7xnhrVp1,Ryan Lewis,1,62297,0.002357178,81
2026-06-01,IT,4e0nWw2r4BoQSKPQ2zpU13,Ray Dalton,1,62297,0.002357178,81
2026-06-01,IT,5BcAKTbp20cv7tC5VqPFoC,Macklemore & Ryan Lewis,1,62297,0.002357178,81
2026-06-01,IT,5KKpBU5eC2tJDzf0wmlRp2,RAYE,1,62139,0.0023512,82
2026-06-01,IT,1A6HBLulvBFzNtlMb7b08f,Angelina Mango,1,60695,0.002296562,83
2026-06-01,IT,6hkKbkZGvAXuvle2FhCnxy,Shablo,1,60615,0.002293535,84
2026-06-01,IT,2dAKW1tsAariQ0Ta2gqp8N,Gow Tribe,1,60604,0.002293119,85
2026-06-01,IT,6bMul6rmRS03x38tWKYifO,883,1,59919,0.0022672,86
2026-06-01,IT,10exVja0key0uqUkk6LJRT,Vance Joy,1,59738,0.002260352,87
2026-06-01,IT,2cy1zPcrFcXAJTP0APWewL,Gente De Zona,1,58346,0.002207681,88
2026-06-01,IT,4wLXwxDeWQ8mtUIRPxGiD6,Marc Anthony,1,58346,0.002207681,88
2026-06-01,IT,6nVcHLIgY5pE2YCl8ubca1,JHAYCO,1,57963,0.00219319,89
2026-06-01,IT,716NhGYqD1jl2wI1Qkgq36,Bizarrap,1,57455,0.002173968,90
2026-06-01,IT,6YBgd2LKccEB3pX6UaW1Yp,Thegiornalisti,1,57264,0.002166741,91
2026-06-01,IT,1Yj5Xey7kTwvZla8sqdsdE,Cris MJ,1,57100,0.002160536,92
2026-06-01,IT,7CvTknweLr9feJtRGrpDBy,FloyyMenor,1,57100,0.002160536,92
2026-06-01,IT,056KMTw6IztdQjBmFfVyO3,Rkomi,1,56854,0.002151228,93
2026-06-01,IT,6wH6iStAh4KIaWfuhf0NYM,Manu Chao,1,56799,0.002149146,94
2026-06-01,IT,5iot8OPcosJN9nCl7I5SdK,Irama,1,54519,0.002062876,95
2026-06-01,IT,7KFOc3T4Xo8DVZt4PWw2qN,Gazzelle,1,54508,0.00206246,96
2026-06-01,IT,1vfezMIyCr4XUdYRaKIKi3,Keyshia Cole,1,54049,0.002045093,97
2026-06-01,IT,3Isy6kedDrgPYoTS1dazA9,Sean Paul,1,54049,0.002045093,97
2026-06-01,IT,7zPS3i8YJBNeDcqXUHfCMr,AVA,1,53947,0.002041233,98
2026-06-01,IT,7gjqZ8coFZimZDtdk04WP1,MACE,1,53853,0.002037676,99
2026-06-01,IT,7krakxeyEmge6pzTthKNyg,The Bausa,1,53375,0.00201959,100
2026-06-01,IT,250b0Wlc5Vk0CoUsaCY84M,JENNIE,1,53016,0.002006006,101
2026-06-01,IT,5INjqkS1o8h1imAzPqGZBb,Tame Impala,1,53016,0.002006006,101
2026-06-01,IT,4G9NDjRyZFDlJKMRL8hx3S,sombr,1,52627,0.001991287,102
2026-06-01,IT,1vyhD5VmyZ7KMfW5gqLgo5,J Balvin,1,52043,0.00196919,103
2026-06-01,IT,1fctva4kpRbg2k3v7kwRuS,Rvssian,1,51939,0.001965255,104
2026-06-01,IT,6FcVd3KlRxozcLl19FMXu9,Max Pezzali,1,51647,0.001954206,105
2026-06-01,IT,3o7fC2O4nraaicpID6bBZW,Elettra Lamborghini,1,51390,0.001944482,106
2026-06-01,IT,0r310cYIlI5aMcuDTChNlO,Loretta Goggi,1,51287,0.001940585,107
2026-06-01,IT,6cE2WyjXwngsJynb3uk1WO,Néza,1,51202,0.001937369,108
2026-06-01,IT,0VNf9xwpp1f2TFUH2Q85Ar,Lucifer,1,51202,0.001937369,108
2026-06-01,IT,5CqlDzj8DSqsklkXuTYfSd,Nabi,1,51202,0.001937369,108
2026-06-01,IT,2SLBMi00NHiYhfnJ36aTvd,Kassimi,1,51202,0.001937369,108
2026-06-01,IT,2Ny7KtAFxJ0Ac3FPBiClWW,Yunes LaGrintaa,1,51202,0.001937369,108
2026-06-01,IT,13jvLDXME7yplEwCweRivE,Tutti Fenomeni,1,50951,0.001927871,109
2026-06-01,IT,0fTSzq9jAh4c36UVb4V7CB,Alex Warren,1,50801,0.001922196,110
2026-06-01,IT,2nftqfbLohpDYzY8VUlvbm,Benji & Fede,1,50518,0.001911488,111
2026-06-01,IT,22wbnEMDvgVIAGdFeek6ET,Benson Boone,1,50088,0.001895217,112
2026-06-01,IT,3AVx3OBPIk4pJQllAXoVs1,Gaia,1,49829,0.001885417,113
2026-06-01,IT,6Ip8FS7vWT1uKkJSweANQK,Dave,1,49366,0.001867898,114
2026-06-01,IT,687cZJR45JO7jhk1LHIbgq,Tems,1,49366,0.001867898,114
2026-06-01,IT,0EmeFodog0BfCgMzAIvKQp,Shakira,1,48569,0.001837742,115
2026-06-01,IT,7aBzpmFXB4WWpPl2F7RjBe,Wyclef Jean,1,48569,0.001837742,115
2026-06-01,IT,3g9MKjIP9xrMTY5Pbwr6Nk,Kreamly,1,48375,0.001830401,116
2026-06-01,IT,0Yg29FX1M4ayqjXs0ttZFq,Young Cister,1,48375,0.001830401,116
2026-06-01,IT,3RtNN1VnooWEn3KQk03DUL,Noriel,1,48050,0.001818104,117
2026-06-01,IT,1TtXnWcUs0FCkaZDPGYHdf,Darell,1,48050,0.001818104,117
2026-06-01,IT,5Otk4eRecMMbC5YR4Iliou,Le-one,1,47955,0.001814509,118
2026-06-01,IT,7BgEOZ9w3Y4IMShXTMu1nN,Frah Quintale,1,47853,0.00181065,119
2026-06-01,IT,5l4nhyz8876RhgE2d18h65,Vasco Rossi,1,47363,0.001792109,120
2026-06-01,IT,4D75GcNG95ebPtNvoNVXhz,AFROJACK,1,47345,0.001791428,121
2026-06-01,IT,21E3waRsmPlU7jZsS13rcj,Ne-Yo,1,47345,0.001791428,121
2026-06-01,IT,1ruutHJcECI7cos2n5TqpO,Nayer,1,47345,0.001791428,121
2026-06-01,IT,17EAWIoXAMU9Vo9xRrdZQ0,AKDO,1,47033,0.001779623,122
2026-06-01,IT,0V2oXYR7DtrZAEFeILRW2r,Lvbel C5,1,47033,0.001779623,122
2026-06-01,IT,0QrUbsrL5imqntAfDl8i7q,Fred De Palma,2,327850,0.012405107,19
2026-06-01,IT,3hN3iJMbbBmqBSAMx5veDa,Ultimo,2,249188,0.009428714,25
2026-06-01,IT,38CThoTDmXugNnfonW466d,Jiz,2,243844,0.009226509,27
2026-06-01,IT,47z0zz9ZMCn9GBiPRTn5Bc,Tommaso Paradiso,2,192016,0.007265454,30
2026-06-01,IT,1QeqGmpgU5Yg74GNcjIIq3,Fulminacci,2,171911,0.006504726,31
2026-06-01,IT,0gzwXezN4IUHAwLufA6YcX,Emma,2,168818,0.006387693,32
2026-06-01,IT,7GacyaFUp0qkEJglERX9N7,Alfa,2,166085,0.006284283,33
2026-06-01,IT,0TnOYISbd1XYRBk9myaseg,Pitbull,2,150642,0.005699955,37
2026-06-01,IT,0EqkKYDK9EkKY5N7zU3FPv,Annalisa,2,145630,0.005510312,39
2026-06-01,IT,1UjxAZqzphB1tsMb1aWBj0,Omega,2,141583,0.005357182,40
2026-06-01,IT,2aiM1OfMODFLUXaQgEVPK1,Roberto Ferrante,2,141583,0.005357182,40
2026-06-01,IT,7cdIY4mDfM1dbjgl7s2fGR,Sal Da Vinci,2,140211,0.005305269,41
2026-06-01,IT,52iwsT98xCoGgiGntTiR7K,Quevedo,2,132887,0.005028145,42
2026-06-01,IT,07yfI2D37Ir0pGQ8huDd4j,TonyPitony,2,124639,0.004716059,46
2026-06-01,IT,2oQX8QiMXOyuqbcZEFsZfm,El Alfa,2,119299,0.004514006,47
2026-06-01,IT,7F2utINZ6tSokSiZTQBE27,Guè,2,108663,0.004111564,51
2026-06-01,IT,11TplWqOPQBTmg2eiSLt1m,Tiziano Ferro,2,106460,0.004028207,52
2026-06-01,IT,0jdNdfi4vAuVi7a6cPDFBM,Lazza,3,256135,0.009691572,24
2026-06-01,IT,3yiEJ9SByXZMXTwaKdVFN4,Luchè,3,247365,0.009359735,26
2026-06-01,IT,5dXlc7MnpaTeUIsHLVe3n4,Coez,3,234816,0.008884909,28
2026-06-01,IT,7GgpsUpkj3olseoaTY7TEY,Elodie,3,152902,0.005785468,36
2026-06-01,IT,2n0Ki4A5tKTEloq3WCt1IH,Samurai Jay,4,589078,0.022289387,9
2026-06-01,IT,2QJ1AReDewmz4fcRhGxW6Y,Vito Salamanca,4,589078,0.022289387,9
2026-06-01,IT,3HAwumPgGOSXlZSyGWuLhB,Sayf,4,344091,0.01301963,16
2026-06-01,IT,1AgAVqo74e2q4FVvg0xpT7,Tedua,4,343108,0.012982435,17
2026-06-01,IT,3LvwPiJQJ0da0GurKMToV0,Baby Gang,4,288133,0.010902305,20
2026-06-01,IT,3fhMfkPPzksWuw0hEm4ldm,Ernia,4,283614,0.010731316,21
2026-06-01,IT,396Jr76018oUMR6QBnqT8T,Cesare Cremonini,4,259936,0.009835394,22
2026-06-01,IT,2R4kNOwHUUsuDYhKsESVbF,Artie 5ive,5,808734,0.030600676,5
2026-06-01,IT,7FeObngbQ0GY3SojNwKdKn,Bresh,5,527463,0.019958014,10
2026-06-01,IT,6RdcIWVKYYzNzjQRd3oyHS,Pinguini Tattici Nucleari,5,379595,0.014363021,15
2026-06-01,IT,5SulO4l40qDuV9zUGLZx7n,Capo Plaza,5,330406,0.01250182,18
2026-06-01,IT,3fMbdgg4jU18AjLCKBhRSm,Michael Jackson,6,475807,0.018003467,12
2026-06-01,IT,0lI3rF4hi4op6UxqlLHPzv,Achille Lauro,6,435314,0.016471303,14
2026-06-01,IT,7K80yOTC0Id95gRaOxDG5u,ANNA,7,690031,0.026109221,6
2026-06-01,IT,25u1DN0MwQVSav4XoJS7hl,Olly,7,514721,0.019475885,11
2026-06-01,IT,5AZuEF0feCXMkUCwQiQlW7,Marracash,7,440373,0.016662724,13
2026-06-01,IT,4rj3KWaLAnuxgtMMkypZhf,Juli,8,618674,0.023409233,7
2026-06-01,IT,27LlKWxS3KXW7RRAxN5S8s,Geolier,9,985103,0.037274082,2
2026-06-01,IT,4q3ewBCX7sLwd24euuV69X,Bad Bunny,9,832912,0.031515517,4
2026-06-01,IT,0EUR8jz8L936AEbV2Spkca,Kid Yugi,9,610646,0.023105471,8
2026-06-01,IT,23TFHmajVfBtlRx5MXqgoz,Sfera Ebbasta,11,959254,0.036296014,3
2026-06-01,IT,2K5nCggbhSZ00YCYP5qkZS,Shiva,19,2019105,0.076398392,1
2026-06-17,IT,7FNnA9vBm6EKceENgCGRMb,Anitta,1,253824,0.009481175,22
2026-06-17,IT,6FtwCmLY6L1sqvjaQ2lV6G,Emis Killa,1,253824,0.009481175,22
2026-06-17,IT,5mTg1ztZByLRHsOEtwmT4G,Levante,1,231983,0.00866534,25
2026-06-17,IT,0BjRnUqiITQwjqGtTeoxUS,DELIA,1,231983,0.00866534,25
2026-06-17,IT,1cKyknhftNKXCjMBd2hDrG,DYSTINCT,1,211797,0.007911326,30
2026-06-17,IT,6PsQc21YZU7WNfiODG69Qk,Tony Boy,1,157902,0.005898167,36
2026-06-17,IT,51OKuyM4BiiYxFm8Mi6fa9,Mauvais djo,1,153885,0.005748119,38
2026-06-17,IT,5uwa6tAMMfNbBFIHiI6NV4,W Sound,1,133655,0.004992461,43
2026-06-17,IT,3m5qlPf2OkihLz3dRYnkPA,Ovy On The Drums,1,133655,0.004992461,43
2026-06-17,IT,7a0XAaPaK2aDSqa8p3QnC7,Beéle,1,133655,0.004992461,43
2026-06-17,IT,4p5WgeiPSPpqPDs7T6OkWf,ANOTR,1,129159,0.00482452,45
2026-06-17,IT,6X5L6rmyvrWWu60Gx6exiZ,54 Ultra,1,129159,0.00482452,45
2026-06-17,IT,0hCNtLu0JehylgoiP8L4Gh,Nicki Minaj,1,128077,0.004784104,46
2026-06-17,IT,1uNFoZAHBGtllmzznpCI3s,Justin Bieber,1,128077,0.004784104,46
2026-06-17,IT,7tmMPdOmFvdRvbj2aWoiRi,Jovanotti,1,123437,0.004610785,47
2026-06-17,IT,1vgQksyJ0IVz8y9XerEOy3,Madame,1,119987,0.004481915,48
2026-06-17,IT,3xGlLcG9CUrs5MvFkSLOS5,Marco Mengoni,1,117598,0.004392678,49
2026-06-17,IT,5mHUmlJWkcoOk1NbjfrXWz,Temper City,1,110443,0.004125415,50
2026-06-17,IT,44DWomjW1oDuxIoBIRpmQ4,Rhove,1,100555,0.003756065,53
2026-06-17,IT,26toJml6wSdf58ZgNG0ci9,Dipinto,1,98463,0.003677922,54
2026-06-17,IT,6HQ27YefiitrZ9YsWrgRHX,Fresh Beatz,1,98463,0.003677922,54
2026-06-17,IT,01XCyobLTxOrswogL7YNIu,Dibla,1,98267,0.003670601,55
2026-06-17,IT,5iot8OPcosJN9nCl7I5SdK,Irama,1,91830,0.003430157,56
2026-06-17,IT,1c22GXH30ijlOfXhfLz9Df,Elvis Crespo,1,91830,0.003430157,56
2026-06-17,IT,5PlfkPxwCpRRWQJBxCa0By,HUGEL,1,91688,0.003424853,57
2026-06-17,IT,0F3tUZeb9dLNEpxCpzEBQt,SOLTO (FR),1,91688,0.003424853,57
2026-06-17,IT,2R21vXR83lH98kGeO99Y66,Anuel AA,1,87067,0.003252243,58
2026-06-17,IT,6USv9qhCn6zfxlBQIYJ9qs,Dominic Fike,1,85777,0.003204058,59
2026-06-17,IT,72A0Z8q8NiochyK9gUHpCR,The Kolors,1,85740,0.003202676,60
2026-06-17,IT,5rRcnWrevHgbuWjl7Lhft7,Merk & Kremont,1,85740,0.003202676,60
2026-06-17,IT,2DlGxzQSjYe5N6G9nkYghR,Jennifer Lopez,1,84479,0.003155573,61
2026-06-17,IT,0TnOYISbd1XYRBk9myaseg,Pitbull,1,84479,0.003155573,61
2026-06-17,IT,7F2utINZ6tSokSiZTQBE27,Guè,1,84354,0.003150904,62
2026-06-17,IT,4Xsf5hhfIyhTgiVymlPLA7,22simba,1,84354,0.003150904,62
2026-06-17,IT,2LRoIwlKmHjgvigdNGBHNo,Feid,1,84324,0.003149783,63
2026-06-17,IT,1uZVxckdGGKhFMpCnupXmP,Los Pleneros de la Cresta,1,83659,0.003124943,64
2026-06-17,IT,3wcj11K77LjEY1PkEazffa,Burna Boy,1,83486,0.003118481,65
2026-06-17,IT,3hYLJPJuDyblFKersEaFd6,Antonello Venditti,1,78981,0.002950204,66
2026-06-17,IT,1AgAVqo74e2q4FVvg0xpT7,Tedua,1,78544,0.002933881,67
2026-06-17,IT,5p9HO3XC5P3BLxJs5Mtrhm,Djo,1,75115,0.002805796,68
2026-06-17,IT,4eq1q0o9XPyNq9RG3fNDD1,Yorghaki,1,70494,0.002633187,69
2026-06-17,IT,3DeOmVSmpv7WknXoo1OS8p,Alleh,1,70494,0.002633187,69
2026-06-17,IT,790FomKkXshlbRYZFtlgla,KAROL G,1,70375,0.002628741,70
2026-06-17,IT,2sil8z5kiy4r76CRTXxBCA,The Goo Goo Dolls,1,70230,0.002623325,71
2026-06-17,IT,2tIP7SsRs7vjIcLrU85W8J,The Kid LAROI,1,69893,0.002610737,72
2026-06-17,IT,0lQtBhjEJpoOroQS6fbWMc,Aka 7even,1,68202,0.002547573,73
2026-06-17,IT,5FwDaIGy29GQC5d0MR7fKf,LDA,1,68202,0.002547573,73
2026-06-17,IT,3g9MKjIP9xrMTY5Pbwr6Nk,Kreamly,1,67906,0.002536516,74
2026-06-17,IT,2CCgb0KApjfQDuTppovpf8,Rvfv,1,67906,0.002536516,74
2026-06-17,IT,6RWMnZmXs8Ob715qLr4374,Aissa,1,67906,0.002536516,74
2026-06-17,IT,5H1nN1SzW0qNeUEZvuXjAj,Danny Ocean,1,67737,0.002530203,75
2026-06-17,IT,1eBPcZCSWh1EAv0aOXusye,Higashi,1,66605,0.002487919,76
2026-06-17,IT,7HtzacrJpksCiS6qHypb8l,Ditonellapiaga,1,65432,0.002444104,77
2026-06-17,IT,08ppjXEpROUgrG1X0DEquB,Nerissima Serpe,1,64392,0.002405256,78
2026-06-17,IT,2pzFTbri7ew8mW2CbYpCNq,Astro,1,64392,0.002405256,78
2026-06-17,IT,2oQX8QiMXOyuqbcZEFsZfm,El Alfa,1,64060,0.002392855,79
2026-06-17,IT,7krakxeyEmge6pzTthKNyg,The Bausa,1,63109,0.002357332,80
2026-06-17,IT,05brE7yGJDmIYlMirfSi0B,Federica Abbate,1,62299,0.002327076,81
2026-06-17,IT,2dAKW1tsAariQ0Ta2gqp8N,Gow Tribe,1,61188,0.002285576,82
2026-06-17,IT,1HBjj22wzbscIZ9sEb5dyf,Jonas Blue,1,61167,0.002284792,83
2026-06-17,IT,5JsnFhU4OqgEtNXs7Sq1Vm,Malive,1,61167,0.002284792,83
2026-06-17,IT,6bMul6rmRS03x38tWKYifO,883,1,61165,0.002284717,84
2026-06-17,IT,2iK8weavvfS2xJCmzNzNE5,J-AX,1,61146,0.002284007,85
2026-06-17,IT,6JhUHne9H09NdkTI5E9GSt,Dardust,1,60982,0.002277882,86
2026-06-17,IT,10exVja0key0uqUkk6LJRT,Vance Joy,1,60796,0.002270934,87
2026-06-17,IT,5KKpBU5eC2tJDzf0wmlRp2,RAYE,1,60610,0.002263986,88
2026-06-17,IT,66CXWjxzNUsdJxJ2JdwvnR,Ariana Grande,1,59029,0.00220493,89
2026-06-17,IT,5NGO30tJxFlKixkPSgXcFE,The Police,1,58731,0.002193799,90
2026-06-17,IT,3t5xRXzsuZmMDkQzgOX35S,Robin Schulz,1,58099,0.002170192,91
2026-06-17,IT,2eFv7NVs8R6Go7msuqikeg,Pino Daniele,1,57539,0.002149274,92
2026-06-17,IT,5YV5crRpcdknHgEzystZHr,SHUNE,1,57373,0.002143073,93
2026-06-17,IT,6YBgd2LKccEB3pX6UaW1Yp,Thegiornalisti,1,57300,0.002140347,94
2026-06-17,IT,5mZJerulcERBZV7xnhrVp1,Ryan Lewis,1,57194,0.002136387,95
2026-06-17,IT,5BcAKTbp20cv7tC5VqPFoC,Macklemore & Ryan Lewis,1,57194,0.002136387,95
2026-06-17,IT,3JhNCzhSMTxs9WLGJJxWOY,Macklemore,1,57194,0.002136387,95
2026-06-17,IT,4e0nWw2r4BoQSKPQ2zpU13,Ray Dalton,1,57194,0.002136387,95
2026-06-17,IT,7gjqZ8coFZimZDtdk04WP1,MACE,1,57140,0.00213437,96
2026-06-17,IT,7H8ZC8uHJMPZGLMApRRNIz,Ligabue,1,56923,0.002126264,97
2026-06-17,IT,3AVx3OBPIk4pJQllAXoVs1,Gaia,1,56879,0.002124621,98
2026-06-17,IT,7h1amg0X7Q5d0D5KfuyKTg,Pyrex,1,56039,0.002093244,99
2026-06-17,IT,4G9NDjRyZFDlJKMRL8hx3S,sombr,1,55878,0.00208723,100
2026-06-17,IT,5RTLRtXjbXI2lSXc6jxlAz,Ravyn Lenae,1,54716,0.002043825,101
2026-06-17,IT,33ScadVnbm2X8kkUqOkC6Z,Don Omar,1,54059,0.002019284,102
2026-06-17,IT,5bv5RplEOwdCvhq0EILh9E,Lucenzo,1,54059,0.002019284,102
2026-06-17,IT,11TplWqOPQBTmg2eiSLt1m,Tiziano Ferro,1,53294,0.001990709,103
2026-06-17,IT,7CvTknweLr9feJtRGrpDBy,FloyyMenor,1,53174,0.001986227,104
2026-06-17,IT,1Yj5Xey7kTwvZla8sqdsdE,Cris MJ,1,53174,0.001986227,104
2026-06-17,IT,056KMTw6IztdQjBmFfVyO3,Rkomi,1,52520,0.001961798,105
2026-06-17,IT,5INjqkS1o8h1imAzPqGZBb,Tame Impala,1,52469,0.001959893,106
2026-06-17,IT,250b0Wlc5Vk0CoUsaCY84M,JENNIE,1,52469,0.001959893,106
2026-06-17,IT,7KFOc3T4Xo8DVZt4PWw2qN,Gazzelle,1,52216,0.001950442,107
2026-06-17,IT,716NhGYqD1jl2wI1Qkgq36,Bizarrap,1,52213,0.00195033,108
2026-06-17,IT,4wLXwxDeWQ8mtUIRPxGiD6,Marc Anthony,1,51961,0.001940917,109
2026-06-17,IT,2cy1zPcrFcXAJTP0APWewL,Gente De Zona,1,51961,0.001940917,109
2026-06-17,IT,7MdlXmq2HViAJWo9cf30sR,Cloonee,1,51894,0.001938414,110
2026-06-17,IT,6HabM2PUM519iIxervGWSb,Prospa,1,51894,0.001938414,110
2026-06-17,IT,6U1dV7aL68N7Gb0Naq34V5,REI AMI,1,51728,0.001932214,111
2026-06-17,IT,0RMJOzHDhAKY1o2j0W0vxY,EJAE,1,51728,0.001932214,111
2026-06-17,IT,2yNNYQBChuox9A5Ka93BIn,HUNTR/X,1,51728,0.001932214,111
2026-06-17,IT,7mW7Tv7NvywKKXqafZo0Lc,KPop Demon Hunters Cast,1,51728,0.001932214,111
2026-06-17,IT,0Wwji82sLA0Hcvtuak3omb,AUDREY NUNA,1,51728,0.001932214,111
2026-06-17,IT,0fTSzq9jAh4c36UVb4V7CB,Alex Warren,1,51580,0.001926685,112
2026-06-17,IT,7aBzpmFXB4WWpPl2F7RjBe,Wyclef Jean,1,51512,0.001924145,113
2026-06-17,IT,3wDn3kW2zDRLnaQAnX0S3x,Dat Boi Dee,1,51479,0.001922913,114
2026-06-17,IT,76UCIJTB0jcJvBaL0CdIqx,Takagi & Ketra,1,51479,0.001922913,114
2026-06-17,IT,6wH6iStAh4KIaWfuhf0NYM,Manu Chao,1,51358,0.001918393,115
2026-06-17,IT,07yfI2D37Ir0pGQ8huDd4j,TonyPitony,1,51251,0.001914396,116
2026-06-17,IT,1Xylc3o4UrD53lo9CvFvVg,Zara Larsson,1,50927,0.001902294,117
2026-06-17,IT,0r310cYIlI5aMcuDTChNlO,Loretta Goggi,1,50639,0.001891536,118
2026-06-17,IT,6nVcHLIgY5pE2YCl8ubca1,JHAYCO,1,50621,0.001890864,119
2026-06-17,IT,30fnIb0InCgAp2IPY17nqd,RRARI DAL TACCO,1,50325,0.001879807,120
2026-06-17,IT,1vyhD5VmyZ7KMfW5gqLgo5,J Balvin,1,50185,0.001874577,121
2026-06-17,IT,7GgpsUpkj3olseoaTY7TEY,Elodie,1,49779,0.001859412,122
2026-06-17,IT,2nftqfbLohpDYzY8VUlvbm,Benji & Fede,1,49691,0.001856125,123
2026-06-17,IT,7zPS3i8YJBNeDcqXUHfCMr,AVA,1,49687,0.001855976,124
2026-06-17,IT,6XyY86QOPPrYVGvF9ch6wz,Linkin Park,1,49438,0.001846675,125
2026-06-17,IT,6hkKbkZGvAXuvle2FhCnxy,Shablo,1,48722,0.00181993,126
2026-06-17,IT,2jnjbAYKylrmBMCFZE0OCK,Poison Beatz,1,48321,0.001804951,127
2026-06-17,IT,6FcVd3KlRxozcLl19FMXu9,Max Pezzali,1,48187,0.001799946,128
2026-06-17,IT,7108jelN43seqWILMvJwKi,Serena Brancale,2,317723,0.011868016,16
2026-06-17,IT,0QrUbsrL5imqntAfDl8i7q,Fred De Palma,2,311690,0.011642663,17
2026-06-17,IT,38CThoTDmXugNnfonW466d,Jiz,2,298754,0.01115946,18
2026-06-17,IT,3hN3iJMbbBmqBSAMx5veDa,Ultimo,2,244623,0.009137487,24
2026-06-17,IT,3fMbdgg4jU18AjLCKBhRSm,Michael Jackson,2,200821,0.007501336,31
2026-06-17,IT,1A6HBLulvBFzNtlMb7b08f,Angelina Mango,2,193847,0.007240833,33
2026-06-17,IT,47z0zz9ZMCn9GBiPRTn5Bc,Tommaso Paradiso,2,174650,0.006523761,35
2026-06-17,IT,1QeqGmpgU5Yg74GNcjIIq3,Fulminacci,2,155654,0.005814197,37
2026-06-17,IT,0gzwXezN4IUHAwLufA6YcX,Emma,2,148977,0.005564789,39
2026-06-17,IT,52iwsT98xCoGgiGntTiR7K,Quevedo,2,144043,0.005380487,40
2026-06-17,IT,0EqkKYDK9EkKY5N7zU3FPv,Annalisa,2,141979,0.00530339,41
2026-06-17,IT,0EmeFodog0BfCgMzAIvKQp,Shakira,2,134998,0.005042627,42
2026-06-17,IT,1UjxAZqzphB1tsMb1aWBj0,Omega,2,130665,0.004880774,44
2026-06-17,IT,2aiM1OfMODFLUXaQgEVPK1,Roberto Ferrante,2,130665,0.004880774,44
2026-06-17,IT,6TLwD7HPWuiOzvXEa3oCNe,Oliver Tree,2,107408,0.004012048,51
2026-06-17,IT,7cdIY4mDfM1dbjgl7s2fGR,Sal Da Vinci,2,107342,0.004009582,52
2026-06-17,IT,6RdcIWVKYYzNzjQRd3oyHS,Pinguini Tattici Nucleari,3,256012,0.009562904,21
2026-06-17,IT,3HAwumPgGOSXlZSyGWuLhB,Sayf,3,245837,0.009182834,23
2026-06-17,IT,3yiEJ9SByXZMXTwaKdVFN4,Luchè,3,228933,0.008551413,26
2026-06-17,IT,0jdNdfi4vAuVi7a6cPDFBM,Lazza,3,225022,0.008405324,27
2026-06-17,IT,5dXlc7MnpaTeUIsHLVe3n4,Coez,3,224367,0.008380857,28
2026-06-17,IT,7GacyaFUp0qkEJglERX9N7,Alfa,3,222967,0.008328563,29
2026-06-17,IT,1McMsnEElThX1knmY4oliG,Olivia Rodrigo,3,197560,0.007379526,32
2026-06-17,IT,3LvwPiJQJ0da0GurKMToV0,Baby Gang,3,188531,0.007042263,34
2026-06-17,IT,2QJ1AReDewmz4fcRhGxW6Y,Vito Salamanca,4,526672,0.01967296,10
2026-06-17,IT,2n0Ki4A5tKTEloq3WCt1IH,Samurai Jay,4,526672,0.01967296,10
2026-06-17,IT,1dlyjeDlgXalzt5oqbgWDs,G.Mineiro,4,429267,0.016034557,12
2026-06-17,IT,2ifTEcQqKSPwijIEcPHQ1R,Flatpearl,4,429267,0.016034557,12
2026-06-17,IT,1l1A1U8VJM15W7zonFqKhg,Succo,4,429267,0.016034557,12
2026-06-17,IT,5AZuEF0feCXMkUCwQiQlW7,Marracash,4,279978,0.010458114,19
2026-06-17,IT,3fhMfkPPzksWuw0hEm4ldm,Ernia,4,272897,0.010193615,20
2026-06-17,IT,2R4kNOwHUUsuDYhKsESVbF,Artie 5ive,5,727102,0.02715969,6
2026-06-17,IT,396Jr76018oUMR6QBnqT8T,Cesare Cremonini,5,377840,0.014113587,13
2026-06-17,IT,0EUR8jz8L936AEbV2Spkca,Kid Yugi,5,357298,0.013346275,14
2026-06-17,IT,5SulO4l40qDuV9zUGLZx7n,Capo Plaza,5,326679,0.012202553,15
2026-06-17,IT,7K80yOTC0Id95gRaOxDG5u,ANNA,6,579600,0.021649997,9
2026-06-17,IT,0lI3rF4hi4op6UxqlLHPzv,Achille Lauro,6,484137,0.018084135,11
2026-06-17,IT,7FeObngbQ0GY3SojNwKdKn,Bresh,8,686654,0.025648822,7
2026-06-17,IT,25u1DN0MwQVSav4XoJS7hl,Olly,8,627945,0.023455845,8
2026-06-17,IT,4q3ewBCX7sLwd24euuV69X,Bad Bunny,9,773043,0.02887574,4
2026-06-17,IT,4rj3KWaLAnuxgtMMkypZhf,Juli,9,729323,0.027242652,5
2026-06-17,IT,23TFHmajVfBtlRx5MXqgoz,Sfera Ebbasta,11,1078420,0.040282591,3
2026-06-17,IT,2K5nCggbhSZ00YCYP5qkZS,Shiva,15,1429094,0.053381437,2
2026-06-17,IT,27LlKWxS3KXW7RRAxN5S8s,Geolier,18,1642705,0.061360522,1
2026-07-13,IT,7FNnA9vBm6EKceENgCGRMb,Anitta,1,199486,0.007965089,24
2026-07-13,IT,6FtwCmLY6L1sqvjaQ2lV6G,Emis Killa,1,199486,0.007965089,24
2026-07-13,IT,1cKyknhftNKXCjMBd2hDrG,DYSTINCT,1,191479,0.007645385,28
2026-07-13,IT,0BjRnUqiITQwjqGtTeoxUS,DELIA,1,170431,0.00680498,33
2026-07-13,IT,5mTg1ztZByLRHsOEtwmT4G,Levante,1,170431,0.00680498,33
2026-07-13,IT,0EmeFodog0BfCgMzAIvKQp,Shakira,1,138307,0.005522331,41
2026-07-13,IT,3wcj11K77LjEY1PkEazffa,Burna Boy,1,138307,0.005522331,41
2026-07-13,IT,4p5WgeiPSPpqPDs7T6OkWf,ANOTR,1,133786,0.005341816,43
2026-07-13,IT,6X5L6rmyvrWWu60Gx6exiZ,54 Ultra,1,133786,0.005341816,43
2026-07-13,IT,3xGlLcG9CUrs5MvFkSLOS5,Marco Mengoni,1,126257,0.005041197,46
2026-07-13,IT,5uwa6tAMMfNbBFIHiI6NV4,W Sound,1,123772,0.004941976,47
2026-07-13,IT,7a0XAaPaK2aDSqa8p3QnC7,Beéle,1,123772,0.004941976,47
2026-07-13,IT,3m5qlPf2OkihLz3dRYnkPA,Ovy On The Drums,1,123772,0.004941976,47
2026-07-13,IT,5iot8OPcosJN9nCl7I5SdK,Irama,1,123426,0.004928161,48
2026-07-13,IT,1c22GXH30ijlOfXhfLz9Df,Elvis Crespo,1,119318,0.004764137,50
2026-07-13,IT,0F3tUZeb9dLNEpxCpzEBQt,SOLTO (FR),1,109252,0.004362221,54
2026-07-13,IT,1uNFoZAHBGtllmzznpCI3s,Justin Bieber,1,107230,0.004281486,56
2026-07-13,IT,0hCNtLu0JehylgoiP8L4Gh,Nicki Minaj,1,107230,0.004281486,56
2026-07-13,IT,7tmMPdOmFvdRvbj2aWoiRi,Jovanotti,1,106601,0.004256371,57
2026-07-13,IT,5mHUmlJWkcoOk1NbjfrXWz,Temper City,1,101643,0.004058408,58
2026-07-13,IT,6PsQc21YZU7WNfiODG69Qk,Tony Boy,1,90200,0.003601511,59
2026-07-13,IT,1cK2Abwkni7m51wJCSGllN,Ultra Naté,1,84841,0.003387537,60
2026-07-13,IT,17yREPqyU875WJnX9U082A,Imael Angel,1,84841,0.003387537,60
2026-07-13,IT,0jdNdfi4vAuVi7a6cPDFBM,Lazza,1,83486,0.003333434,61
2026-07-13,IT,1uZVxckdGGKhFMpCnupXmP,Los Pleneros de la Cresta,1,81712,0.003262602,62
2026-07-13,IT,7krakxeyEmge6pzTthKNyg,The Bausa,1,78382,0.003129641,63
2026-07-13,IT,2LRoIwlKmHjgvigdNGBHNo,Feid,1,75384,0.003009937,64
2026-07-13,IT,6RWMnZmXs8Ob715qLr4374,Aissa,1,74974,0.002993567,65
2026-07-13,IT,3g9MKjIP9xrMTY5Pbwr6Nk,Kreamly,1,74974,0.002993567,65
2026-07-13,IT,2CCgb0KApjfQDuTppovpf8,Rvfv,1,74974,0.002993567,65
2026-07-13,IT,01XCyobLTxOrswogL7YNIu,Dibla,1,74720,0.002983425,66
2026-07-13,IT,2R21vXR83lH98kGeO99Y66,Anuel AA,1,73520,0.002935511,67
2026-07-13,IT,44DWomjW1oDuxIoBIRpmQ4,Rhove,1,67971,0.00271395,68
2026-07-13,IT,3DeOmVSmpv7WknXoo1OS8p,Alleh,1,67468,0.002693867,69
2026-07-13,IT,4eq1q0o9XPyNq9RG3fNDD1,Yorghaki,1,67468,0.002693867,69
2026-07-13,IT,2sil8z5kiy4r76CRTXxBCA,The Goo Goo Dolls,1,67280,0.00268636,70
2026-07-13,IT,6JhUHne9H09NdkTI5E9GSt,Dardust,1,66910,0.002671587,71
2026-07-13,IT,6USv9qhCn6zfxlBQIYJ9qs,Dominic Fike,1,66742,0.002664879,72
2026-07-13,IT,1HBjj22wzbscIZ9sEb5dyf,Jonas Blue,1,65926,0.002632297,73
2026-07-13,IT,5JsnFhU4OqgEtNXs7Sq1Vm,Malive,1,65926,0.002632297,73
2026-07-13,IT,72A0Z8q8NiochyK9gUHpCR,The Kolors,1,65720,0.002624072,74
2026-07-13,IT,5rRcnWrevHgbuWjl7Lhft7,Merk & Kremont,1,65720,0.002624072,74
2026-07-13,IT,790FomKkXshlbRYZFtlgla,KAROL G,1,64985,0.002594725,75
2026-07-13,IT,10exVja0key0uqUkk6LJRT,Vance Joy,1,63503,0.002535552,76
2026-07-13,IT,5p9HO3XC5P3BLxJs5Mtrhm,Djo,1,63434,0.002532797,77
2026-07-13,IT,5Otk4eRecMMbC5YR4Iliou,Le-one,1,63085,0.002518862,78
2026-07-13,IT,5H1nN1SzW0qNeUEZvuXjAj,Danny Ocean,1,60794,0.002427387,79
2026-07-13,IT,2DlGxzQSjYe5N6G9nkYghR,Jennifer Lopez,1,60100,0.002399677,80
2026-07-13,IT,0TnOYISbd1XYRBk9myaseg,Pitbull,1,60100,0.002399677,80
2026-07-13,IT,0harR1ApYeMN6GOLBNMiUR,Eddie Brock,1,59665,0.002382308,81
2026-07-13,IT,7F2utINZ6tSokSiZTQBE27,Guè,1,58896,0.002351603,82
2026-07-13,IT,6HabM2PUM519iIxervGWSb,Prospa,1,58881,0.002351004,83
2026-07-13,IT,7MdlXmq2HViAJWo9cf30sR,Cloonee,1,58881,0.002351004,83
2026-07-13,IT,1EbIfIjVcauDatNO4vagL1,Sybil,1,58881,0.002351004,83
2026-07-13,IT,4e0nWw2r4BoQSKPQ2zpU13,Ray Dalton,1,58451,0.002333835,84
2026-07-13,IT,5BcAKTbp20cv7tC5VqPFoC,Macklemore & Ryan Lewis,1,58451,0.002333835,84
2026-07-13,IT,5mZJerulcERBZV7xnhrVp1,Ryan Lewis,1,58451,0.002333835,84
2026-07-13,IT,3JhNCzhSMTxs9WLGJJxWOY,Macklemore,1,58451,0.002333835,84
2026-07-13,IT,2eFv7NVs8R6Go7msuqikeg,Pino Daniele,1,58047,0.002317704,85
2026-07-13,IT,05brE7yGJDmIYlMirfSi0B,Federica Abbate,1,58046,0.002317664,86
2026-07-13,IT,7cdIY4mDfM1dbjgl7s2fGR,Sal Da Vinci,1,57119,0.002280651,87
2026-07-13,IT,5NGO30tJxFlKixkPSgXcFE,The Police,1,56842,0.002269591,88
2026-07-13,IT,7h1amg0X7Q5d0D5KfuyKTg,Pyrex,1,56255,0.002246153,89
2026-07-13,IT,2oQX8QiMXOyuqbcZEFsZfm,El Alfa,1,56048,0.002237888,90
2026-07-13,IT,1yq9UuPp5DIb5w6eswGbKV,Adriano Celentano,1,55677,0.002223075,91
2026-07-13,IT,2i04Yoaa4wV8J75w8aPX1G,Kano Choir,1,54640,0.002181669,92
2026-07-13,IT,0fTSzq9jAh4c36UVb4V7CB,Alex Warren,1,54363,0.002170609,93
2026-07-13,IT,0du5cEVh5yTK9QJze8zA0C,Bruno Mars,1,53585,0.002139545,94
2026-07-13,IT,3wDn3kW2zDRLnaQAnX0S3x,Dat Boi Dee,1,53415,0.002132757,95
2026-07-13,IT,2cy1zPcrFcXAJTP0APWewL,Gente De Zona,1,52979,0.002115349,96
2026-07-13,IT,4wLXwxDeWQ8mtUIRPxGiD6,Marc Anthony,1,52979,0.002115349,96
2026-07-13,IT,2dAKW1tsAariQ0Ta2gqp8N,Gow Tribe,1,52757,0.002106485,97
2026-07-13,IT,6hkKbkZGvAXuvle2FhCnxy,Shablo,1,52493,0.002095944,98
2026-07-13,IT,2PEMswqQspTSsAltdeF5kO,Simba La Rue,1,52257,0.002086521,99
2026-07-13,IT,7CvTknweLr9feJtRGrpDBy,FloyyMenor,1,52067,0.002078934,100
2026-07-13,IT,1Yj5Xey7kTwvZla8sqdsdE,Cris MJ,1,52067,0.002078934,100
2026-07-13,IT,7u710e44HW3K7A5eTnRqHC,Fabri Fibra,1,51828,0.002069392,101
2026-07-13,IT,1fctva4kpRbg2k3v7kwRuS,Rvssian,1,51148,0.002042241,102
2026-07-13,IT,3AVx3OBPIk4pJQllAXoVs1,Gaia,1,50999,0.002036291,103
2026-07-13,IT,5bv5RplEOwdCvhq0EILh9E,Lucenzo,1,50471,0.002015209,104
2026-07-13,IT,33ScadVnbm2X8kkUqOkC6Z,Don Omar,1,50471,0.002015209,104
2026-07-13,IT,5KKpBU5eC2tJDzf0wmlRp2,RAYE,1,50091,0.002000037,105
2026-07-13,IT,6YBgd2LKccEB3pX6UaW1Yp,Thegiornalisti,1,50006,0.001996643,106
2026-07-13,IT,08ppjXEpROUgrG1X0DEquB,Nerissima Serpe,1,49870,0.001991212,107
2026-07-13,IT,2pzFTbri7ew8mW2CbYpCNq,Astro,1,49870,0.001991212,107
2026-07-13,IT,7KFOc3T4Xo8DVZt4PWw2qN,Gazzelle,1,49763,0.00198694,108
2026-07-13,IT,7gjqZ8coFZimZDtdk04WP1,MACE,1,48971,0.001955317,109
2026-07-13,IT,1Xylc3o4UrD53lo9CvFvVg,Zara Larsson,1,48621,0.001941342,110
2026-07-13,IT,0lQtBhjEJpoOroQS6fbWMc,Aka 7even,1,48349,0.001930482,111
2026-07-13,IT,5FwDaIGy29GQC5d0MR7fKf,LDA,1,48349,0.001930482,111
2026-07-13,IT,7HtzacrJpksCiS6qHypb8l,Ditonellapiaga,1,48226,0.001925571,112
2026-07-13,IT,3o7fC2O4nraaicpID6bBZW,Elettra Lamborghini,1,48214,0.001925092,113
2026-07-13,IT,4G9NDjRyZFDlJKMRL8hx3S,sombr,1,48187,0.001924014,114
2026-07-13,IT,6jwzGu5VdkR5tsRROYuxso,DrefGold,1,48110,0.001920939,115
2026-07-13,IT,6XyY86QOPPrYVGvF9ch6wz,Linkin Park,1,47678,0.00190369,116
2026-07-13,IT,1AgAVqo74e2q4FVvg0xpT7,Tedua,1,47356,0.001890833,117
2026-07-13,IT,2nftqfbLohpDYzY8VUlvbm,Benji & Fede,1,47283,0.001887919,118
2026-07-13,IT,7H8ZC8uHJMPZGLMApRRNIz,Ligabue,1,46785,0.001868034,119
2026-07-13,IT,6nVcHLIgY5pE2YCl8ubca1,JHAYCO,1,46349,0.001850626,120
2026-07-13,IT,4gzpq5DPGxSnKTe4SA8HAU,Coldplay,1,46260,0.001847072,121
2026-07-13,IT,0QrUbsrL5imqntAfDl8i7q,Fred De Palma,2,249006,0.009942327,18
2026-07-13,IT,7108jelN43seqWILMvJwKi,Serena Brancale,2,236151,0.009429052,19
2026-07-13,IT,38CThoTDmXugNnfonW466d,Jiz,2,222973,0.00890288,21
2026-07-13,IT,6RdcIWVKYYzNzjQRd3oyHS,Pinguini Tattici Nucleari,2,207281,0.008276329,23
2026-07-13,IT,5PlfkPxwCpRRWQJBxCa0By,HUGEL,2,194093,0.007749757,26
2026-07-13,IT,1A6HBLulvBFzNtlMb7b08f,Angelina Mango,2,187707,0.007494777,29
2026-07-13,IT,3HAwumPgGOSXlZSyGWuLhB,Sayf,2,184417,0.007363413,30
2026-07-13,IT,2DaxqgrOhkeH0fpeiQq2f4,Oasis,2,174782,0.006978707,31
2026-07-13,IT,52iwsT98xCoGgiGntTiR7K,Quevedo,2,171016,0.006828338,32
2026-07-13,IT,1vgQksyJ0IVz8y9XerEOy3,Madame,2,170240,0.006797353,34
2026-07-13,IT,6HQ27YefiitrZ9YsWrgRHX,Fresh Beatz,2,156293,0.006240477,35
2026-07-13,IT,26toJml6wSdf58ZgNG0ci9,Dipinto,2,156293,0.006240477,35
2026-07-13,IT,7GacyaFUp0qkEJglERX9N7,Alfa,2,153576,0.006131992,36
2026-07-13,IT,47z0zz9ZMCn9GBiPRTn5Bc,Tommaso Paradiso,2,145853,0.005823628,37
2026-07-13,IT,3fMbdgg4jU18AjLCKBhRSm,Michael Jackson,2,144860,0.005783979,38
2026-07-13,IT,3yiEJ9SByXZMXTwaKdVFN4,Luchè,2,143905,0.005745848,39
2026-07-13,IT,1QeqGmpgU5Yg74GNcjIIq3,Fulminacci,2,143708,0.005737982,40
2026-07-13,IT,1eBPcZCSWh1EAv0aOXusye,Higashi,2,134190,0.005357947,42
2026-07-13,IT,0gzwXezN4IUHAwLufA6YcX,Emma,2,129470,0.005169486,44
2026-07-13,IT,2aiM1OfMODFLUXaQgEVPK1,Roberto Ferrante,2,127153,0.005076973,45
2026-07-13,IT,1UjxAZqzphB1tsMb1aWBj0,Omega,2,127153,0.005076973,45
2026-07-13,IT,76UCIJTB0jcJvBaL0CdIqx,Takagi & Ketra,2,119772,0.004782264,49
2026-07-13,IT,0EqkKYDK9EkKY5N7zU3FPv,Annalisa,2,117457,0.00468983,51
2026-07-13,IT,6bMul6rmRS03x38tWKYifO,883,2,117203,0.004679689,52
2026-07-13,IT,6FcVd3KlRxozcLl19FMXu9,Max Pezzali,2,109964,0.004390649,53
2026-07-13,IT,7GgpsUpkj3olseoaTY7TEY,Elodie,2,108256,0.004322452,55
2026-07-13,IT,2QJ1AReDewmz4fcRhGxW6Y,Vito Salamanca,3,429513,0.017149622,10
2026-07-13,IT,2n0Ki4A5tKTEloq3WCt1IH,Samurai Jay,3,429513,0.017149622,10
2026-07-13,IT,51OKuyM4BiiYxFm8Mi6fa9,Mauvais djo,3,266553,0.010642945,16
2026-07-13,IT,5AZuEF0feCXMkUCwQiQlW7,Marracash,3,224691,0.008971476,20
2026-07-13,IT,5dXlc7MnpaTeUIsHLVe3n4,Coez,3,217762,0.008694815,22
2026-07-13,IT,396Jr76018oUMR6QBnqT8T,Cesare Cremonini,3,194568,0.007768723,25
2026-07-13,IT,3fhMfkPPzksWuw0hEm4ldm,Ernia,3,192487,0.007685633,27
2026-07-13,IT,7FeObngbQ0GY3SojNwKdKn,Bresh,4,392803,0.015683863,11
2026-07-13,IT,1l1A1U8VJM15W7zonFqKhg,Succo,4,346225,0.013824093,13
2026-07-13,IT,2ifTEcQqKSPwijIEcPHQ1R,Flatpearl,4,346225,0.013824093,13
2026-07-13,IT,1dlyjeDlgXalzt5oqbgWDs,G.Mineiro,4,346225,0.013824093,13
2026-07-13,IT,0lI3rF4hi4op6UxqlLHPzv,Achille Lauro,4,293787,0.011730346,14
2026-07-13,IT,5SulO4l40qDuV9zUGLZx7n,Capo Plaza,4,262733,0.01049042,17
2026-07-13,IT,3LvwPiJQJ0da0GurKMToV0,Baby Gang,5,276286,0.011031565,15
2026-07-13,IT,2R4kNOwHUUsuDYhKsESVbF,Artie 5ive,6,660124,0.026357472,6
2026-07-13,IT,0EUR8jz8L936AEbV2Spkca,Kid Yugi,6,352057,0.014056954,12
2026-07-13,IT,4q3ewBCX7sLwd24euuV69X,Bad Bunny,7,577879,0.023073589,7
2026-07-13,IT,25u1DN0MwQVSav4XoJS7hl,Olly,7,487096,0.019448799,9
2026-07-13,IT,4rj3KWaLAnuxgtMMkypZhf,Juli,8,576011,0.022999003,8
2026-07-13,IT,3hN3iJMbbBmqBSAMx5veDa,Ultimo,9,725549,0.028969766,5
2026-07-13,IT,2K5nCggbhSZ00YCYP5qkZS,Shiva,13,1057686,0.042231353,4
2026-07-13,IT,7K80yOTC0Id95gRaOxDG5u,ANNA,17,1592443,0.063583163,2
2026-07-13,IT,27LlKWxS3KXW7RRAxN5S8s,Geolier,19,1710901,0.068312962,1
2026-07-13,IT,23TFHmajVfBtlRx5MXqgoz,Sfera Ebbasta,19,1466342,0.058548195,3
2026-06-06,IT,6PsQc21YZU7WNfiODG69Qk,Tony Boy,1,320269,0.010952323,20
2026-06-06,IT,7FNnA9vBm6EKceENgCGRMb,Anitta,1,296883,0.010152586,23
2026-06-06,IT,6FtwCmLY6L1sqvjaQ2lV6G,Emis Killa,1,296883,0.010152586,23
2026-06-06,IT,5mTg1ztZByLRHsOEtwmT4G,Levante,1,267889,0.00916107,28
2026-06-06,IT,0BjRnUqiITQwjqGtTeoxUS,DELIA,1,267889,0.00916107,28
2026-06-06,IT,1cKyknhftNKXCjMBd2hDrG,DYSTINCT,1,192151,0.006571038,35
2026-06-06,IT,51OKuyM4BiiYxFm8Mi6fa9,Mauvais djo,1,168458,0.005760802,38
2026-06-06,IT,1uNFoZAHBGtllmzznpCI3s,Justin Bieber,1,168386,0.00575834,39
2026-06-06,IT,0hCNtLu0JehylgoiP8L4Gh,Nicki Minaj,1,168386,0.00575834,39
2026-06-06,IT,5uwa6tAMMfNbBFIHiI6NV4,W Sound,1,162945,0.005572273,40
2026-06-06,IT,3m5qlPf2OkihLz3dRYnkPA,Ovy On The Drums,1,162945,0.005572273,40
2026-06-06,IT,7a0XAaPaK2aDSqa8p3QnC7,Beéle,1,162945,0.005572273,40
2026-06-06,IT,4p5WgeiPSPpqPDs7T6OkWf,ANOTR,1,152817,0.005225923,43
2026-06-06,IT,6X5L6rmyvrWWu60Gx6exiZ,54 Ultra,1,152817,0.005225923,43
2026-06-06,IT,6HQ27YefiitrZ9YsWrgRHX,Fresh Beatz,1,139141,0.004758241,46
2026-06-06,IT,26toJml6wSdf58ZgNG0ci9,Dipinto,1,139141,0.004758241,46
2026-06-06,IT,7tmMPdOmFvdRvbj2aWoiRi,Jovanotti,1,133349,0.004560171,47
2026-06-06,IT,01XCyobLTxOrswogL7YNIu,Dibla,1,126546,0.004327527,48
2026-06-06,IT,1vgQksyJ0IVz8y9XerEOy3,Madame,1,124524,0.00425838,49
2026-06-06,IT,2DlGxzQSjYe5N6G9nkYghR,Jennifer Lopez,1,108013,0.003693749,51
2026-06-06,IT,0TnOYISbd1XYRBk9myaseg,Pitbull,1,108013,0.003693749,51
2026-06-06,IT,5mHUmlJWkcoOk1NbjfrXWz,Temper City,1,104232,0.003564449,52
2026-06-06,IT,0F3tUZeb9dLNEpxCpzEBQt,SOLTO (FR),1,98616,0.003372397,53
2026-06-06,IT,5PlfkPxwCpRRWQJBxCa0By,HUGEL,1,98616,0.003372397,53
2026-06-06,IT,44DWomjW1oDuxIoBIRpmQ4,Rhove,1,97621,0.003338371,54
2026-06-06,IT,6USv9qhCn6zfxlBQIYJ9qs,Dominic Fike,1,97603,0.003337755,55
2026-06-06,IT,1uZVxckdGGKhFMpCnupXmP,Los Pleneros de la Cresta,1,96298,0.003293128,56
2026-06-06,IT,5FwDaIGy29GQC5d0MR7fKf,LDA,1,91744,0.003137394,57
2026-06-06,IT,0lQtBhjEJpoOroQS6fbWMc,Aka 7even,1,91744,0.003137394,57
2026-06-06,IT,2R21vXR83lH98kGeO99Y66,Anuel AA,1,88450,0.003024748,58
2026-06-06,IT,5H1nN1SzW0qNeUEZvuXjAj,Danny Ocean,1,87873,0.003005016,59
2026-06-06,IT,7HtzacrJpksCiS6qHypb8l,Ditonellapiaga,1,85929,0.002938537,60
2026-06-06,IT,1c22GXH30ijlOfXhfLz9Df,Elvis Crespo,1,85510,0.002924208,61
2026-06-06,IT,2iK8weavvfS2xJCmzNzNE5,J-AX,1,84000,0.00287257,62
2026-06-06,IT,5p9HO3XC5P3BLxJs5Mtrhm,Djo,1,82350,0.002816145,63
2026-06-06,IT,3DeOmVSmpv7WknXoo1OS8p,Alleh,1,81853,0.002799149,64
2026-06-06,IT,4eq1q0o9XPyNq9RG3fNDD1,Yorghaki,1,81853,0.002799149,64
2026-06-06,IT,790FomKkXshlbRYZFtlgla,KAROL G,1,81491,0.002786769,65
2026-06-06,IT,05brE7yGJDmIYlMirfSi0B,Federica Abbate,1,80431,0.00275052,66
2026-06-06,IT,1HBjj22wzbscIZ9sEb5dyf,Jonas Blue,1,74695,0.002554364,67
2026-06-06,IT,5JsnFhU4OqgEtNXs7Sq1Vm,Malive,1,74695,0.002554364,67
2026-06-06,IT,2oQX8QiMXOyuqbcZEFsZfm,El Alfa,1,74424,0.002545097,68
2026-06-06,IT,1A6HBLulvBFzNtlMb7b08f,Angelina Mango,1,72681,0.002485491,69
2026-06-06,IT,7h1amg0X7Q5d0D5KfuyKTg,Pyrex,1,72616,0.002483268,70
2026-06-06,IT,5iot8OPcosJN9nCl7I5SdK,Irama,1,72075,0.002464768,71
2026-06-06,IT,0RMJOzHDhAKY1o2j0W0vxY,EJAE,1,71585,0.002448011,72
2026-06-06,IT,0Wwji82sLA0Hcvtuak3omb,AUDREY NUNA,1,71585,0.002448011,72
2026-06-06,IT,6U1dV7aL68N7Gb0Naq34V5,REI AMI,1,71585,0.002448011,72
2026-06-06,IT,2yNNYQBChuox9A5Ka93BIn,HUNTR/X,1,71585,0.002448011,72
2026-06-06,IT,7mW7Tv7NvywKKXqafZo0Lc,KPop Demon Hunters Cast,1,71585,0.002448011,72
2026-06-06,IT,30fnIb0InCgAp2IPY17nqd,RRARI DAL TACCO,1,71307,0.002438504,73
2026-06-06,IT,1eBPcZCSWh1EAv0aOXusye,Higashi,1,69963,0.002392543,74
2026-06-06,IT,5KKpBU5eC2tJDzf0wmlRp2,RAYE,1,68611,0.002346308,75
2026-06-06,IT,66CXWjxzNUsdJxJ2JdwvnR,Ariana Grande,1,68600,0.002345932,76
2026-06-06,IT,2dAKW1tsAariQ0Ta2gqp8N,Gow Tribe,1,67943,0.002323465,77
2026-06-06,IT,1Xylc3o4UrD53lo9CvFvVg,Zara Larsson,1,67858,0.002320558,78
2026-06-06,IT,2sil8z5kiy4r76CRTXxBCA,The Goo Goo Dolls,1,67657,0.002313684,79
2026-06-06,IT,4wLXwxDeWQ8mtUIRPxGiD6,Marc Anthony,1,65792,0.002249906,80
2026-06-06,IT,2cy1zPcrFcXAJTP0APWewL,Gente De Zona,1,65792,0.002249906,80
2026-06-06,IT,7CvTknweLr9feJtRGrpDBy,FloyyMenor,1,65789,0.002249804,81
2026-06-06,IT,1Yj5Xey7kTwvZla8sqdsdE,Cris MJ,1,65789,0.002249804,81
2026-06-06,IT,5bv5RplEOwdCvhq0EILh9E,Lucenzo,1,65005,0.002222993,82
2026-06-06,IT,33ScadVnbm2X8kkUqOkC6Z,Don Omar,1,65005,0.002222993,82
2026-06-06,IT,7krakxeyEmge6pzTthKNyg,The Bausa,1,64838,0.002217282,83
2026-06-06,IT,07yfI2D37Ir0pGQ8huDd4j,TonyPitony,1,63748,0.002180007,84
2026-06-06,IT,10exVja0key0uqUkk6LJRT,Vance Joy,1,63574,0.002174057,85
2026-06-06,IT,7gjqZ8coFZimZDtdk04WP1,MACE,1,63274,0.002163798,86
2026-06-06,IT,5mZJerulcERBZV7xnhrVp1,Ryan Lewis,1,63250,0.002162977,87
2026-06-06,IT,5BcAKTbp20cv7tC5VqPFoC,Macklemore & Ryan Lewis,1,63250,0.002162977,87
2026-06-06,IT,3JhNCzhSMTxs9WLGJJxWOY,Macklemore,1,63250,0.002162977,87
2026-06-06,IT,4e0nWw2r4BoQSKPQ2zpU13,Ray Dalton,1,63250,0.002162977,87
2026-06-06,IT,6nVcHLIgY5pE2YCl8ubca1,JHAYCO,1,63012,0.002154838,88
2026-06-06,IT,2mUoO8KgRQOOzR0VoUWoEV,Latrelle,1,62870,0.002149982,89
2026-06-06,IT,056KMTw6IztdQjBmFfVyO3,Rkomi,1,62543,0.002138799,90
2026-06-06,IT,6bMul6rmRS03x38tWKYifO,883,1,62384,0.002133362,91
2026-06-06,IT,716NhGYqD1jl2wI1Qkgq36,Bizarrap,1,62189,0.002126694,92
2026-06-06,IT,5NGO30tJxFlKixkPSgXcFE,The Police,1,61580,0.002105867,93
2026-06-06,IT,2tOGpIgNsnDk6BxqFU2vCX,Il Ghost,1,60929,0.002083605,94
2026-06-06,IT,6YBgd2LKccEB3pX6UaW1Yp,Thegiornalisti,1,60734,0.002076937,95
2026-06-06,IT,2nftqfbLohpDYzY8VUlvbm,Benji & Fede,1,59977,0.002051049,96
2026-06-06,IT,11TplWqOPQBTmg2eiSLt1m,Tiziano Ferro,1,59470,0.002033711,97
2026-06-06,IT,0r310cYIlI5aMcuDTChNlO,Loretta Goggi,1,58798,0.002010731,98
2026-06-06,IT,3AVx3OBPIk4pJQllAXoVs1,Gaia,1,58786,0.00201032,99
2026-06-06,IT,6HabM2PUM519iIxervGWSb,Prospa,1,57500,0.001966343,100
2026-06-06,IT,7MdlXmq2HViAJWo9cf30sR,Cloonee,1,57500,0.001966343,100
2026-06-06,IT,6wH6iStAh4KIaWfuhf0NYM,Manu Chao,1,57316,0.00196005,101
2026-06-06,IT,08ppjXEpROUgrG1X0DEquB,Nerissima Serpe,1,57054,0.001951091,102
2026-06-06,IT,5INjqkS1o8h1imAzPqGZBb,Tame Impala,1,56685,0.001938472,103
2026-06-06,IT,250b0Wlc5Vk0CoUsaCY84M,JENNIE,1,56685,0.001938472,103
2026-06-06,IT,1vyhD5VmyZ7KMfW5gqLgo5,J Balvin,1,56640,0.001936933,104
2026-06-06,IT,4G9NDjRyZFDlJKMRL8hx3S,sombr,1,56355,0.001927187,105
2026-06-06,IT,0Yg29FX1M4ayqjXs0ttZFq,Young Cister,1,56046,0.00191662,106
2026-06-06,IT,2CCgb0KApjfQDuTppovpf8,Rvfv,1,55977,0.00191426,107
2026-06-06,IT,6RWMnZmXs8Ob715qLr4374,Aissa,1,55977,0.00191426,107
2026-06-06,IT,7KFOc3T4Xo8DVZt4PWw2qN,Gazzelle,1,55899,0.001911593,108
2026-06-06,IT,5Cb508kGFzNJvPDsu9KgP2,Whizy,1,55799,0.001908173,109
2026-06-06,IT,0G8zq8IrKIR5at4Lsq2XmV,DDM 80146,1,55799,0.001908173,109
2026-06-06,IT,7zPS3i8YJBNeDcqXUHfCMr,AVA,1,55537,0.001899213,110
2026-06-06,IT,5l4nhyz8876RhgE2d18h65,Vasco Rossi,1,55430,0.001895554,111
2026-06-06,IT,3Isy6kedDrgPYoTS1dazA9,Sean Paul,1,55421,0.001895246,112
2026-06-06,IT,1vfezMIyCr4XUdYRaKIKi3,Keyshia Cole,1,55421,0.001895246,112
2026-06-06,IT,0fTSzq9jAh4c36UVb4V7CB,Alex Warren,1,55265,0.001889912,113
2026-06-06,IT,7H8ZC8uHJMPZGLMApRRNIz,Ligabue,1,55112,0.00188468,114
2026-06-06,IT,4gzpq5DPGxSnKTe4SA8HAU,Coldplay,1,54889,0.001877054,115
2026-06-06,IT,5RTLRtXjbXI2lSXc6jxlAz,Ravyn Lenae,1,54642,0.001868607,116
2026-06-06,IT,6FcVd3KlRxozcLl19FMXu9,Max Pezzali,1,54135,0.001851269,117
2026-06-06,IT,22wbnEMDvgVIAGdFeek6ET,Benson Boone,1,54132,0.001851166,118
2026-06-06,IT,1McMsnEElThX1knmY4oliG,Olivia Rodrigo,1,53921,0.001843951,119
2026-06-06,IT,5YV5crRpcdknHgEzystZHr,SHUNE,1,53885,0.001842719,120
2026-06-06,IT,0EmeFodog0BfCgMzAIvKQp,Shakira,1,53018,0.00181307,121
2026-06-06,IT,7aBzpmFXB4WWpPl2F7RjBe,Wyclef Jean,1,53018,0.00181307,121
2026-06-06,IT,13jvLDXME7yplEwCweRivE,Tutti Fenomeni,1,52732,0.00180329,122
2026-06-06,IT,3o7fC2O4nraaicpID6bBZW,Elettra Lamborghini,1,52395,0.001791766,123
2026-06-06,IT,1i8SpTcr7yvPOmcqrbnVXY,Ozuna,1,52141,0.001783079,124
2026-06-06,IT,6JhUHne9H09NdkTI5E9GSt,Dardust,1,52062,0.001780378,125
2026-06-06,IT,72A0Z8q8NiochyK9gUHpCR,The Kolors,1,51568,0.001763484,126
2026-06-06,IT,0QrUbsrL5imqntAfDl8i7q,Fred De Palma,2,359387,0.012290051,15
2026-06-06,IT,38CThoTDmXugNnfonW466d,Jiz,2,336821,0.011518356,17
2026-06-06,IT,7108jelN43seqWILMvJwKi,Serena Brancale,2,319292,0.010918912,21
2026-06-06,IT,3hN3iJMbbBmqBSAMx5veDa,Ultimo,2,270226,0.009240989,27
2026-06-06,IT,0jdNdfi4vAuVi7a6cPDFBM,Lazza,2,206695,0.007068403,33
2026-06-06,IT,47z0zz9ZMCn9GBiPRTn5Bc,Tommaso Paradiso,2,198920,0.006802519,34
2026-06-06,IT,1QeqGmpgU5Yg74GNcjIIq3,Fulminacci,2,174067,0.005952615,36
2026-06-06,IT,0gzwXezN4IUHAwLufA6YcX,Emma,2,173990,0.005949982,37
2026-06-06,IT,7cdIY4mDfM1dbjgl7s2fGR,Sal Da Vinci,2,155543,0.005319145,41
2026-06-06,IT,0EqkKYDK9EkKY5N7zU3FPv,Annalisa,2,155357,0.005312784,42
2026-06-06,IT,52iwsT98xCoGgiGntTiR7K,Quevedo,2,147699,0.005050901,44
2026-06-06,IT,2aiM1OfMODFLUXaQgEVPK1,Roberto Ferrante,2,144387,0.00493764,45
2026-06-06,IT,1UjxAZqzphB1tsMb1aWBj0,Omega,2,144387,0.00493764,45
2026-06-06,IT,3g9MKjIP9xrMTY5Pbwr6Nk,Kreamly,2,112023,0.00383088,50
2026-06-06,IT,1l1A1U8VJM15W7zonFqKhg,Succo,3,393142,0.01344438,14
2026-06-06,IT,2ifTEcQqKSPwijIEcPHQ1R,Flatpearl,3,393142,0.01344438,14
2026-06-06,IT,1dlyjeDlgXalzt5oqbgWDs,G.Mineiro,3,393142,0.01344438,14
2026-06-06,IT,6RdcIWVKYYzNzjQRd3oyHS,Pinguini Tattici Nucleari,3,297672,0.010179567,22
2026-06-06,IT,5AZuEF0feCXMkUCwQiQlW7,Marracash,3,257911,0.00881985,30
2026-06-06,IT,7GacyaFUp0qkEJglERX9N7,Alfa,3,245728,0.008403225,31
2026-06-06,IT,5dXlc7MnpaTeUIsHLVe3n4,Coez,3,244222,0.008351724,32
2026-06-06,IT,2QJ1AReDewmz4fcRhGxW6Y,Vito Salamanca,4,634179,0.021687186,8
2026-06-06,IT,2n0Ki4A5tKTEloq3WCt1IH,Samurai Jay,4,634179,0.021687186,8
2026-06-06,IT,3HAwumPgGOSXlZSyGWuLhB,Sayf,4,335908,0.011487134,18
2026-06-06,IT,3yiEJ9SByXZMXTwaKdVFN4,Luchè,4,326505,0.011165577,19
2026-06-06,IT,3fhMfkPPzksWuw0hEm4ldm,Ernia,4,289221,0.009890566,24
2026-06-06,IT,396Jr76018oUMR6QBnqT8T,Cesare Cremonini,4,288466,0.009864747,25
2026-06-06,IT,1AgAVqo74e2q4FVvg0xpT7,Tedua,4,276516,0.00945609,26
2026-06-06,IT,3LvwPiJQJ0da0GurKMToV0,Baby Gang,4,267820,0.009158711,29
2026-06-06,IT,2R4kNOwHUUsuDYhKsESVbF,Artie 5ive,5,872144,0.029824937,5
2026-06-06,IT,25u1DN0MwQVSav4XoJS7hl,Olly,5,444851,0.015212686,12
2026-06-06,IT,3fMbdgg4jU18AjLCKBhRSm,Michael Jackson,5,428910,0.014667548,13
2026-06-06,IT,5SulO4l40qDuV9zUGLZx7n,Capo Plaza,5,358687,0.012266113,16
2026-06-06,IT,7K80yOTC0Id95gRaOxDG5u,ANNA,6,671683,0.02296972,7
2026-06-06,IT,4rj3KWaLAnuxgtMMkypZhf,Juli,6,569982,0.019491824,10
2026-06-06,IT,0lI3rF4hi4op6UxqlLHPzv,Achille Lauro,6,508332,0.017383563,11
2026-06-06,IT,7FeObngbQ0GY3SojNwKdKn,Bresh,8,741077,0.025342804,6
2026-06-06,IT,4q3ewBCX7sLwd24euuV69X,Bad Bunny,9,946624,0.032371949,4
2026-06-06,IT,0EUR8jz8L936AEbV2Spkca,Kid Yugi,9,618601,0.021154461,9
2026-06-06,IT,27LlKWxS3KXW7RRAxN5S8s,Geolier,12,1510525,0.051655819,2
2026-06-06,IT,23TFHmajVfBtlRx5MXqgoz,Sfera Ebbasta,12,1213568,0.041500703,3
2026-06-06,IT,2K5nCggbhSZ00YCYP5qkZS,Shiva,18,2012088,0.068807901,1
2026-06-14,IT,6FtwCmLY6L1sqvjaQ2lV6G,Emis Killa,1,254308,0.010122714,23
2026-06-14,IT,7FNnA9vBm6EKceENgCGRMb,Anitta,1,254308,0.010122714,23
2026-06-14,IT,5mTg1ztZByLRHsOEtwmT4G,Levante,1,221883,0.008832039,27
2026-06-14,IT,0BjRnUqiITQwjqGtTeoxUS,DELIA,1,221883,0.008832039,27
2026-06-14,IT,1cKyknhftNKXCjMBd2hDrG,DYSTINCT,1,195042,0.007763635,30
2026-06-14,IT,6PsQc21YZU7WNfiODG69Qk,Tony Boy,1,163450,0.006506117,35
2026-06-14,IT,6X5L6rmyvrWWu60Gx6exiZ,54 Ultra,1,147749,0.00588114,37
2026-06-14,IT,4p5WgeiPSPpqPDs7T6OkWf,ANOTR,1,147749,0.00588114,37
2026-06-14,IT,51OKuyM4BiiYxFm8Mi6fa9,Mauvais djo,1,144610,0.005756192,41
2026-06-14,IT,5uwa6tAMMfNbBFIHiI6NV4,W Sound,1,137064,0.005455824,42
2026-06-14,IT,3m5qlPf2OkihLz3dRYnkPA,Ovy On The Drums,1,137064,0.005455824,42
2026-06-14,IT,7a0XAaPaK2aDSqa8p3QnC7,Beéle,1,137064,0.005455824,42
2026-06-14,IT,1uNFoZAHBGtllmzznpCI3s,Justin Bieber,1,132831,0.00528733,44
2026-06-14,IT,0hCNtLu0JehylgoiP8L4Gh,Nicki Minaj,1,132831,0.00528733,44
2026-06-14,IT,7tmMPdOmFvdRvbj2aWoiRi,Jovanotti,1,118327,0.004709999,48
2026-06-14,IT,1vgQksyJ0IVz8y9XerEOy3,Madame,1,102731,0.004089201,50
2026-06-14,IT,6HQ27YefiitrZ9YsWrgRHX,Fresh Beatz,1,102182,0.004067348,52
2026-06-14,IT,26toJml6wSdf58ZgNG0ci9,Dipinto,1,102182,0.004067348,52
2026-06-14,IT,01XCyobLTxOrswogL7YNIu,Dibla,1,99635,0.003965965,54
2026-06-14,IT,5PlfkPxwCpRRWQJBxCa0By,HUGEL,1,94778,0.003772632,55
2026-06-14,IT,0F3tUZeb9dLNEpxCpzEBQt,SOLTO (FR),1,94778,0.003772632,55
2026-06-14,IT,44DWomjW1oDuxIoBIRpmQ4,Rhove,1,92575,0.003684942,57
2026-06-14,IT,5mHUmlJWkcoOk1NbjfrXWz,Temper City,1,91417,0.003638848,58
2026-06-14,IT,4Xsf5hhfIyhTgiVymlPLA7,22simba,1,88829,0.003535833,59
2026-06-14,IT,7F2utINZ6tSokSiZTQBE27,Guè,1,88829,0.003535833,59
2026-06-14,IT,3xGlLcG9CUrs5MvFkSLOS5,Marco Mengoni,1,84983,0.003382743,60
2026-06-14,IT,2LRoIwlKmHjgvigdNGBHNo,Feid,1,83453,0.003321842,61
2026-06-14,IT,2R21vXR83lH98kGeO99Y66,Anuel AA,1,82136,0.003269418,62
2026-06-14,IT,1uZVxckdGGKhFMpCnupXmP,Los Pleneros de la Cresta,1,80273,0.003195262,63
2026-06-14,IT,6USv9qhCn6zfxlBQIYJ9qs,Dominic Fike,1,78845,0.00313842,64
2026-06-14,IT,0TnOYISbd1XYRBk9myaseg,Pitbull,1,78060,0.003107173,65
2026-06-14,IT,2DlGxzQSjYe5N6G9nkYghR,Jennifer Lopez,1,78060,0.003107173,65
2026-06-14,IT,72A0Z8q8NiochyK9gUHpCR,The Kolors,1,78019,0.003105541,66
2026-06-14,IT,5rRcnWrevHgbuWjl7Lhft7,Merk & Kremont,1,78019,0.003105541,66
2026-06-14,IT,1c22GXH30ijlOfXhfLz9Df,Elvis Crespo,1,77670,0.00309165,67
2026-06-14,IT,790FomKkXshlbRYZFtlgla,KAROL G,1,72816,0.002898436,68
2026-06-14,IT,5iot8OPcosJN9nCl7I5SdK,Irama,1,72483,0.002885181,69
2026-06-14,IT,7HtzacrJpksCiS6qHypb8l,Ditonellapiaga,1,68349,0.002720628,70
2026-06-14,IT,5p9HO3XC5P3BLxJs5Mtrhm,Djo,1,66725,0.002655985,71
2026-06-14,IT,4eq1q0o9XPyNq9RG3fNDD1,Yorghaki,1,65877,0.00262223,72
2026-06-14,IT,3DeOmVSmpv7WknXoo1OS8p,Alleh,1,65877,0.00262223,72
2026-06-14,IT,1AgAVqo74e2q4FVvg0xpT7,Tedua,1,64825,0.002580355,73
2026-06-14,IT,0lQtBhjEJpoOroQS6fbWMc,Aka 7even,1,64353,0.002561567,74
2026-06-14,IT,5FwDaIGy29GQC5d0MR7fKf,LDA,1,64353,0.002561567,74
2026-06-14,IT,5JsnFhU4OqgEtNXs7Sq1Vm,Malive,1,64198,0.002555397,75
2026-06-14,IT,1HBjj22wzbscIZ9sEb5dyf,Jonas Blue,1,64198,0.002555397,75
2026-06-14,IT,2oQX8QiMXOyuqbcZEFsZfm,El Alfa,1,63314,0.00252021,76
2026-06-14,IT,05brE7yGJDmIYlMirfSi0B,Federica Abbate,1,63181,0.002514916,77
2026-06-14,IT,0EmeFodog0BfCgMzAIvKQp,Shakira,1,62837,0.002501223,78
2026-06-14,IT,3wcj11K77LjEY1PkEazffa,Burna Boy,1,62837,0.002501223,78
2026-06-14,IT,2iK8weavvfS2xJCmzNzNE5,J-AX,1,62202,0.002475947,79
2026-06-14,IT,5H1nN1SzW0qNeUEZvuXjAj,Danny Ocean,1,61693,0.002455686,80
2026-06-14,IT,1eBPcZCSWh1EAv0aOXusye,Higashi,1,61443,0.002445735,81
2026-06-14,IT,6RWMnZmXs8Ob715qLr4374,Aissa,1,59835,0.002381728,82
2026-06-14,IT,2CCgb0KApjfQDuTppovpf8,Rvfv,1,59835,0.002381728,82
2026-06-14,IT,3g9MKjIP9xrMTY5Pbwr6Nk,Kreamly,1,59835,0.002381728,82
2026-06-14,IT,2dAKW1tsAariQ0Ta2gqp8N,Gow Tribe,1,59713,0.002376872,83
2026-06-14,IT,7krakxeyEmge6pzTthKNyg,The Bausa,1,59510,0.002368792,84
2026-06-14,IT,10exVja0key0uqUkk6LJRT,Vance Joy,1,59406,0.002364652,85
2026-06-14,IT,2tIP7SsRs7vjIcLrU85W8J,The Kid LAROI,1,59235,0.002357846,86
2026-06-14,IT,5bv5RplEOwdCvhq0EILh9E,Lucenzo,1,59067,0.002351158,87
2026-06-14,IT,33ScadVnbm2X8kkUqOkC6Z,Don Omar,1,59067,0.002351158,87
2026-06-14,IT,6wH6iStAh4KIaWfuhf0NYM,Manu Chao,1,58687,0.002336032,88
2026-06-14,IT,2pzFTbri7ew8mW2CbYpCNq,Astro,1,58084,0.00231203,89
2026-06-14,IT,08ppjXEpROUgrG1X0DEquB,Nerissima Serpe,1,58084,0.00231203,89
2026-06-14,IT,7gjqZ8coFZimZDtdk04WP1,MACE,1,57440,0.002286396,90
2026-06-14,IT,5NGO30tJxFlKixkPSgXcFE,The Police,1,57095,0.002272663,91
2026-06-14,IT,2yNNYQBChuox9A5Ka93BIn,HUNTR/X,1,56863,0.002263428,92
2026-06-14,IT,0Wwji82sLA0Hcvtuak3omb,AUDREY NUNA,1,56863,0.002263428,92
2026-06-14,IT,7mW7Tv7NvywKKXqafZo0Lc,KPop Demon Hunters Cast,1,56863,0.002263428,92
2026-06-14,IT,0RMJOzHDhAKY1o2j0W0vxY,EJAE,1,56863,0.002263428,92
2026-06-14,IT,6U1dV7aL68N7Gb0Naq34V5,REI AMI,1,56863,0.002263428,92
2026-06-14,IT,2sil8z5kiy4r76CRTXxBCA,The Goo Goo Dolls,1,55651,0.002215185,93
2026-06-14,IT,0r310cYIlI5aMcuDTChNlO,Loretta Goggi,1,55315,0.00220181,94
2026-06-14,IT,5mZJerulcERBZV7xnhrVp1,Ryan Lewis,1,54762,0.002179798,95
2026-06-14,IT,5BcAKTbp20cv7tC5VqPFoC,Macklemore & Ryan Lewis,1,54762,0.002179798,95
2026-06-14,IT,3JhNCzhSMTxs9WLGJJxWOY,Macklemore,1,54762,0.002179798,95
2026-06-14,IT,4e0nWw2r4BoQSKPQ2zpU13,Ray Dalton,1,54762,0.002179798,95
2026-06-14,IT,7h1amg0X7Q5d0D5KfuyKTg,Pyrex,1,54666,0.002175977,96
2026-06-14,IT,5KKpBU5eC2tJDzf0wmlRp2,RAYE,1,53612,0.002134022,97
2026-06-14,IT,7CvTknweLr9feJtRGrpDBy,FloyyMenor,1,53166,0.002116269,98
2026-06-14,IT,1Yj5Xey7kTwvZla8sqdsdE,Cris MJ,1,53166,0.002116269,98
2026-06-14,IT,66CXWjxzNUsdJxJ2JdwvnR,Ariana Grande,1,52602,0.002093819,99
2026-06-14,IT,07yfI2D37Ir0pGQ8huDd4j,TonyPitony,1,52366,0.002084425,100
2026-06-14,IT,5l4nhyz8876RhgE2d18h65,Vasco Rossi,1,51867,0.002064563,101
2026-06-14,IT,7H8ZC8uHJMPZGLMApRRNIz,Ligabue,1,51726,0.00205895,102
2026-06-14,IT,6YBgd2LKccEB3pX6UaW1Yp,Thegiornalisti,1,51717,0.002058592,103
2026-06-14,IT,1fctva4kpRbg2k3v7kwRuS,Rvssian,1,51621,0.002054771,104
2026-06-14,IT,2cy1zPcrFcXAJTP0APWewL,Gente De Zona,1,50671,0.002016956,105
2026-06-14,IT,4wLXwxDeWQ8mtUIRPxGiD6,Marc Anthony,1,50671,0.002016956,105
2026-06-14,IT,6nVcHLIgY5pE2YCl8ubca1,JHAYCO,1,49586,0.001973768,106
2026-06-14,IT,7MdlXmq2HViAJWo9cf30sR,Cloonee,1,49293,0.001962105,107
2026-06-14,IT,6HabM2PUM519iIxervGWSb,Prospa,1,49293,0.001962105,107
2026-06-14,IT,6CKch2otN4SPznHf9ms5JF,Tony Effe,1,48936,0.001947894,108
2026-06-14,IT,6JhUHne9H09NdkTI5E9GSt,Dardust,1,48811,0.001942919,109
2026-06-14,IT,716NhGYqD1jl2wI1Qkgq36,Bizarrap,1,48467,0.001929226,110
2026-06-14,IT,2eFv7NVs8R6Go7msuqikeg,Pino Daniele,1,48451,0.001928589,111
2026-06-14,IT,2aya6KuqjXEhHBqYKsTPLs,Rose Villain,1,48142,0.001916289,112
2026-06-14,IT,1vyhD5VmyZ7KMfW5gqLgo5,J Balvin,1,47840,0.001904268,113
2026-06-14,IT,11TplWqOPQBTmg2eiSLt1m,Tiziano Ferro,1,47502,0.001890814,114
2026-06-14,IT,30fnIb0InCgAp2IPY17nqd,RRARI DAL TACCO,1,47270,0.001881579,115
2026-06-14,IT,056KMTw6IztdQjBmFfVyO3,Rkomi,1,46533,0.001852243,116
2026-06-14,IT,2jnjbAYKylrmBMCFZE0OCK,Poison Beatz,1,46497,0.00185081,117
2026-06-14,IT,1Xylc3o4UrD53lo9CvFvVg,Zara Larsson,1,46214,0.001839545,118
2026-06-14,IT,7KFOc3T4Xo8DVZt4PWw2qN,Gazzelle,1,46015,0.001831624,119
2026-06-14,IT,76UCIJTB0jcJvBaL0CdIqx,Takagi & Ketra,1,45750,0.001821076,120
2026-06-14,IT,3wDn3kW2zDRLnaQAnX0S3x,Dat Boi Dee,1,45750,0.001821076,120
2026-06-14,IT,4G9NDjRyZFDlJKMRL8hx3S,sombr,1,45039,0.001792775,121
2026-06-14,IT,0QrUbsrL5imqntAfDl8i7q,Fred De Palma,2,303145,0.012066668,16
2026-06-14,IT,38CThoTDmXugNnfonW466d,Jiz,2,295852,0.011776371,18
2026-06-14,IT,7GacyaFUp0qkEJglERX9N7,Alfa,2,177014,0.007046031,32
2026-06-14,IT,47z0zz9ZMCn9GBiPRTn5Bc,Tommaso Paradiso,2,167195,0.006655187,34
2026-06-14,IT,1QeqGmpgU5Yg74GNcjIIq3,Fulminacci,2,155238,0.006179239,36
2026-06-14,IT,1A6HBLulvBFzNtlMb7b08f,Angelina Mango,2,147409,0.005867606,38
2026-06-14,IT,0gzwXezN4IUHAwLufA6YcX,Emma,2,146397,0.005827324,39
2026-06-14,IT,0EqkKYDK9EkKY5N7zU3FPv,Annalisa,2,134843,0.005367417,43
2026-06-14,IT,52iwsT98xCoGgiGntTiR7K,Quevedo,2,126137,0.005020876,45
2026-06-14,IT,2aiM1OfMODFLUXaQgEVPK1,Roberto Ferrante,2,124757,0.004965945,46
2026-06-14,IT,1UjxAZqzphB1tsMb1aWBj0,Omega,2,124757,0.004965945,46
2026-06-14,IT,7cdIY4mDfM1dbjgl7s2fGR,Sal Da Vinci,2,124604,0.004959855,47
2026-06-14,IT,6bMul6rmRS03x38tWKYifO,883,2,113282,0.004509183,49
2026-06-14,IT,6FcVd3KlRxozcLl19FMXu9,Max Pezzali,2,102465,0.004078613,51
2026-06-14,IT,3AVx3OBPIk4pJQllAXoVs1,Gaia,2,99690,0.003968154,53
2026-06-14,IT,4ZbsxiS90Pj1gLeDv3A9mN,Lùnapop,2,93445,0.003719572,56
2026-06-14,IT,7108jelN43seqWILMvJwKi,Serena Brancale,3,345443,0.013750337,15
2026-06-14,IT,3hN3iJMbbBmqBSAMx5veDa,Ultimo,3,266224,0.01059703,19
2026-06-14,IT,3fMbdgg4jU18AjLCKBhRSm,Michael Jackson,3,250809,0.009983437,25
2026-06-14,IT,3HAwumPgGOSXlZSyGWuLhB,Sayf,3,236171,0.009400772,26
2026-06-14,IT,5dXlc7MnpaTeUIsHLVe3n4,Coez,3,218540,0.008698971,28
2026-06-14,IT,0jdNdfi4vAuVi7a6cPDFBM,Lazza,3,211554,0.008420894,29
2026-06-14,IT,5SulO4l40qDuV9zUGLZx7n,Capo Plaza,3,183297,0.007296126,31
2026-06-14,IT,3LvwPiJQJ0da0GurKMToV0,Baby Gang,3,173594,0.006909898,33
2026-06-14,IT,7GgpsUpkj3olseoaTY7TEY,Elodie,3,145737,0.005801052,40
2026-06-14,IT,2n0Ki4A5tKTEloq3WCt1IH,Samurai Jay,4,495777,0.019734373,9
2026-06-14,IT,2QJ1AReDewmz4fcRhGxW6Y,Vito Salamanca,4,495777,0.019734373,9
2026-06-14,IT,1dlyjeDlgXalzt5oqbgWDs,G.Mineiro,4,407330,0.016213746,13
2026-06-14,IT,2ifTEcQqKSPwijIEcPHQ1R,Flatpearl,4,407330,0.016213746,13
2026-06-14,IT,1l1A1U8VJM15W7zonFqKhg,Succo,4,407330,0.016213746,13
2026-06-14,IT,6RdcIWVKYYzNzjQRd3oyHS,Pinguini Tattici Nucleari,4,301369,0.011995974,17
2026-06-14,IT,1McMsnEElThX1knmY4oliG,Olivia Rodrigo,4,262342,0.010442507,20
2026-06-14,IT,3fhMfkPPzksWuw0hEm4ldm,Ernia,4,258016,0.010270311,21
2026-06-14,IT,5AZuEF0feCXMkUCwQiQlW7,Marracash,4,257979,0.010268838,22
2026-06-14,IT,3yiEJ9SByXZMXTwaKdVFN4,Luchè,4,253943,0.010108185,24
2026-06-14,IT,2R4kNOwHUUsuDYhKsESVbF,Artie 5ive,5,694619,0.027649266,5
2026-06-14,IT,7K80yOTC0Id95gRaOxDG5u,ANNA,5,493985,0.019663042,10
2026-06-14,IT,7FeObngbQ0GY3SojNwKdKn,Bresh,6,505858,0.020135646,8
2026-06-14,IT,25u1DN0MwQVSav4XoJS7hl,Olly,6,435336,0.017328523,11
2026-06-14,IT,396Jr76018oUMR6QBnqT8T,Cesare Cremonini,6,430779,0.017147132,12
2026-06-14,IT,0EUR8jz8L936AEbV2Spkca,Kid Yugi,6,365874,0.014563592,14
2026-06-14,IT,4rj3KWaLAnuxgtMMkypZhf,Juli,7,528791,0.021048493,6
2026-06-14,IT,0lI3rF4hi4op6UxqlLHPzv,Achille Lauro,7,521287,0.020749797,7
2026-06-14,IT,4q3ewBCX7sLwd24euuV69X,Bad Bunny,9,746957,0.029732577,4
2026-06-14,IT,23TFHmajVfBtlRx5MXqgoz,Sfera Ebbasta,13,1132340,0.045072724,3
2026-06-14,IT,27LlKWxS3KXW7RRAxN5S8s,Geolier,16,1432395,0.057016395,1
2026-06-14,IT,2K5nCggbhSZ00YCYP5qkZS,Shiva,16,1421858,0.05659697,2
2026-06-02,IT,6FtwCmLY6L1sqvjaQ2lV6G,Emis Killa,1,244653,0.010216353,24
2026-06-02,IT,7FNnA9vBm6EKceENgCGRMb,Anitta,1,244653,0.010216353,24
2026-06-02,IT,5mTg1ztZByLRHsOEtwmT4G,Levante,1,223964,0.009352411,29
2026-06-02,IT,7108jelN43seqWILMvJwKi,Serena Brancale,1,223964,0.009352411,29
2026-06-02,IT,0BjRnUqiITQwjqGtTeoxUS,DELIA,1,223964,0.009352411,29
2026-06-02,IT,1uNFoZAHBGtllmzznpCI3s,Justin Bieber,1,141088,0.005891629,35
2026-06-02,IT,0hCNtLu0JehylgoiP8L4Gh,Nicki Minaj,1,141088,0.005891629,35
2026-06-02,IT,5uwa6tAMMfNbBFIHiI6NV4,W Sound,1,128839,0.005380129,37
2026-06-02,IT,7a0XAaPaK2aDSqa8p3QnC7,Beéle,1,128839,0.005380129,37
2026-06-02,IT,3m5qlPf2OkihLz3dRYnkPA,Ovy On The Drums,1,128839,0.005380129,37
2026-06-02,IT,6HQ27YefiitrZ9YsWrgRHX,Fresh Beatz,1,127522,0.005325133,38
2026-06-02,IT,26toJml6wSdf58ZgNG0ci9,Dipinto,1,127522,0.005325133,38
2026-06-02,IT,51OKuyM4BiiYxFm8Mi6fa9,Mauvais djo,1,126110,0.00526617,39
2026-06-02,IT,4p5WgeiPSPpqPDs7T6OkWf,ANOTR,1,119625,0.004995366,41
2026-06-02,IT,6X5L6rmyvrWWu60Gx6exiZ,54 Ultra,1,119625,0.004995366,41
2026-06-02,IT,01XCyobLTxOrswogL7YNIu,Dibla,1,119129,0.004974654,42
2026-06-02,IT,7tmMPdOmFvdRvbj2aWoiRi,Jovanotti,1,108953,0.004549719,44
2026-06-02,IT,1dlyjeDlgXalzt5oqbgWDs,G.Mineiro,1,107791,0.004501195,45
2026-06-02,IT,1l1A1U8VJM15W7zonFqKhg,Succo,1,107791,0.004501195,45
2026-06-02,IT,2ifTEcQqKSPwijIEcPHQ1R,Flatpearl,1,107791,0.004501195,45
2026-06-02,IT,1vgQksyJ0IVz8y9XerEOy3,Madame,1,105731,0.004415173,47
2026-06-02,IT,5mHUmlJWkcoOk1NbjfrXWz,Temper City,1,95109,0.003971613,49
2026-06-02,IT,6USv9qhCn6zfxlBQIYJ9qs,Dominic Fike,1,92014,0.003842371,51
2026-06-02,IT,2DlGxzQSjYe5N6G9nkYghR,Jennifer Lopez,1,89635,0.003743027,52
2026-06-02,IT,0TnOYISbd1XYRBk9myaseg,Pitbull,1,89635,0.003743027,52
2026-06-02,IT,0lQtBhjEJpoOroQS6fbWMc,Aka 7even,1,88072,0.003677759,53
2026-06-02,IT,5FwDaIGy29GQC5d0MR7fKf,LDA,1,88072,0.003677759,53
2026-06-02,IT,66CXWjxzNUsdJxJ2JdwvnR,Ariana Grande,1,79710,0.003328574,54
2026-06-02,IT,05brE7yGJDmIYlMirfSi0B,Federica Abbate,1,79093,0.003302809,55
2026-06-02,IT,5PlfkPxwCpRRWQJBxCa0By,HUGEL,1,78983,0.003298215,56
2026-06-02,IT,0F3tUZeb9dLNEpxCpzEBQt,SOLTO (FR),1,78983,0.003298215,56
2026-06-02,IT,2R21vXR83lH98kGeO99Y66,Anuel AA,1,78123,0.003262303,57
2026-06-02,IT,7HtzacrJpksCiS6qHypb8l,Ditonellapiaga,1,77057,0.003217788,58
2026-06-02,IT,1uZVxckdGGKhFMpCnupXmP,Los Pleneros de la Cresta,1,76918,0.003211984,59
2026-06-02,IT,2iK8weavvfS2xJCmzNzNE5,J-AX,1,75530,0.003154023,60
2026-06-02,IT,5p9HO3XC5P3BLxJs5Mtrhm,Djo,1,74607,0.00311548,61
2026-06-02,IT,790FomKkXshlbRYZFtlgla,KAROL G,1,67279,0.002809473,62
2026-06-02,IT,2mUoO8KgRQOOzR0VoUWoEV,Latrelle,1,65650,0.002741448,63
2026-06-02,IT,1c22GXH30ijlOfXhfLz9Df,Elvis Crespo,1,65369,0.002729714,64
2026-06-02,IT,5H1nN1SzW0qNeUEZvuXjAj,Danny Ocean,1,65224,0.002723659,65
2026-06-02,IT,2tOGpIgNsnDk6BxqFU2vCX,Il Ghost,1,65169,0.002721363,66
2026-06-02,IT,4eq1q0o9XPyNq9RG3fNDD1,Yorghaki,1,64587,0.002697059,67
2026-06-02,IT,3DeOmVSmpv7WknXoo1OS8p,Alleh,1,64587,0.002697059,67
2026-06-02,IT,6U1dV7aL68N7Gb0Naq34V5,REI AMI,1,64146,0.002678644,68
2026-06-02,IT,0Wwji82sLA0Hcvtuak3omb,AUDREY NUNA,1,64146,0.002678644,68
2026-06-02,IT,7mW7Tv7NvywKKXqafZo0Lc,KPop Demon Hunters Cast,1,64146,0.002678644,68
2026-06-02,IT,0RMJOzHDhAKY1o2j0W0vxY,EJAE,1,64146,0.002678644,68
2026-06-02,IT,2yNNYQBChuox9A5Ka93BIn,HUNTR/X,1,64146,0.002678644,68
2026-06-02,IT,2sil8z5kiy4r76CRTXxBCA,The Goo Goo Dolls,1,63851,0.002666325,69
2026-06-02,IT,1eBPcZCSWh1EAv0aOXusye,Higashi,1,63296,0.002643149,70
2026-06-02,IT,2oQX8QiMXOyuqbcZEFsZfm,El Alfa,1,60833,0.002540298,71
2026-06-02,IT,6bMul6rmRS03x38tWKYifO,883,1,59686,0.0024924,72
2026-06-02,IT,1McMsnEElThX1knmY4oliG,Olivia Rodrigo,1,59466,0.002483214,73
2026-06-02,IT,1A6HBLulvBFzNtlMb7b08f,Angelina Mango,1,59304,0.002476449,74
2026-06-02,IT,10exVja0key0uqUkk6LJRT,Vance Joy,1,58767,0.002454024,75
2026-06-02,IT,5KKpBU5eC2tJDzf0wmlRp2,RAYE,1,58493,0.002442583,76
2026-06-02,IT,5NGO30tJxFlKixkPSgXcFE,The Police,1,57524,0.002402118,77
2026-06-02,IT,1Xylc3o4UrD53lo9CvFvVg,Zara Larsson,1,57491,0.00240074,78
2026-06-02,IT,7h1amg0X7Q5d0D5KfuyKTg,Pyrex,1,57392,0.002396606,79
2026-06-02,IT,5JsnFhU4OqgEtNXs7Sq1Vm,Malive,1,56923,0.002377022,80
2026-06-02,IT,1HBjj22wzbscIZ9sEb5dyf,Jonas Blue,1,56923,0.002377022,80
2026-06-02,IT,3JhNCzhSMTxs9WLGJJxWOY,Macklemore,1,54874,0.002291458,81
2026-06-02,IT,4e0nWw2r4BoQSKPQ2zpU13,Ray Dalton,1,54874,0.002291458,81
2026-06-02,IT,5BcAKTbp20cv7tC5VqPFoC,Macklemore & Ryan Lewis,1,54874,0.002291458,81
2026-06-02,IT,5mZJerulcERBZV7xnhrVp1,Ryan Lewis,1,54874,0.002291458,81
2026-06-02,IT,5bv5RplEOwdCvhq0EILh9E,Lucenzo,1,53876,0.002249783,82
2026-06-02,IT,33ScadVnbm2X8kkUqOkC6Z,Don Omar,1,53876,0.002249783,82
2026-06-02,IT,6wH6iStAh4KIaWfuhf0NYM,Manu Chao,1,53651,0.002240388,83
2026-06-02,IT,2dAKW1tsAariQ0Ta2gqp8N,Gow Tribe,1,53439,0.002231535,84
2026-06-02,IT,08ppjXEpROUgrG1X0DEquB,Nerissima Serpe,1,53249,0.002223601,85
2026-06-02,IT,7gjqZ8coFZimZDtdk04WP1,MACE,1,52481,0.00219153,86
2026-06-02,IT,4G9NDjRyZFDlJKMRL8hx3S,sombr,1,52247,0.002181759,87
2026-06-02,IT,7KFOc3T4Xo8DVZt4PWw2qN,Gazzelle,1,52177,0.002178836,88
2026-06-02,IT,5iot8OPcosJN9nCl7I5SdK,Irama,1,51861,0.00216564,89
2026-06-02,IT,7CvTknweLr9feJtRGrpDBy,FloyyMenor,1,50993,0.002129393,90
2026-06-02,IT,1Yj5Xey7kTwvZla8sqdsdE,Cris MJ,1,50993,0.002129393,90
2026-06-02,IT,11TplWqOPQBTmg2eiSLt1m,Tiziano Ferro,1,50966,0.002128266,91
2026-06-02,IT,6FcVd3KlRxozcLl19FMXu9,Max Pezzali,1,50574,0.002111897,92
2026-06-02,IT,2cy1zPcrFcXAJTP0APWewL,Gente De Zona,1,50428,0.0021058,93
2026-06-02,IT,4wLXwxDeWQ8mtUIRPxGiD6,Marc Anthony,1,50428,0.0021058,93
2026-06-02,IT,2nftqfbLohpDYzY8VUlvbm,Benji & Fede,1,50253,0.002098492,94
2026-06-02,IT,0r310cYIlI5aMcuDTChNlO,Loretta Goggi,1,50159,0.002094567,95
2026-06-02,IT,6nVcHLIgY5pE2YCl8ubca1,JHAYCO,1,50042,0.002089681,96
2026-06-02,IT,716NhGYqD1jl2wI1Qkgq36,Bizarrap,1,49933,0.002085129,97
2026-06-02,IT,7zPS3i8YJBNeDcqXUHfCMr,AVA,1,49257,0.002056901,98
2026-06-02,IT,056KMTw6IztdQjBmFfVyO3,Rkomi,1,49241,0.002056232,99
2026-06-02,IT,7H8ZC8uHJMPZGLMApRRNIz,Ligabue,1,48692,0.002033307,100
2026-06-02,IT,0fTSzq9jAh4c36UVb4V7CB,Alex Warren,1,48499,0.002025248,101
2026-06-02,IT,5INjqkS1o8h1imAzPqGZBb,Tame Impala,1,48040,0.00200608,102
2026-06-02,IT,250b0Wlc5Vk0CoUsaCY84M,JENNIE,1,48040,0.00200608,102
2026-06-02,IT,3o7fC2O4nraaicpID6bBZW,Elettra Lamborghini,1,47699,0.001991841,103
2026-06-02,IT,1vfezMIyCr4XUdYRaKIKi3,Keyshia Cole,1,47497,0.001983406,104
2026-06-02,IT,3Isy6kedDrgPYoTS1dazA9,Sean Paul,1,47497,0.001983406,104
2026-06-02,IT,7F2utINZ6tSokSiZTQBE27,Guè,1,46968,0.001961315,105
2026-06-02,IT,6hkKbkZGvAXuvle2FhCnxy,Shablo,1,46968,0.001961315,105
2026-06-02,IT,1vyhD5VmyZ7KMfW5gqLgo5,J Balvin,1,46729,0.001951335,106
2026-06-02,IT,13jvLDXME7yplEwCweRivE,Tutti Fenomeni,1,46535,0.001943234,107
2026-06-02,IT,22wbnEMDvgVIAGdFeek6ET,Benson Boone,1,46519,0.001942566,108
2026-06-02,IT,3AVx3OBPIk4pJQllAXoVs1,Gaia,1,46502,0.001941856,109
2026-06-02,IT,7krakxeyEmge6pzTthKNyg,The Bausa,1,46444,0.001939434,110
2026-06-02,IT,687cZJR45JO7jhk1LHIbgq,Tems,1,46329,0.001934632,111
2026-06-02,IT,6Ip8FS7vWT1uKkJSweANQK,Dave,1,46329,0.001934632,111
2026-06-02,IT,1fctva4kpRbg2k3v7kwRuS,Rvssian,1,46286,0.001932836,112
2026-06-02,IT,4gzpq5DPGxSnKTe4SA8HAU,Coldplay,1,45816,0.001913209,113
2026-06-02,IT,5YV5crRpcdknHgEzystZHr,SHUNE,1,45815,0.001913168,114
2026-06-02,IT,5l4nhyz8876RhgE2d18h65,Vasco Rossi,1,45311,0.001892121,115
2026-06-02,IT,7aBzpmFXB4WWpPl2F7RjBe,Wyclef Jean,1,45131,0.001884605,116
2026-06-02,IT,0EmeFodog0BfCgMzAIvKQp,Shakira,1,45131,0.001884605,116
2026-06-02,IT,5RTLRtXjbXI2lSXc6jxlAz,Ravyn Lenae,1,45051,0.001881264,117
2026-06-02,IT,77SW9BnxLY8rJ0RciFqkHh,The Neighbourhood,1,44416,0.001854747,118
2026-06-02,IT,2aya6KuqjXEhHBqYKsTPLs,Rose Villain,1,44372,0.00185291,119
2026-06-02,IT,2PEMswqQspTSsAltdeF5kO,Simba La Rue,1,44076,0.00184055,120
2026-06-02,IT,2caOYPej26UoQOyFnzXW3G,Lucio Battisti,1,44062,0.001839965,121
2026-06-02,IT,0QrUbsrL5imqntAfDl8i7q,Fred De Palma,2,299681,0.012514242,18
2026-06-02,IT,3hN3iJMbbBmqBSAMx5veDa,Ultimo,2,230027,0.009605593,25
2026-06-02,IT,38CThoTDmXugNnfonW466d,Jiz,2,226920,0.009475849,28
2026-06-02,IT,1QeqGmpgU5Yg74GNcjIIq3,Fulminacci,2,161926,0.006761794,32
2026-06-02,IT,0gzwXezN4IUHAwLufA6YcX,Emma,2,150189,0.006271674,33
2026-06-02,IT,7cdIY4mDfM1dbjgl7s2fGR,Sal Da Vinci,2,143278,0.005983081,34
2026-06-02,IT,0EqkKYDK9EkKY5N7zU3FPv,Annalisa,2,133206,0.005562489,36
2026-06-02,IT,2aiM1OfMODFLUXaQgEVPK1,Roberto Ferrante,2,124129,0.005183446,40
2026-06-02,IT,1UjxAZqzphB1tsMb1aWBj0,Omega,2,124129,0.005183446,40
2026-06-02,IT,52iwsT98xCoGgiGntTiR7K,Quevedo,2,115302,0.004814844,43
2026-06-02,IT,07yfI2D37Ir0pGQ8huDd4j,TonyPitony,2,106869,0.004462694,46
2026-06-02,IT,6YBgd2LKccEB3pX6UaW1Yp,Thegiornalisti,2,99024,0.004135098,48
2026-06-02,IT,7GgpsUpkj3olseoaTY7TEY,Elodie,2,94621,0.003951235,50
2026-06-02,IT,0jdNdfi4vAuVi7a6cPDFBM,Lazza,3,228278,0.009532557,26
2026-06-02,IT,47z0zz9ZMCn9GBiPRTn5Bc,Tommaso Paradiso,3,227261,0.009490089,27
2026-06-02,IT,5dXlc7MnpaTeUIsHLVe3n4,Coez,3,219324,0.009158651,30
2026-06-02,IT,7GacyaFUp0qkEJglERX9N7,Alfa,3,208267,0.008696927,31
2026-06-02,IT,2n0Ki4A5tKTEloq3WCt1IH,Samurai Jay,4,556562,0.023241219,7
2026-06-02,IT,2QJ1AReDewmz4fcRhGxW6Y,Vito Salamanca,4,556562,0.023241219,7
2026-06-02,IT,3HAwumPgGOSXlZSyGWuLhB,Sayf,4,312144,0.013034679,16
2026-06-02,IT,1AgAVqo74e2q4FVvg0xpT7,Tedua,4,288524,0.012048342,19
2026-06-02,IT,3yiEJ9SByXZMXTwaKdVFN4,Luchè,4,284679,0.011887781,21
2026-06-02,IT,3fhMfkPPzksWuw0hEm4ldm,Ernia,4,263813,0.011016447,22
2026-06-02,IT,396Jr76018oUMR6QBnqT8T,Cesare Cremonini,4,261690,0.010927793,23
2026-06-02,IT,2R4kNOwHUUsuDYhKsESVbF,Artie 5ive,5,687246,0.028698392,5
2026-06-02,IT,6RdcIWVKYYzNzjQRd3oyHS,Pinguini Tattici Nucleari,5,363823,0.015192719,14
2026-06-02,IT,5AZuEF0feCXMkUCwQiQlW7,Marracash,5,325841,0.013606646,15
2026-06-02,IT,5SulO4l40qDuV9zUGLZx7n,Capo Plaza,5,303548,0.012675723,17
2026-06-02,IT,3LvwPiJQJ0da0GurKMToV0,Baby Gang,5,288402,0.012043248,20
2026-06-02,IT,7FeObngbQ0GY3SojNwKdKn,Bresh,6,517510,0.021610464,10
2026-06-02,IT,3fMbdgg4jU18AjLCKBhRSm,Michael Jackson,6,441819,0.018449718,12
2026-06-02,IT,25u1DN0MwQVSav4XoJS7hl,Olly,6,436311,0.018219712,13
2026-06-02,IT,7K80yOTC0Id95gRaOxDG5u,ANNA,7,634881,0.026511706,6
2026-06-02,IT,4rj3KWaLAnuxgtMMkypZhf,Juli,7,530766,0.022164015,9
2026-06-02,IT,0lI3rF4hi4op6UxqlLHPzv,Achille Lauro,7,464366,0.019391248,11
2026-06-02,IT,4q3ewBCX7sLwd24euuV69X,Bad Bunny,9,745242,0.031120221,4
2026-06-02,IT,0EUR8jz8L936AEbV2Spkca,Kid Yugi,9,553405,0.023109387,8
2026-06-02,IT,27LlKWxS3KXW7RRAxN5S8s,Geolier,11,1047183,0.043728838,2
2026-06-02,IT,23TFHmajVfBtlRx5MXqgoz,Sfera Ebbasta,12,939428,0.039229146,3
2026-06-02,IT,2K5nCggbhSZ00YCYP5qkZS,Shiva,18,1803079,0.075293954,1
2026-06-24,IT,6FtwCmLY6L1sqvjaQ2lV6G,Emis Killa,1,244097,0.009192675,21
2026-06-24,IT,7FNnA9vBm6EKceENgCGRMb,Anitta,1,244097,0.009192675,21
2026-06-24,IT,5mTg1ztZByLRHsOEtwmT4G,Levante,1,232116,0.008741472,22
2026-06-24,IT,0BjRnUqiITQwjqGtTeoxUS,DELIA,1,232116,0.008741472,22
2026-06-24,IT,1cKyknhftNKXCjMBd2hDrG,DYSTINCT,1,211851,0.007978293,28
2026-06-24,IT,7a0XAaPaK2aDSqa8p3QnC7,Beéle,1,133471,0.005026508,47
2026-06-24,IT,3m5qlPf2OkihLz3dRYnkPA,Ovy On The Drums,1,133471,0.005026508,47
2026-06-24,IT,5uwa6tAMMfNbBFIHiI6NV4,W Sound,1,133471,0.005026508,47
2026-06-24,IT,4p5WgeiPSPpqPDs7T6OkWf,ANOTR,1,132770,0.005000109,48
2026-06-24,IT,6X5L6rmyvrWWu60Gx6exiZ,54 Ultra,1,132770,0.005000109,48
2026-06-24,IT,6PsQc21YZU7WNfiODG69Qk,Tony Boy,1,130648,0.004920194,49
2026-06-24,IT,1uNFoZAHBGtllmzznpCI3s,Justin Bieber,1,129382,0.004872517,50
2026-06-24,IT,0hCNtLu0JehylgoiP8L4Gh,Nicki Minaj,1,129382,0.004872517,50
2026-06-24,IT,3xGlLcG9CUrs5MvFkSLOS5,Marco Mengoni,1,126707,0.004771777,51
2026-06-24,IT,7tmMPdOmFvdRvbj2aWoiRi,Jovanotti,1,120133,0.0045242,53
2026-06-24,IT,3wcj11K77LjEY1PkEazffa,Burna Boy,1,119125,0.004486239,54
2026-06-24,IT,0EmeFodog0BfCgMzAIvKQp,Shakira,1,119125,0.004486239,54
2026-06-24,IT,0F3tUZeb9dLNEpxCpzEBQt,SOLTO (FR),1,109728,0.004132349,55
2026-06-24,IT,5iot8OPcosJN9nCl7I5SdK,Irama,1,107514,0.00404897,56
2026-06-24,IT,1c22GXH30ijlOfXhfLz9Df,Elvis Crespo,1,104994,0.003954066,57
2026-06-24,IT,5mHUmlJWkcoOk1NbjfrXWz,Temper City,1,103035,0.003880291,60
2026-06-24,IT,01XCyobLTxOrswogL7YNIu,Dibla,1,91627,0.003450666,61
2026-06-24,IT,44DWomjW1oDuxIoBIRpmQ4,Rhove,1,86703,0.003265229,62
2026-06-24,IT,2R21vXR83lH98kGeO99Y66,Anuel AA,1,83668,0.003150931,63
2026-06-24,IT,1uZVxckdGGKhFMpCnupXmP,Los Pleneros de la Cresta,1,78477,0.002955438,64
2026-06-24,IT,5rRcnWrevHgbuWjl7Lhft7,Merk & Kremont,1,77027,0.002900831,65
2026-06-24,IT,72A0Z8q8NiochyK9gUHpCR,The Kolors,1,77027,0.002900831,65
2026-06-24,IT,2LRoIwlKmHjgvigdNGBHNo,Feid,1,72533,0.002731588,66
2026-06-24,IT,2DlGxzQSjYe5N6G9nkYghR,Jennifer Lopez,1,72425,0.00272752,67
2026-06-24,IT,0TnOYISbd1XYRBk9myaseg,Pitbull,1,72425,0.00272752,67
2026-06-24,IT,5p9HO3XC5P3BLxJs5Mtrhm,Djo,1,72240,0.002720553,68
2026-06-24,IT,6USv9qhCn6zfxlBQIYJ9qs,Dominic Fike,1,71200,0.002681387,69
2026-06-24,IT,790FomKkXshlbRYZFtlgla,KAROL G,1,66993,0.002522952,70
2026-06-24,IT,7F2utINZ6tSokSiZTQBE27,Guè,1,66827,0.0025167,71
2026-06-24,IT,4Xsf5hhfIyhTgiVymlPLA7,22simba,1,66827,0.0025167,71
2026-06-24,IT,7krakxeyEmge6pzTthKNyg,The Bausa,1,66319,0.002497569,72
2026-06-24,IT,2sil8z5kiy4r76CRTXxBCA,The Goo Goo Dolls,1,66111,0.002489736,73
2026-06-24,IT,1HBjj22wzbscIZ9sEb5dyf,Jonas Blue,1,66054,0.002487589,74
2026-06-24,IT,5JsnFhU4OqgEtNXs7Sq1Vm,Malive,1,66054,0.002487589,74
2026-06-24,IT,6RWMnZmXs8Ob715qLr4374,Aissa,1,64927,0.002445146,75
2026-06-24,IT,3g9MKjIP9xrMTY5Pbwr6Nk,Kreamly,1,64927,0.002445146,75
2026-06-24,IT,2CCgb0KApjfQDuTppovpf8,Rvfv,1,64927,0.002445146,75
2026-06-24,IT,05brE7yGJDmIYlMirfSi0B,Federica Abbate,1,64678,0.002435769,76
2026-06-24,IT,3AVx3OBPIk4pJQllAXoVs1,Gaia,1,64190,0.002417391,77
2026-06-24,IT,3DeOmVSmpv7WknXoo1OS8p,Alleh,1,64070,0.002412872,78
2026-06-24,IT,4eq1q0o9XPyNq9RG3fNDD1,Yorghaki,1,64070,0.002412872,78
2026-06-24,IT,5H1nN1SzW0qNeUEZvuXjAj,Danny Ocean,1,63803,0.002402816,79
2026-06-24,IT,1McMsnEElThX1knmY4oliG,Olivia Rodrigo,1,61505,0.002316274,80
2026-06-24,IT,7h1amg0X7Q5d0D5KfuyKTg,Pyrex,1,61413,0.002312809,81
2026-06-24,IT,2eFv7NVs8R6Go7msuqikeg,Pino Daniele,1,61363,0.002310926,82
2026-06-24,IT,2oQX8QiMXOyuqbcZEFsZfm,El Alfa,1,61169,0.00230362,83
2026-06-24,IT,5FwDaIGy29GQC5d0MR7fKf,LDA,1,60783,0.002289083,84
2026-06-24,IT,0lQtBhjEJpoOroQS6fbWMc,Aka 7even,1,60783,0.002289083,84
2026-06-24,IT,1eBPcZCSWh1EAv0aOXusye,Higashi,1,59847,0.002253834,85
2026-06-24,IT,2DaxqgrOhkeH0fpeiQq2f4,Oasis,1,59584,0.002243929,86
2026-06-24,IT,7HtzacrJpksCiS6qHypb8l,Ditonellapiaga,1,59534,0.002242046,87
2026-06-24,IT,5NGO30tJxFlKixkPSgXcFE,The Police,1,58725,0.002211579,88
2026-06-24,IT,2pzFTbri7ew8mW2CbYpCNq,Astro,1,57950,0.002182393,89
2026-06-24,IT,08ppjXEpROUgrG1X0DEquB,Nerissima Serpe,1,57950,0.002182393,89
2026-06-24,IT,33ScadVnbm2X8kkUqOkC6Z,Don Omar,1,57694,0.002172752,90
2026-06-24,IT,5bv5RplEOwdCvhq0EILh9E,Lucenzo,1,57694,0.002172752,90
2026-06-24,IT,2iK8weavvfS2xJCmzNzNE5,J-AX,1,57261,0.002156445,91
2026-06-24,IT,2dAKW1tsAariQ0Ta2gqp8N,Gow Tribe,1,57085,0.002149817,92
2026-06-24,IT,7gjqZ8coFZimZDtdk04WP1,MACE,1,56951,0.002144771,93
2026-06-24,IT,6JhUHne9H09NdkTI5E9GSt,Dardust,1,56928,0.002143904,94
2026-06-24,IT,2tIP7SsRs7vjIcLrU85W8J,The Kid LAROI,1,56624,0.002132456,95
2026-06-24,IT,10exVja0key0uqUkk6LJRT,Vance Joy,1,55228,0.002079883,96
2026-06-24,IT,5KKpBU5eC2tJDzf0wmlRp2,RAYE,1,54961,0.002069827,97
2026-06-24,IT,7H8ZC8uHJMPZGLMApRRNIz,Ligabue,1,54748,0.002061806,98
2026-06-24,IT,4G9NDjRyZFDlJKMRL8hx3S,sombr,1,54730,0.002061128,99
2026-06-24,IT,6HabM2PUM519iIxervGWSb,Prospa,1,54561,0.002054763,100
2026-06-24,IT,7MdlXmq2HViAJWo9cf30sR,Cloonee,1,54561,0.002054763,100
2026-06-24,IT,056KMTw6IztdQjBmFfVyO3,Rkomi,1,54225,0.00204211,101
2026-06-24,IT,5mZJerulcERBZV7xnhrVp1,Ryan Lewis,1,52876,0.001991306,102
2026-06-24,IT,5BcAKTbp20cv7tC5VqPFoC,Macklemore & Ryan Lewis,1,52876,0.001991306,102
2026-06-24,IT,3JhNCzhSMTxs9WLGJJxWOY,Macklemore,1,52876,0.001991306,102
2026-06-24,IT,4e0nWw2r4BoQSKPQ2zpU13,Ray Dalton,1,52876,0.001991306,102
2026-06-24,IT,6hkKbkZGvAXuvle2FhCnxy,Shablo,1,52837,0.001989838,103
2026-06-24,IT,6YBgd2LKccEB3pX6UaW1Yp,Thegiornalisti,1,51746,0.001948751,104
2026-06-24,IT,7CvTknweLr9feJtRGrpDBy,FloyyMenor,1,51213,0.001928678,105
2026-06-24,IT,1Yj5Xey7kTwvZla8sqdsdE,Cris MJ,1,51213,0.001928678,105
2026-06-24,IT,716NhGYqD1jl2wI1Qkgq36,Bizarrap,1,51074,0.001923443,106
2026-06-24,IT,2mUoO8KgRQOOzR0VoUWoEV,Latrelle,1,50463,0.001900433,107
2026-06-24,IT,1Xylc3o4UrD53lo9CvFvVg,Zara Larsson,1,50417,0.001898701,108
2026-06-24,IT,5l4nhyz8876RhgE2d18h65,Vasco Rossi,1,50319,0.00189501,109
2026-06-24,IT,4wLXwxDeWQ8mtUIRPxGiD6,Marc Anthony,1,50110,0.001887139,110
2026-06-24,IT,2cy1zPcrFcXAJTP0APWewL,Gente De Zona,1,50110,0.001887139,110
2026-06-24,IT,07yfI2D37Ir0pGQ8huDd4j,TonyPitony,1,49869,0.001878063,111
2026-06-24,IT,2jnjbAYKylrmBMCFZE0OCK,Poison Beatz,1,49423,0.001861267,112
2026-06-24,IT,2PEMswqQspTSsAltdeF5kO,Simba La Rue,1,49308,0.001856936,113
2026-06-24,IT,7BgEOZ9w3Y4IMShXTMu1nN,Frah Quintale,1,49283,0.001855994,114
2026-06-24,IT,7KFOc3T4Xo8DVZt4PWw2qN,Gazzelle,1,49139,0.001850571,115
2026-06-24,IT,0r310cYIlI5aMcuDTChNlO,Loretta Goggi,1,49008,0.001845638,116
2026-06-24,IT,0du5cEVh5yTK9QJze8zA0C,Bruno Mars,1,48790,0.001837428,117
2026-06-24,IT,11TplWqOPQBTmg2eiSLt1m,Tiziano Ferro,1,48785,0.00183724,118
2026-06-24,IT,6wH6iStAh4KIaWfuhf0NYM,Manu Chao,1,48753,0.001836034,119
2026-06-24,IT,1fctva4kpRbg2k3v7kwRuS,Rvssian,1,48147,0.001813213,120
2026-06-24,IT,1cK2Abwkni7m51wJCSGllN,Ultra Naté,1,48106,0.001811668,121
2026-06-24,IT,17yREPqyU875WJnX9U082A,Imael Angel,1,48106,0.001811668,121
2026-06-24,IT,1vyhD5VmyZ7KMfW5gqLgo5,J Balvin,1,48095,0.001811254,122
2026-06-24,IT,62C5P1caRIK12ndTkzNJjA,Noemi,1,47395,0.001784892,123
2026-06-24,IT,7108jelN43seqWILMvJwKi,Serena Brancale,2,309143,0.011642303,16
2026-06-24,IT,0QrUbsrL5imqntAfDl8i7q,Fred De Palma,2,293387,0.011048933,17
2026-06-24,IT,38CThoTDmXugNnfonW466d,Jiz,2,274617,0.010342056,19
2026-06-24,IT,6RdcIWVKYYzNzjQRd3oyHS,Pinguini Tattici Nucleari,2,216014,0.008135072,27
2026-06-24,IT,1A6HBLulvBFzNtlMb7b08f,Angelina Mango,2,203891,0.00767852,30
2026-06-24,IT,26toJml6wSdf58ZgNG0ci9,Dipinto,2,200601,0.007554619,33
2026-06-24,IT,6HQ27YefiitrZ9YsWrgRHX,Fresh Beatz,2,200601,0.007554619,33
2026-06-24,IT,51OKuyM4BiiYxFm8Mi6fa9,Mauvais djo,2,200032,0.007533191,34
2026-06-24,IT,1vgQksyJ0IVz8y9XerEOy3,Madame,2,193129,0.007273224,35
2026-06-24,IT,3fMbdgg4jU18AjLCKBhRSm,Michael Jackson,2,173955,0.006551133,37
2026-06-24,IT,7GacyaFUp0qkEJglERX9N7,Alfa,2,168886,0.006360235,39
2026-06-24,IT,1QeqGmpgU5Yg74GNcjIIq3,Fulminacci,2,161679,0.00608882,40
2026-06-24,IT,47z0zz9ZMCn9GBiPRTn5Bc,Tommaso Paradiso,2,159398,0.006002917,41
2026-06-24,IT,5PlfkPxwCpRRWQJBxCa0By,HUGEL,2,157834,0.005944017,42
2026-06-24,IT,52iwsT98xCoGgiGntTiR7K,Quevedo,2,156068,0.00587751,43
2026-06-24,IT,0gzwXezN4IUHAwLufA6YcX,Emma,2,150458,0.005666237,44
2026-06-24,IT,0EqkKYDK9EkKY5N7zU3FPv,Annalisa,2,140954,0.005308318,46
2026-06-24,IT,1UjxAZqzphB1tsMb1aWBj0,Omega,2,121016,0.004557454,52
2026-06-24,IT,2aiM1OfMODFLUXaQgEVPK1,Roberto Ferrante,2,121016,0.004557454,52
2026-06-24,IT,7cdIY4mDfM1dbjgl7s2fGR,Sal Da Vinci,2,104855,0.003948832,58
2026-06-24,IT,6FcVd3KlRxozcLl19FMXu9,Max Pezzali,2,103959,0.003915088,59
2026-06-24,IT,5AZuEF0feCXMkUCwQiQlW7,Marracash,3,231417,0.008715148,23
2026-06-24,IT,3HAwumPgGOSXlZSyGWuLhB,Sayf,3,229622,0.008647548,24
2026-06-24,IT,396Jr76018oUMR6QBnqT8T,Cesare Cremonini,3,225990,0.008510767,25
2026-06-24,IT,5dXlc7MnpaTeUIsHLVe3n4,Coez,3,209788,0.007900601,29
2026-06-24,IT,3yiEJ9SByXZMXTwaKdVFN4,Luchè,3,203372,0.007658975,31
2026-06-24,IT,0jdNdfi4vAuVi7a6cPDFBM,Lazza,3,202764,0.007636078,32
2026-06-24,IT,5SulO4l40qDuV9zUGLZx7n,Capo Plaza,3,184040,0.006930933,36
2026-06-24,IT,1AgAVqo74e2q4FVvg0xpT7,Tedua,3,173275,0.006525524,38
2026-06-24,IT,7GgpsUpkj3olseoaTY7TEY,Elodie,3,147608,0.005558907,45
2026-06-24,IT,2n0Ki4A5tKTEloq3WCt1IH,Samurai Jay,4,499764,0.018821076,13
2026-06-24,IT,1dlyjeDlgXalzt5oqbgWDs,G.Mineiro,4,389179,0.014656453,15
2026-06-24,IT,2ifTEcQqKSPwijIEcPHQ1R,Flatpearl,4,389179,0.014656453,15
2026-06-24,IT,1l1A1U8VJM15W7zonFqKhg,Succo,4,389179,0.014656453,15
2026-06-24,IT,3fhMfkPPzksWuw0hEm4ldm,Ernia,4,274520,0.010338403,20
2026-06-24,IT,6bMul6rmRS03x38tWKYifO,883,4,224016,0.008436426,26
2026-06-24,IT,2R4kNOwHUUsuDYhKsESVbF,Artie 5ive,5,675845,0.025452274,7
2026-06-24,IT,2QJ1AReDewmz4fcRhGxW6Y,Vito Salamanca,5,547159,0.020605969,10
2026-06-24,IT,3LvwPiJQJ0da0GurKMToV0,Baby Gang,5,275391,0.010371205,18
2026-06-24,IT,7K80yOTC0Id95gRaOxDG5u,ANNA,6,699375,0.026338412,6
2026-06-24,IT,3hN3iJMbbBmqBSAMx5veDa,Ultimo,6,557776,0.021005804,9
2026-06-24,IT,7FeObngbQ0GY3SojNwKdKn,Bresh,6,527944,0.019882333,12
2026-06-24,IT,0lI3rF4hi4op6UxqlLHPzv,Achille Lauro,6,449882,0.016942524,14
2026-06-24,IT,4q3ewBCX7sLwd24euuV69X,Bad Bunny,8,665380,0.025058163,8
2026-06-24,IT,0EUR8jz8L936AEbV2Spkca,Kid Yugi,8,534047,0.020112172,11
2026-06-24,IT,25u1DN0MwQVSav4XoJS7hl,Olly,11,872000,0.032839457,5
2026-06-24,IT,2K5nCggbhSZ00YCYP5qkZS,Shiva,12,1195875,0.045036566,3
2026-06-24,IT,4rj3KWaLAnuxgtMMkypZhf,Juli,12,965763,0.036370565,4
2026-06-24,IT,23TFHmajVfBtlRx5MXqgoz,Sfera Ebbasta,15,1298082,0.048885675,2
2026-06-24,IT,27LlKWxS3KXW7RRAxN5S8s,Geolier,17,1630496,0.061404362,1
2026-06-12,IT,6FtwCmLY6L1sqvjaQ2lV6G,Emis Killa,1,278199,0.009280307,25
2026-06-12,IT,7FNnA9vBm6EKceENgCGRMb,Anitta,1,278199,0.009280307,25
2026-06-12,IT,5mTg1ztZByLRHsOEtwmT4G,Levante,1,247388,0.008252498,28
2026-06-12,IT,0BjRnUqiITQwjqGtTeoxUS,DELIA,1,247388,0.008252498,28
2026-06-12,IT,1cKyknhftNKXCjMBd2hDrG,DYSTINCT,1,245556,0.008191385,30
2026-06-12,IT,6PsQc21YZU7WNfiODG69Qk,Tony Boy,1,219576,0.00732473,33
2026-06-12,IT,51OKuyM4BiiYxFm8Mi6fa9,Mauvais djo,1,174441,0.005819094,38
2026-06-12,IT,4Xsf5hhfIyhTgiVymlPLA7,22simba,1,168174,0.005610036,40
2026-06-12,IT,7F2utINZ6tSokSiZTQBE27,Guè,1,168174,0.005610036,40
2026-06-12,IT,7a0XAaPaK2aDSqa8p3QnC7,Beéle,1,162010,0.005404414,42
2026-06-12,IT,3m5qlPf2OkihLz3dRYnkPA,Ovy On The Drums,1,162010,0.005404414,42
2026-06-12,IT,5uwa6tAMMfNbBFIHiI6NV4,W Sound,1,162010,0.005404414,42
2026-06-12,IT,3xGlLcG9CUrs5MvFkSLOS5,Marco Mengoni,1,160555,0.005355877,43
2026-06-12,IT,1uNFoZAHBGtllmzznpCI3s,Justin Bieber,1,157377,0.005249864,45
2026-06-12,IT,0hCNtLu0JehylgoiP8L4Gh,Nicki Minaj,1,157377,0.005249864,45
2026-06-12,IT,4p5WgeiPSPpqPDs7T6OkWf,ANOTR,1,151712,0.005060888,49
2026-06-12,IT,6X5L6rmyvrWWu60Gx6exiZ,54 Ultra,1,151712,0.005060888,49
2026-06-12,IT,7tmMPdOmFvdRvbj2aWoiRi,Jovanotti,1,140065,0.004672361,51
2026-06-12,IT,44DWomjW1oDuxIoBIRpmQ4,Rhove,1,118650,0.003957988,55
2026-06-12,IT,6HQ27YefiitrZ9YsWrgRHX,Fresh Beatz,1,118172,0.003942043,56
2026-06-12,IT,26toJml6wSdf58ZgNG0ci9,Dipinto,1,118172,0.003942043,56
2026-06-12,IT,1vgQksyJ0IVz8y9XerEOy3,Madame,1,118060,0.003938307,57
2026-06-12,IT,2LRoIwlKmHjgvigdNGBHNo,Feid,1,115262,0.00384497,58
2026-06-12,IT,01XCyobLTxOrswogL7YNIu,Dibla,1,113256,0.003778053,59
2026-06-12,IT,5mHUmlJWkcoOk1NbjfrXWz,Temper City,1,110565,0.003688285,60
2026-06-12,IT,0F3tUZeb9dLNEpxCpzEBQt,SOLTO (FR),1,104276,0.003478493,61
2026-06-12,IT,5PlfkPxwCpRRWQJBxCa0By,HUGEL,1,104276,0.003478493,61
2026-06-12,IT,0TnOYISbd1XYRBk9myaseg,Pitbull,1,103043,0.003437362,62
2026-06-12,IT,2DlGxzQSjYe5N6G9nkYghR,Jennifer Lopez,1,103043,0.003437362,62
2026-06-12,IT,1c22GXH30ijlOfXhfLz9Df,Elvis Crespo,1,94925,0.003166558,63
2026-06-12,IT,6USv9qhCn6zfxlBQIYJ9qs,Dominic Fike,1,93833,0.00313013,64
2026-06-12,IT,1uZVxckdGGKhFMpCnupXmP,Los Pleneros de la Cresta,1,92153,0.003074088,65
2026-06-12,IT,2R21vXR83lH98kGeO99Y66,Anuel AA,1,87340,0.002913533,66
2026-06-12,IT,72A0Z8q8NiochyK9gUHpCR,The Kolors,1,83208,0.002775696,67
2026-06-12,IT,5rRcnWrevHgbuWjl7Lhft7,Merk & Kremont,1,83208,0.002775696,67
2026-06-12,IT,790FomKkXshlbRYZFtlgla,KAROL G,1,81979,0.002734698,68
2026-06-12,IT,5iot8OPcosJN9nCl7I5SdK,Irama,1,80542,0.002686762,69
2026-06-12,IT,1eBPcZCSWh1EAv0aOXusye,Higashi,1,80247,0.002676921,70
2026-06-12,IT,5p9HO3XC5P3BLxJs5Mtrhm,Djo,1,80182,0.002674753,71
2026-06-12,IT,4eq1q0o9XPyNq9RG3fNDD1,Yorghaki,1,79784,0.002661476,72
2026-06-12,IT,3DeOmVSmpv7WknXoo1OS8p,Alleh,1,79784,0.002661476,72
2026-06-12,IT,2tIP7SsRs7vjIcLrU85W8J,The Kid LAROI,1,79063,0.002637425,73
2026-06-12,IT,7HtzacrJpksCiS6qHypb8l,Ditonellapiaga,1,77000,0.002568606,74
2026-06-12,IT,3wcj11K77LjEY1PkEazffa,Burna Boy,1,76991,0.002568306,75
2026-06-12,IT,3egWSWp7Y4FyCKIyvXbw7L,Ghali,1,76580,0.002554595,76
2026-06-12,IT,5H1nN1SzW0qNeUEZvuXjAj,Danny Ocean,1,76246,0.002543454,77
2026-06-12,IT,0lQtBhjEJpoOroQS6fbWMc,Aka 7even,1,76121,0.002539284,78
2026-06-12,IT,5FwDaIGy29GQC5d0MR7fKf,LDA,1,76121,0.002539284,78
2026-06-12,IT,2oQX8QiMXOyuqbcZEFsZfm,El Alfa,1,74691,0.002491581,79
2026-06-12,IT,05brE7yGJDmIYlMirfSi0B,Federica Abbate,1,72821,0.002429201,80
2026-06-12,IT,1HBjj22wzbscIZ9sEb5dyf,Jonas Blue,1,72624,0.002422629,81
2026-06-12,IT,5JsnFhU4OqgEtNXs7Sq1Vm,Malive,1,72624,0.002422629,81
2026-06-12,IT,6G7P2EzH5A36ujN9VPm4B0,Robert Smith,1,71912,0.002398878,82
2026-06-12,IT,2iK8weavvfS2xJCmzNzNE5,J-AX,1,71544,0.002386602,83
2026-06-12,IT,2dAKW1tsAariQ0Ta2gqp8N,Gow Tribe,1,71391,0.002381498,84
2026-06-12,IT,3g9MKjIP9xrMTY5Pbwr6Nk,Kreamly,1,70572,0.002354177,85
2026-06-12,IT,2CCgb0KApjfQDuTppovpf8,Rvfv,1,70572,0.002354177,85
2026-06-12,IT,6RWMnZmXs8Ob715qLr4374,Aissa,1,70572,0.002354177,85
2026-06-12,IT,66CXWjxzNUsdJxJ2JdwvnR,Ariana Grande,1,69756,0.002326957,86
2026-06-12,IT,7krakxeyEmge6pzTthKNyg,The Bausa,1,68865,0.002297234,87
2026-06-12,IT,7H8ZC8uHJMPZGLMApRRNIz,Ligabue,1,68111,0.002272082,88
2026-06-12,IT,10exVja0key0uqUkk6LJRT,Vance Joy,1,67822,0.002262442,89
2026-06-12,IT,5KKpBU5eC2tJDzf0wmlRp2,RAYE,1,67501,0.002251733,90
2026-06-12,IT,5BcAKTbp20cv7tC5VqPFoC,Macklemore & Ryan Lewis,1,67470,0.002250699,91
2026-06-12,IT,3JhNCzhSMTxs9WLGJJxWOY,Macklemore,1,67470,0.002250699,91
2026-06-12,IT,5mZJerulcERBZV7xnhrVp1,Ryan Lewis,1,67470,0.002250699,91
2026-06-12,IT,4e0nWw2r4BoQSKPQ2zpU13,Ray Dalton,1,67470,0.002250699,91
2026-06-12,IT,2sil8z5kiy4r76CRTXxBCA,The Goo Goo Dolls,1,67416,0.002248898,92
2026-06-12,IT,33ScadVnbm2X8kkUqOkC6Z,Don Omar,1,66584,0.002221144,93
2026-06-12,IT,5bv5RplEOwdCvhq0EILh9E,Lucenzo,1,66584,0.002221144,93
2026-06-12,IT,7h1amg0X7Q5d0D5KfuyKTg,Pyrex,1,64558,0.002153559,94
2026-06-12,IT,11TplWqOPQBTmg2eiSLt1m,Tiziano Ferro,1,63913,0.002132043,95
2026-06-12,IT,1p3PtfvP25EJoUawmfPvUQ,Danno,1,63715,0.002125438,96
2026-06-12,IT,4IEJn7FhTQoNgvSlBH8H6n,Sine,1,63715,0.002125438,96
2026-06-12,IT,49UAapOfpOg1ZOU4xf2NgY,Noyz Narcos,1,63715,0.002125438,96
2026-06-12,IT,30fnIb0InCgAp2IPY17nqd,RRARI DAL TACCO,1,63260,0.00211026,97
2026-06-12,IT,5NGO30tJxFlKixkPSgXcFE,The Police,1,63195,0.002108092,98
2026-06-12,IT,1Yj5Xey7kTwvZla8sqdsdE,Cris MJ,1,62681,0.002090945,99
2026-06-12,IT,7CvTknweLr9feJtRGrpDBy,FloyyMenor,1,62681,0.002090945,99
2026-06-12,IT,2cy1zPcrFcXAJTP0APWewL,Gente De Zona,1,61191,0.002041241,100
2026-06-12,IT,4wLXwxDeWQ8mtUIRPxGiD6,Marc Anthony,1,61191,0.002041241,100
2026-06-12,IT,07yfI2D37Ir0pGQ8huDd4j,TonyPitony,1,61168,0.002040474,101
2026-06-12,IT,7MdlXmq2HViAJWo9cf30sR,Cloonee,1,60935,0.002032701,102
2026-06-12,IT,6HabM2PUM519iIxervGWSb,Prospa,1,60935,0.002032701,102
2026-06-12,IT,3AVx3OBPIk4pJQllAXoVs1,Gaia,1,60706,0.002025062,103
2026-06-12,IT,6wH6iStAh4KIaWfuhf0NYM,Manu Chao,1,60635,0.002022694,104
2026-06-12,IT,7AcV1lk8Zrgo1691PDWEle,Freshlyground,1,60188,0.002007783,105
2026-06-12,IT,6YBgd2LKccEB3pX6UaW1Yp,Thegiornalisti,1,59912,0.001998576,106
2026-06-12,IT,6nVcHLIgY5pE2YCl8ubca1,JHAYCO,1,59620,0.001988835,107
2026-06-12,IT,7gjqZ8coFZimZDtdk04WP1,MACE,1,58309,0.001945102,108
2026-06-12,IT,0Wwji82sLA0Hcvtuak3omb,AUDREY NUNA,1,58076,0.001937329,109
2026-06-12,IT,0RMJOzHDhAKY1o2j0W0vxY,EJAE,1,58076,0.001937329,109
2026-06-12,IT,7mW7Tv7NvywKKXqafZo0Lc,KPop Demon Hunters Cast,1,58076,0.001937329,109
2026-06-12,IT,2yNNYQBChuox9A5Ka93BIn,HUNTR/X,1,58076,0.001937329,109
2026-06-12,IT,6U1dV7aL68N7Gb0Naq34V5,REI AMI,1,58076,0.001937329,109
2026-06-12,IT,1Xylc3o4UrD53lo9CvFvVg,Zara Larsson,1,57678,0.001924053,110
2026-06-12,IT,716NhGYqD1jl2wI1Qkgq36,Bizarrap,1,57671,0.001923819,111
2026-06-12,IT,056KMTw6IztdQjBmFfVyO3,Rkomi,1,56917,0.001898667,112
2026-06-12,IT,4G9NDjRyZFDlJKMRL8hx3S,sombr,1,56890,0.001897766,113
2026-06-12,IT,2tOGpIgNsnDk6BxqFU2vCX,Il Ghost,1,56017,0.001868644,114
2026-06-12,IT,0r310cYIlI5aMcuDTChNlO,Loretta Goggi,1,55283,0.001844159,115
2026-06-12,IT,7KFOc3T4Xo8DVZt4PWw2qN,Gazzelle,1,55100,0.001838054,116
2026-06-12,IT,1vyhD5VmyZ7KMfW5gqLgo5,J Balvin,1,55058,0.001836653,117
2026-06-12,IT,7zPS3i8YJBNeDcqXUHfCMr,AVA,1,54754,0.001826512,118
2026-06-12,IT,2mUoO8KgRQOOzR0VoUWoEV,Latrelle,1,54193,0.001807798,119
2026-06-12,IT,0fTSzq9jAh4c36UVb4V7CB,Alex Warren,1,53823,0.001795456,120
2026-06-12,IT,38CThoTDmXugNnfonW466d,Jiz,2,358276,0.011951557,17
2026-06-12,IT,0QrUbsrL5imqntAfDl8i7q,Fred De Palma,2,340480,0.011357909,18
2026-06-12,IT,7108jelN43seqWILMvJwKi,Serena Brancale,2,330596,0.011028193,21
2026-06-12,IT,6RdcIWVKYYzNzjQRd3oyHS,Pinguini Tattici Nucleari,2,230294,0.007682267,31
2026-06-12,IT,1A6HBLulvBFzNtlMb7b08f,Angelina Mango,2,229158,0.007644372,32
2026-06-12,IT,0jdNdfi4vAuVi7a6cPDFBM,Lazza,2,203437,0.006786357,34
2026-06-12,IT,7GacyaFUp0qkEJglERX9N7,Alfa,2,200700,0.006695055,35
2026-06-12,IT,3yiEJ9SByXZMXTwaKdVFN4,Luchè,2,193225,0.0064457,36
2026-06-12,IT,47z0zz9ZMCn9GBiPRTn5Bc,Tommaso Paradiso,2,192596,0.006424718,37
2026-06-12,IT,1QeqGmpgU5Yg74GNcjIIq3,Fulminacci,2,173975,0.005803549,39
2026-06-12,IT,0gzwXezN4IUHAwLufA6YcX,Emma,2,166866,0.005566403,41
2026-06-12,IT,08ppjXEpROUgrG1X0DEquB,Nerissima Serpe,2,159838,0.005331959,44
2026-06-12,IT,0EqkKYDK9EkKY5N7zU3FPv,Annalisa,2,155883,0.005200026,46
2026-06-12,IT,2aiM1OfMODFLUXaQgEVPK1,Roberto Ferrante,2,154938,0.005168502,47
2026-06-12,IT,1UjxAZqzphB1tsMb1aWBj0,Omega,2,154938,0.005168502,47
2026-06-12,IT,52iwsT98xCoGgiGntTiR7K,Quevedo,2,152596,0.005090377,48
2026-06-12,IT,1AgAVqo74e2q4FVvg0xpT7,Tedua,2,141738,0.00472817,50
2026-06-12,IT,0EmeFodog0BfCgMzAIvKQp,Shakira,2,137179,0.004576088,52
2026-06-12,IT,7cdIY4mDfM1dbjgl7s2fGR,Sal Da Vinci,2,132029,0.004404292,53
2026-06-12,IT,6bMul6rmRS03x38tWKYifO,883,2,123430,0.004117442,54
2026-06-12,IT,3hN3iJMbbBmqBSAMx5veDa,Ultimo,3,317014,0.010575118,22
2026-06-12,IT,3fMbdgg4jU18AjLCKBhRSm,Michael Jackson,3,289534,0.009658426,24
2026-06-12,IT,5AZuEF0feCXMkUCwQiQlW7,Marracash,3,247629,0.008260537,27
2026-06-12,IT,5dXlc7MnpaTeUIsHLVe3n4,Coez,3,246608,0.008226478,29
2026-06-12,IT,2n0Ki4A5tKTEloq3WCt1IH,Samurai Jay,4,563990,0.018813872,10
2026-06-12,IT,2QJ1AReDewmz4fcRhGxW6Y,Vito Salamanca,4,563990,0.018813872,10
2026-06-12,IT,1l1A1U8VJM15W7zonFqKhg,Succo,4,515854,0.017208126,13
2026-06-12,IT,1dlyjeDlgXalzt5oqbgWDs,G.Mineiro,4,515854,0.017208126,13
2026-06-12,IT,2ifTEcQqKSPwijIEcPHQ1R,Flatpearl,4,515854,0.017208126,13
2026-06-12,IT,0EUR8jz8L936AEbV2Spkca,Kid Yugi,4,332013,0.011075462,20
2026-06-12,IT,3fhMfkPPzksWuw0hEm4ldm,Ernia,4,294666,0.009829622,23
2026-06-12,IT,3LvwPiJQJ0da0GurKMToV0,Baby Gang,4,273236,0.009114749,26
2026-06-12,IT,2R4kNOwHUUsuDYhKsESVbF,Artie 5ive,5,855133,0.028525971,6
2026-06-12,IT,3HAwumPgGOSXlZSyGWuLhB,Sayf,5,379452,0.012657957,16
2026-06-12,IT,5SulO4l40qDuV9zUGLZx7n,Capo Plaza,5,335461,0.011190483,19
2026-06-12,IT,7K80yOTC0Id95gRaOxDG5u,ANNA,6,634457,0.021164547,8
2026-06-12,IT,7FeObngbQ0GY3SojNwKdKn,Bresh,6,631515,0.021066406,9
2026-06-12,IT,0lI3rF4hi4op6UxqlLHPzv,Achille Lauro,6,558038,0.018615322,11
2026-06-12,IT,396Jr76018oUMR6QBnqT8T,Cesare Cremonini,6,469549,0.01566346,15
2026-06-12,IT,25u1DN0MwQVSav4XoJS7hl,Olly,7,554058,0.018482555,12
2026-06-12,IT,2pzFTbri7ew8mW2CbYpCNq,Astro,7,483857,0.016140753,14
2026-06-12,IT,4rj3KWaLAnuxgtMMkypZhf,Juli,8,671406,0.022397111,7
2026-06-12,IT,23TFHmajVfBtlRx5MXqgoz,Sfera Ebbasta,9,1107276,0.036937089,3
2026-06-12,IT,4q3ewBCX7sLwd24euuV69X,Bad Bunny,9,888595,0.029642214,5
2026-06-12,IT,27LlKWxS3KXW7RRAxN5S8s,Geolier,10,1284384,0.04284515,2
2026-06-12,IT,1McMsnEElThX1knmY4oliG,Olivia Rodrigo,13,1012588,0.033778437,4
2026-06-12,IT,2K5nCggbhSZ00YCYP5qkZS,Shiva,15,1617332,0.053951802,1
2026-07-19,IT,7zPS3i8YJBNeDcqXUHfCMr,AVA,1,43334,0.001801443,127
2026-06-11,IT,7FNnA9vBm6EKceENgCGRMb,Anitta,1,248984,0.00921112,26
2026-06-11,IT,6FtwCmLY6L1sqvjaQ2lV6G,Emis Killa,1,248984,0.00921112,26
2026-06-11,IT,6PsQc21YZU7WNfiODG69Qk,Tony Boy,1,236422,0.008746391,28
2026-06-11,IT,5mTg1ztZByLRHsOEtwmT4G,Levante,1,224689,0.00831233,31
2026-06-11,IT,0BjRnUqiITQwjqGtTeoxUS,DELIA,1,224689,0.00831233,31
2026-06-11,IT,1cKyknhftNKXCjMBd2hDrG,DYSTINCT,1,207495,0.007676241,33
2026-06-11,IT,51OKuyM4BiiYxFm8Mi6fa9,Mauvais djo,1,155152,0.005739821,38
2026-06-11,IT,1uNFoZAHBGtllmzznpCI3s,Justin Bieber,1,143852,0.00532178,39
2026-06-11,IT,0hCNtLu0JehylgoiP8L4Gh,Nicki Minaj,1,143852,0.00532178,39
2026-06-11,IT,5uwa6tAMMfNbBFIHiI6NV4,W Sound,1,141168,0.005222486,40
2026-06-11,IT,7a0XAaPaK2aDSqa8p3QnC7,Beéle,1,141168,0.005222486,40
2026-06-11,IT,3m5qlPf2OkihLz3dRYnkPA,Ovy On The Drums,1,141168,0.005222486,40
2026-06-11,IT,6X5L6rmyvrWWu60Gx6exiZ,54 Ultra,1,129521,0.004791607,43
2026-06-11,IT,4p5WgeiPSPpqPDs7T6OkWf,ANOTR,1,129521,0.004791607,43
2026-06-11,IT,7tmMPdOmFvdRvbj2aWoiRi,Jovanotti,1,123017,0.004550993,46
2026-06-11,IT,44DWomjW1oDuxIoBIRpmQ4,Rhove,1,114572,0.004238571,48
2026-06-11,IT,26toJml6wSdf58ZgNG0ci9,Dipinto,1,112114,0.004147638,50
2026-06-11,IT,6HQ27YefiitrZ9YsWrgRHX,Fresh Beatz,1,112114,0.004147638,50
2026-06-11,IT,1vgQksyJ0IVz8y9XerEOy3,Madame,1,111897,0.00413961,51
2026-06-11,IT,01XCyobLTxOrswogL7YNIu,Dibla,1,109528,0.004051969,52
2026-06-11,IT,5mHUmlJWkcoOk1NbjfrXWz,Temper City,1,105237,0.003893224,53
2026-06-11,IT,0TnOYISbd1XYRBk9myaseg,Pitbull,1,93969,0.003476367,54
2026-06-11,IT,2DlGxzQSjYe5N6G9nkYghR,Jennifer Lopez,1,93969,0.003476367,54
2026-06-11,IT,6USv9qhCn6zfxlBQIYJ9qs,Dominic Fike,1,90171,0.00333586,55
2026-06-11,IT,0F3tUZeb9dLNEpxCpzEBQt,SOLTO (FR),1,85202,0.003152033,56
2026-06-11,IT,5PlfkPxwCpRRWQJBxCa0By,HUGEL,1,85202,0.003152033,56
2026-06-11,IT,1uZVxckdGGKhFMpCnupXmP,Los Pleneros de la Cresta,1,83973,0.003106567,57
2026-06-11,IT,2R21vXR83lH98kGeO99Y66,Anuel AA,1,81857,0.003028285,58
2026-06-11,IT,5FwDaIGy29GQC5d0MR7fKf,LDA,1,77771,0.002877125,59
2026-06-11,IT,0lQtBhjEJpoOroQS6fbWMc,Aka 7even,1,77771,0.002877125,59
2026-06-11,IT,1c22GXH30ijlOfXhfLz9Df,Elvis Crespo,1,76890,0.002844532,60
2026-06-11,IT,5p9HO3XC5P3BLxJs5Mtrhm,Djo,1,75719,0.002801211,61
2026-06-11,IT,7HtzacrJpksCiS6qHypb8l,Ditonellapiaga,1,74511,0.002756521,62
2026-06-11,IT,1eBPcZCSWh1EAv0aOXusye,Higashi,1,74014,0.002738135,63
2026-06-11,IT,790FomKkXshlbRYZFtlgla,KAROL G,1,72101,0.002667364,64
2026-06-11,IT,2dAKW1tsAariQ0Ta2gqp8N,Gow Tribe,1,71741,0.002654046,65
2026-06-11,IT,05brE7yGJDmIYlMirfSi0B,Federica Abbate,1,71442,0.002642984,66
2026-06-11,IT,2iK8weavvfS2xJCmzNzNE5,J-AX,1,71251,0.002635918,67
2026-06-11,IT,2tIP7SsRs7vjIcLrU85W8J,The Kid LAROI,1,71185,0.002633477,68
2026-06-11,IT,3DeOmVSmpv7WknXoo1OS8p,Alleh,1,70378,0.002603622,69
2026-06-11,IT,4eq1q0o9XPyNq9RG3fNDD1,Yorghaki,1,70378,0.002603622,69
2026-06-11,IT,66CXWjxzNUsdJxJ2JdwvnR,Ariana Grande,1,69566,0.002573582,70
2026-06-11,IT,5H1nN1SzW0qNeUEZvuXjAj,Danny Ocean,1,69167,0.002558821,71
2026-06-11,IT,5rRcnWrevHgbuWjl7Lhft7,Merk & Kremont,1,68342,0.0025283,72
2026-06-11,IT,72A0Z8q8NiochyK9gUHpCR,The Kolors,1,68342,0.0025283,72
2026-06-11,IT,7H8ZC8uHJMPZGLMApRRNIz,Ligabue,1,66061,0.002443915,73
2026-06-11,IT,1A6HBLulvBFzNtlMb7b08f,Angelina Mango,1,64769,0.002396118,74
2026-06-11,IT,5KKpBU5eC2tJDzf0wmlRp2,RAYE,1,64491,0.002385833,75
2026-06-11,IT,2sil8z5kiy4r76CRTXxBCA,The Goo Goo Dolls,1,64396,0.002382319,76
2026-06-11,IT,10exVja0key0uqUkk6LJRT,Vance Joy,1,64012,0.002368113,77
2026-06-11,IT,2oQX8QiMXOyuqbcZEFsZfm,El Alfa,1,63854,0.002362268,78
2026-06-11,IT,4e0nWw2r4BoQSKPQ2zpU13,Ray Dalton,1,63012,0.002331118,79
2026-06-11,IT,5mZJerulcERBZV7xnhrVp1,Ryan Lewis,1,63012,0.002331118,79
2026-06-11,IT,3JhNCzhSMTxs9WLGJJxWOY,Macklemore,1,63012,0.002331118,79
2026-06-11,IT,5BcAKTbp20cv7tC5VqPFoC,Macklemore & Ryan Lewis,1,63012,0.002331118,79
2026-06-11,IT,6RWMnZmXs8Ob715qLr4374,Aissa,1,62571,0.002314803,80
2026-06-11,IT,2CCgb0KApjfQDuTppovpf8,Rvfv,1,62571,0.002314803,80
2026-06-11,IT,3g9MKjIP9xrMTY5Pbwr6Nk,Kreamly,1,62571,0.002314803,80
2026-06-11,IT,30fnIb0InCgAp2IPY17nqd,RRARI DAL TACCO,1,61977,0.002292828,81
2026-06-11,IT,1HBjj22wzbscIZ9sEb5dyf,Jonas Blue,1,61648,0.002280657,82
2026-06-11,IT,5JsnFhU4OqgEtNXs7Sq1Vm,Malive,1,61648,0.002280657,82
2026-06-11,IT,7h1amg0X7Q5d0D5KfuyKTg,Pyrex,1,60818,0.002249951,83
2026-06-11,IT,5bv5RplEOwdCvhq0EILh9E,Lucenzo,1,60266,0.00222953,84
2026-06-11,IT,33ScadVnbm2X8kkUqOkC6Z,Don Omar,1,60266,0.00222953,84
2026-06-11,IT,1McMsnEElThX1knmY4oliG,Olivia Rodrigo,1,59890,0.00221562,85
2026-06-11,IT,5NGO30tJxFlKixkPSgXcFE,The Police,1,59803,0.002212402,86
2026-06-11,IT,7krakxeyEmge6pzTthKNyg,The Bausa,1,59393,0.002197234,87
2026-06-11,IT,0RMJOzHDhAKY1o2j0W0vxY,EJAE,1,59009,0.002183028,88
2026-06-11,IT,6U1dV7aL68N7Gb0Naq34V5,REI AMI,1,59009,0.002183028,88
2026-06-11,IT,2yNNYQBChuox9A5Ka93BIn,HUNTR/X,1,59009,0.002183028,88
2026-06-11,IT,0Wwji82sLA0Hcvtuak3omb,AUDREY NUNA,1,59009,0.002183028,88
2026-06-11,IT,7mW7Tv7NvywKKXqafZo0Lc,KPop Demon Hunters Cast,1,59009,0.002183028,88
2026-06-11,IT,2tOGpIgNsnDk6BxqFU2vCX,Il Ghost,1,57460,0.002125723,89
2026-06-11,IT,07yfI2D37Ir0pGQ8huDd4j,TonyPitony,1,57116,0.002112996,90
2026-06-11,IT,6YBgd2LKccEB3pX6UaW1Yp,Thegiornalisti,1,56651,0.002095794,91
2026-06-11,IT,6wH6iStAh4KIaWfuhf0NYM,Manu Chao,1,56610,0.002094277,92
2026-06-11,IT,7CvTknweLr9feJtRGrpDBy,FloyyMenor,1,55808,0.002064607,93
2026-06-11,IT,1Yj5Xey7kTwvZla8sqdsdE,Cris MJ,1,55808,0.002064607,93
2026-06-11,IT,1Xylc3o4UrD53lo9CvFvVg,Zara Larsson,1,55774,0.002063349,94
2026-06-11,IT,08ppjXEpROUgrG1X0DEquB,Nerissima Serpe,1,55109,0.002038748,95
2026-06-11,IT,2mUoO8KgRQOOzR0VoUWoEV,Latrelle,1,54465,0.002014923,96
2026-06-11,IT,6nVcHLIgY5pE2YCl8ubca1,JHAYCO,1,54223,0.00200597,97
2026-06-11,IT,2cy1zPcrFcXAJTP0APWewL,Gente De Zona,1,54100,0.00200142,98
2026-06-11,IT,4wLXwxDeWQ8mtUIRPxGiD6,Marc Anthony,1,54100,0.00200142,98
2026-06-11,IT,3AVx3OBPIk4pJQllAXoVs1,Gaia,1,54018,0.001998387,99
2026-06-11,IT,4G9NDjRyZFDlJKMRL8hx3S,sombr,1,53884,0.001993429,100
2026-06-11,IT,056KMTw6IztdQjBmFfVyO3,Rkomi,1,53627,0.001983922,101
2026-06-11,IT,7gjqZ8coFZimZDtdk04WP1,MACE,1,53570,0.001981813,102
2026-06-11,IT,11TplWqOPQBTmg2eiSLt1m,Tiziano Ferro,1,53242,0.001969679,103
2026-06-11,IT,0fTSzq9jAh4c36UVb4V7CB,Alex Warren,1,52921,0.001957803,104
2026-06-11,IT,7KFOc3T4Xo8DVZt4PWw2qN,Gazzelle,1,52644,0.001947556,105
2026-06-11,IT,7zPS3i8YJBNeDcqXUHfCMr,AVA,1,52603,0.001946039,106
2026-06-11,IT,0r310cYIlI5aMcuDTChNlO,Loretta Goggi,1,52219,0.001931833,107
2026-06-11,IT,716NhGYqD1jl2wI1Qkgq36,Bizarrap,1,52072,0.001926395,108
2026-06-11,IT,6HabM2PUM519iIxervGWSb,Prospa,1,51782,0.001915666,109
2026-06-11,IT,7MdlXmq2HViAJWo9cf30sR,Cloonee,1,51782,0.001915666,109
2026-06-11,IT,250b0Wlc5Vk0CoUsaCY84M,JENNIE,1,51755,0.001914667,110
2026-06-11,IT,5INjqkS1o8h1imAzPqGZBb,Tame Impala,1,51755,0.001914667,110
2026-06-11,IT,5YV5crRpcdknHgEzystZHr,SHUNE,1,51396,0.001901386,111
2026-06-11,IT,0EmeFodog0BfCgMzAIvKQp,Shakira,1,51100,0.001890436,112
2026-06-11,IT,3wcj11K77LjEY1PkEazffa,Burna Boy,1,51100,0.001890436,112
2026-06-11,IT,7F2utINZ6tSokSiZTQBE27,Guè,1,50909,0.00188337,113
2026-06-11,IT,6JhUHne9H09NdkTI5E9GSt,Dardust,1,50556,0.00187031,114
2026-06-11,IT,7GgpsUpkj3olseoaTY7TEY,Elodie,1,50262,0.001859434,115
2026-06-11,IT,22wbnEMDvgVIAGdFeek6ET,Benson Boone,1,49052,0.00181467,116
2026-06-11,IT,5RTLRtXjbXI2lSXc6jxlAz,Ravyn Lenae,1,48989,0.00181234,117
2026-06-11,IT,2eFv7NVs8R6Go7msuqikeg,Pino Daniele,1,48963,0.001811378,118
2026-06-11,IT,6hkKbkZGvAXuvle2FhCnxy,Shablo,1,48871,0.001807974,119
2026-06-11,IT,2jnjbAYKylrmBMCFZE0OCK,Poison Beatz,1,48819,0.00180605,120
2026-06-11,IT,2PEMswqQspTSsAltdeF5kO,Simba La Rue,1,48656,0.00180002,121
2026-06-11,IT,38CThoTDmXugNnfonW466d,Jiz,2,342618,0.012675093,15
2026-06-11,IT,0QrUbsrL5imqntAfDl8i7q,Fred De Palma,2,302227,0.011180835,19
2026-06-11,IT,7108jelN43seqWILMvJwKi,Serena Brancale,2,293031,0.010840631,22
2026-06-11,IT,6RdcIWVKYYzNzjQRd3oyHS,Pinguini Tattici Nucleari,2,223705,0.008275928,32
2026-06-11,IT,47z0zz9ZMCn9GBiPRTn5Bc,Tommaso Paradiso,2,185725,0.006870864,35
2026-06-11,IT,1QeqGmpgU5Yg74GNcjIIq3,Fulminacci,2,163283,0.006040626,36
2026-06-11,IT,0gzwXezN4IUHAwLufA6YcX,Emma,2,158860,0.005876998,37
2026-06-11,IT,0EqkKYDK9EkKY5N7zU3FPv,Annalisa,2,140664,0.00520384,41
2026-06-11,IT,1UjxAZqzphB1tsMb1aWBj0,Omega,2,137868,0.005100403,42
2026-06-11,IT,2aiM1OfMODFLUXaQgEVPK1,Roberto Ferrante,2,137868,0.005100403,42
2026-06-11,IT,52iwsT98xCoGgiGntTiR7K,Quevedo,2,128962,0.004770927,44
2026-06-11,IT,5iot8OPcosJN9nCl7I5SdK,Irama,2,123162,0.004556357,45
2026-06-11,IT,7cdIY4mDfM1dbjgl7s2fGR,Sal Da Vinci,2,118413,0.004380668,47
2026-06-11,IT,6bMul6rmRS03x38tWKYifO,883,2,114570,0.004238497,49
2026-06-11,IT,3hN3iJMbbBmqBSAMx5veDa,Ultimo,3,297097,0.010991052,21
2026-06-11,IT,5dXlc7MnpaTeUIsHLVe3n4,Coez,3,239924,0.008875947,27
2026-06-11,IT,0jdNdfi4vAuVi7a6cPDFBM,Lazza,3,236107,0.008734737,29
2026-06-11,IT,7GacyaFUp0qkEJglERX9N7,Alfa,3,228276,0.008445031,30
2026-06-11,IT,1AgAVqo74e2q4FVvg0xpT7,Tedua,3,195866,0.007246029,34
2026-06-11,IT,2QJ1AReDewmz4fcRhGxW6Y,Vito Salamanca,4,520819,0.019267608,11
2026-06-11,IT,2n0Ki4A5tKTEloq3WCt1IH,Samurai Jay,4,520819,0.019267608,11
2026-06-11,IT,1l1A1U8VJM15W7zonFqKhg,Succo,4,493362,0.018251841,12
2026-06-11,IT,1dlyjeDlgXalzt5oqbgWDs,G.Mineiro,4,493362,0.018251841,12
2026-06-11,IT,2ifTEcQqKSPwijIEcPHQ1R,Flatpearl,4,493362,0.018251841,12
2026-06-11,IT,3fMbdgg4jU18AjLCKBhRSm,Michael Jackson,4,321781,0.011904232,16
2026-06-11,IT,3HAwumPgGOSXlZSyGWuLhB,Sayf,4,305197,0.01129071,18
2026-06-11,IT,5AZuEF0feCXMkUCwQiQlW7,Marracash,4,287314,0.010629131,23
2026-06-11,IT,3yiEJ9SByXZMXTwaKdVFN4,Luchè,4,286713,0.010606898,24
2026-06-11,IT,3fhMfkPPzksWuw0hEm4ldm,Ernia,4,282470,0.010449928,25
2026-06-11,IT,2R4kNOwHUUsuDYhKsESVbF,Artie 5ive,5,825901,0.030554064,4
2026-06-11,IT,5SulO4l40qDuV9zUGLZx7n,Capo Plaza,5,316545,0.011710527,17
2026-06-11,IT,3LvwPiJQJ0da0GurKMToV0,Baby Gang,5,297227,0.010995861,20
2026-06-11,IT,7K80yOTC0Id95gRaOxDG5u,ANNA,6,596598,0.022071039,8
2026-06-11,IT,0lI3rF4hi4op6UxqlLHPzv,Achille Lauro,6,531790,0.019673478,9
2026-06-11,IT,396Jr76018oUMR6QBnqT8T,Cesare Cremonini,6,462564,0.017112475,14
2026-06-11,IT,7FeObngbQ0GY3SojNwKdKn,Bresh,7,652002,0.024120701,6
2026-06-11,IT,25u1DN0MwQVSav4XoJS7hl,Olly,7,524631,0.019408633,10
2026-06-11,IT,0EUR8jz8L936AEbV2Spkca,Kid Yugi,7,466825,0.01727011,13
2026-06-11,IT,4q3ewBCX7sLwd24euuV69X,Bad Bunny,8,753756,0.027885072,5
2026-06-11,IT,4rj3KWaLAnuxgtMMkypZhf,Juli,8,638342,0.023615351,7
2026-06-11,IT,23TFHmajVfBtlRx5MXqgoz,Sfera Ebbasta,13,1166919,0.043169965,3
2026-06-11,IT,2K5nCggbhSZ00YCYP5qkZS,Shiva,16,1645537,0.060876355,1
2026-06-11,IT,27LlKWxS3KXW7RRAxN5S8s,Geolier,17,1556820,0.057594285,2
2026-06-26,IT,6FtwCmLY6L1sqvjaQ2lV6G,Emis Killa,1,275730,0.009279165,20
2026-06-26,IT,7FNnA9vBm6EKceENgCGRMb,Anitta,1,275730,0.009279165,20
2026-06-26,IT,5mTg1ztZByLRHsOEtwmT4G,Levante,1,254513,0.008565148,23
2026-06-26,IT,0BjRnUqiITQwjqGtTeoxUS,DELIA,1,254513,0.008565148,23
2026-06-26,IT,1cKyknhftNKXCjMBd2hDrG,DYSTINCT,1,233788,0.007867687,28
2026-06-26,IT,7a0XAaPaK2aDSqa8p3QnC7,Beéle,1,153039,0.005150234,44
2026-06-26,IT,3m5qlPf2OkihLz3dRYnkPA,Ovy On The Drums,1,153039,0.005150234,44
2026-06-26,IT,5uwa6tAMMfNbBFIHiI6NV4,W Sound,1,153039,0.005150234,44
2026-06-26,IT,6X5L6rmyvrWWu60Gx6exiZ,54 Ultra,1,149822,0.005041972,45
2026-06-26,IT,4p5WgeiPSPpqPDs7T6OkWf,ANOTR,1,149822,0.005041972,45
2026-06-26,IT,1uNFoZAHBGtllmzznpCI3s,Justin Bieber,1,140660,0.004733643,48
2026-06-26,IT,0hCNtLu0JehylgoiP8L4Gh,Nicki Minaj,1,140660,0.004733643,48
2026-06-26,IT,0EmeFodog0BfCgMzAIvKQp,Shakira,1,134591,0.004529402,49
2026-06-26,IT,3wcj11K77LjEY1PkEazffa,Burna Boy,1,134591,0.004529402,49
2026-06-26,IT,6PsQc21YZU7WNfiODG69Qk,Tony Boy,1,129610,0.004361776,50
2026-06-26,IT,1c22GXH30ijlOfXhfLz9Df,Elvis Crespo,1,129589,0.00436107,51
2026-06-26,IT,3xGlLcG9CUrs5MvFkSLOS5,Marco Mengoni,1,129434,0.004355853,52
2026-06-26,IT,7tmMPdOmFvdRvbj2aWoiRi,Jovanotti,1,127453,0.004289187,54
2026-06-26,IT,0F3tUZeb9dLNEpxCpzEBQt,SOLTO (FR),1,125743,0.00423164,55
2026-06-26,IT,5iot8OPcosJN9nCl7I5SdK,Irama,1,114187,0.003842745,57
2026-06-26,IT,5mHUmlJWkcoOk1NbjfrXWz,Temper City,1,113387,0.003815822,58
2026-06-26,IT,2R21vXR83lH98kGeO99Y66,Anuel AA,1,100466,0.003380991,61
2026-06-26,IT,01XCyobLTxOrswogL7YNIu,Dibla,1,97686,0.003287435,62
2026-06-26,IT,1uZVxckdGGKhFMpCnupXmP,Los Pleneros de la Cresta,1,89131,0.002999533,63
2026-06-26,IT,5rRcnWrevHgbuWjl7Lhft7,Merk & Kremont,1,87727,0.002952284,64
2026-06-26,IT,72A0Z8q8NiochyK9gUHpCR,The Kolors,1,87727,0.002952284,64
2026-06-26,IT,2LRoIwlKmHjgvigdNGBHNo,Feid,1,85287,0.002870171,65
2026-06-26,IT,7krakxeyEmge6pzTthKNyg,The Bausa,1,85100,0.002863878,66
2026-06-26,IT,2DlGxzQSjYe5N6G9nkYghR,Jennifer Lopez,1,79121,0.002662666,67
2026-06-26,IT,0TnOYISbd1XYRBk9myaseg,Pitbull,1,79121,0.002662666,67
2026-06-26,IT,790FomKkXshlbRYZFtlgla,KAROL G,1,76786,0.002584086,68
2026-06-26,IT,1HBjj22wzbscIZ9sEb5dyf,Jonas Blue,1,76695,0.002581023,69
2026-06-26,IT,5JsnFhU4OqgEtNXs7Sq1Vm,Malive,1,76695,0.002581023,69
2026-06-26,IT,1eBPcZCSWh1EAv0aOXusye,Higashi,1,75939,0.002555582,70
2026-06-26,IT,5p9HO3XC5P3BLxJs5Mtrhm,Djo,1,75617,0.002544745,71
2026-06-26,IT,5H1nN1SzW0qNeUEZvuXjAj,Danny Ocean,1,74823,0.002518025,72
2026-06-26,IT,6RWMnZmXs8Ob715qLr4374,Aissa,1,74341,0.002501804,73
2026-06-26,IT,2CCgb0KApjfQDuTppovpf8,Rvfv,1,74341,0.002501804,73
2026-06-26,IT,3g9MKjIP9xrMTY5Pbwr6Nk,Kreamly,1,74341,0.002501804,73
2026-06-26,IT,4eq1q0o9XPyNq9RG3fNDD1,Yorghaki,1,74243,0.002498506,74
2026-06-26,IT,3DeOmVSmpv7WknXoo1OS8p,Alleh,1,74243,0.002498506,74
2026-06-26,IT,6USv9qhCn6zfxlBQIYJ9qs,Dominic Fike,1,74036,0.00249154,75
2026-06-26,IT,05brE7yGJDmIYlMirfSi0B,Federica Abbate,1,72739,0.002447892,76
2026-06-26,IT,2eFv7NVs8R6Go7msuqikeg,Pino Daniele,1,71615,0.002410066,77
2026-06-26,IT,2oQX8QiMXOyuqbcZEFsZfm,El Alfa,1,70971,0.002388393,78
2026-06-26,IT,2sil8z5kiy4r76CRTXxBCA,The Goo Goo Dolls,1,70861,0.002384691,79
2026-06-26,IT,7u710e44HW3K7A5eTnRqHC,Fabri Fibra,1,69333,0.002333269,80
2026-06-26,IT,6JhUHne9H09NdkTI5E9GSt,Dardust,1,69264,0.002330947,81
2026-06-26,IT,4VmOlyJsnQB93ZIGMO2XWo,Madfingerz,1,68129,0.002292751,82
2026-06-26,IT,5FwDaIGy29GQC5d0MR7fKf,LDA,1,67439,0.00226953,83
2026-06-26,IT,0lQtBhjEJpoOroQS6fbWMc,Aka 7even,1,67439,0.00226953,83
2026-06-26,IT,5bv5RplEOwdCvhq0EILh9E,Lucenzo,1,65816,0.002214911,84
2026-06-26,IT,33ScadVnbm2X8kkUqOkC6Z,Don Omar,1,65816,0.002214911,84
2026-06-26,IT,7HtzacrJpksCiS6qHypb8l,Ditonellapiaga,1,64912,0.002184489,85
2026-06-26,IT,4Xsf5hhfIyhTgiVymlPLA7,22simba,1,64521,0.002171331,86
2026-06-26,IT,7F2utINZ6tSokSiZTQBE27,Guè,1,64521,0.002171331,86
2026-06-26,IT,7h1amg0X7Q5d0D5KfuyKTg,Pyrex,1,63483,0.002136399,87
2026-06-26,IT,2pzFTbri7ew8mW2CbYpCNq,Astro,1,63003,0.002120245,88
2026-06-26,IT,08ppjXEpROUgrG1X0DEquB,Nerissima Serpe,1,63003,0.002120245,88
2026-06-26,IT,7MdlXmq2HViAJWo9cf30sR,Cloonee,1,62919,0.002117418,89
2026-06-26,IT,6HabM2PUM519iIxervGWSb,Prospa,1,62919,0.002117418,89
2026-06-26,IT,2jnjbAYKylrmBMCFZE0OCK,Poison Beatz,1,62799,0.00211338,90
2026-06-26,IT,5NGO30tJxFlKixkPSgXcFE,The Police,1,62596,0.002106548,91
2026-06-26,IT,7cdIY4mDfM1dbjgl7s2fGR,Sal Da Vinci,1,62429,0.002100928,92
2026-06-26,IT,7gjqZ8coFZimZDtdk04WP1,MACE,1,62060,0.00208851,93
2026-06-26,IT,2cy1zPcrFcXAJTP0APWewL,Gente De Zona,1,62036,0.002087703,94
2026-06-26,IT,4wLXwxDeWQ8mtUIRPxGiD6,Marc Anthony,1,62036,0.002087703,94
2026-06-26,IT,10exVja0key0uqUkk6LJRT,Vance Joy,1,61518,0.00207027,95
2026-06-26,IT,2DaxqgrOhkeH0fpeiQq2f4,Oasis,1,61439,0.002067612,96
2026-06-26,IT,6hkKbkZGvAXuvle2FhCnxy,Shablo,1,61244,0.00206105,97
2026-06-26,IT,2iK8weavvfS2xJCmzNzNE5,J-AX,1,61072,0.002055261,98
2026-06-26,IT,1cK2Abwkni7m51wJCSGllN,Ultra Naté,1,60617,0.002039949,99
2026-06-26,IT,17yREPqyU875WJnX9U082A,Imael Angel,1,60617,0.002039949,99
2026-06-26,IT,2PEMswqQspTSsAltdeF5kO,Simba La Rue,1,60077,0.002021776,100
2026-06-26,IT,2dAKW1tsAariQ0Ta2gqp8N,Gow Tribe,1,59901,0.002015853,101
2026-06-26,IT,2tIP7SsRs7vjIcLrU85W8J,The Kid LAROI,1,59693,0.002008854,102
2026-06-26,IT,4e0nWw2r4BoQSKPQ2zpU13,Ray Dalton,1,59236,0.001993474,103
2026-06-26,IT,5BcAKTbp20cv7tC5VqPFoC,Macklemore & Ryan Lewis,1,59236,0.001993474,103
2026-06-26,IT,5mZJerulcERBZV7xnhrVp1,Ryan Lewis,1,59236,0.001993474,103
2026-06-26,IT,3JhNCzhSMTxs9WLGJJxWOY,Macklemore,1,59236,0.001993474,103
2026-06-26,IT,1Yj5Xey7kTwvZla8sqdsdE,Cris MJ,1,58293,0.001961739,104
2026-06-26,IT,7CvTknweLr9feJtRGrpDBy,FloyyMenor,1,58293,0.001961739,104
2026-06-26,IT,5KKpBU5eC2tJDzf0wmlRp2,RAYE,1,58107,0.00195548,105
2026-06-26,IT,4G9NDjRyZFDlJKMRL8hx3S,sombr,1,58107,0.00195548,105
2026-06-26,IT,056KMTw6IztdQjBmFfVyO3,Rkomi,1,57095,0.001921423,106
2026-06-26,IT,1McMsnEElThX1knmY4oliG,Olivia Rodrigo,1,56966,0.001917082,107
2026-06-26,IT,6YBgd2LKccEB3pX6UaW1Yp,Thegiornalisti,1,56601,0.001904798,108
2026-06-26,IT,716NhGYqD1jl2wI1Qkgq36,Bizarrap,1,56443,0.001899481,109
2026-06-26,IT,7H8ZC8uHJMPZGLMApRRNIz,Ligabue,1,56383,0.001897462,110
2026-06-26,IT,2mUoO8KgRQOOzR0VoUWoEV,Latrelle,1,55751,0.001876193,111
2026-06-26,IT,1Xylc3o4UrD53lo9CvFvVg,Zara Larsson,1,55245,0.001859165,112
2026-06-26,IT,6wH6iStAh4KIaWfuhf0NYM,Manu Chao,1,54722,0.001841564,113
2026-06-26,IT,0r310cYIlI5aMcuDTChNlO,Loretta Goggi,1,54683,0.001840252,114
2026-06-26,IT,1vyhD5VmyZ7KMfW5gqLgo5,J Balvin,1,54134,0.001821776,115
2026-06-26,IT,6CKch2otN4SPznHf9ms5JF,Tony Effe,1,54120,0.001821305,116
2026-06-26,IT,7KFOc3T4Xo8DVZt4PWw2qN,Gazzelle,1,53983,0.001816694,117
2026-06-26,IT,6XyY86QOPPrYVGvF9ch6wz,Linkin Park,1,53968,0.00181619,118
2026-06-26,IT,4w9mPW732RnZkoqsy3lRsg,Niky Savage,1,53896,0.001813767,119
2026-06-26,IT,07yfI2D37Ir0pGQ8huDd4j,TonyPitony,1,53849,0.001812185,120
2026-06-26,IT,76UCIJTB0jcJvBaL0CdIqx,Takagi & Ketra,1,53714,0.001807642,121
2026-06-26,IT,3wDn3kW2zDRLnaQAnX0S3x,Dat Boi Dee,1,53714,0.001807642,121
2026-06-26,IT,6U1dV7aL68N7Gb0Naq34V5,REI AMI,1,53367,0.001795964,122
2026-06-26,IT,7mW7Tv7NvywKKXqafZo0Lc,KPop Demon Hunters Cast,1,53367,0.001795964,122
2026-06-26,IT,0RMJOzHDhAKY1o2j0W0vxY,EJAE,1,53367,0.001795964,122
2026-06-26,IT,0Wwji82sLA0Hcvtuak3omb,AUDREY NUNA,1,53367,0.001795964,122
2026-06-26,IT,2yNNYQBChuox9A5Ka93BIn,HUNTR/X,1,53367,0.001795964,122
2026-06-26,IT,1fctva4kpRbg2k3v7kwRuS,Rvssian,1,53100,0.001786979,123
2026-06-26,IT,0du5cEVh5yTK9QJze8zA0C,Bruno Mars,1,53092,0.00178671,124
2026-06-26,IT,7BgEOZ9w3Y4IMShXTMu1nN,Frah Quintale,1,53015,0.001784118,125
2026-06-26,IT,6nVcHLIgY5pE2YCl8ubca1,JHAYCO,1,52778,0.001776143,126
2026-06-26,IT,1IFAU4mznUcfPVP9z2c24N,Daecolm,1,52733,0.001774628,127
2026-06-26,IT,7hQmAXAzWI6D350VTgkKTG,Arash,1,52733,0.001774628,127
2026-06-26,IT,0u6GtibW46tFX7koQ6uNJZ,Topic,1,52733,0.001774628,127
2026-06-26,IT,7108jelN43seqWILMvJwKi,Serena Brancale,2,342240,0.011517432,15
2026-06-26,IT,0QrUbsrL5imqntAfDl8i7q,Fred De Palma,2,332418,0.011186891,16
2026-06-26,IT,38CThoTDmXugNnfonW466d,Jiz,2,296346,0.009972957,18
2026-06-26,IT,51OKuyM4BiiYxFm8Mi6fa9,Mauvais djo,2,246552,0.008297235,24
2026-06-26,IT,6RdcIWVKYYzNzjQRd3oyHS,Pinguini Tattici Nucleari,2,235150,0.007913523,27
2026-06-26,IT,6HQ27YefiitrZ9YsWrgRHX,Fresh Beatz,2,223563,0.007523585,31
2026-06-26,IT,26toJml6wSdf58ZgNG0ci9,Dipinto,2,223563,0.007523585,31
2026-06-26,IT,1A6HBLulvBFzNtlMb7b08f,Angelina Mango,2,209638,0.007054965,32
2026-06-26,IT,1vgQksyJ0IVz8y9XerEOy3,Madame,2,202296,0.006807884,34
2026-06-26,IT,5AZuEF0feCXMkUCwQiQlW7,Marracash,2,197797,0.006656479,35
2026-06-26,IT,3fMbdgg4jU18AjLCKBhRSm,Michael Jackson,2,191161,0.006433157,36
2026-06-26,IT,52iwsT98xCoGgiGntTiR7K,Quevedo,2,186032,0.006260551,37
2026-06-26,IT,7GacyaFUp0qkEJglERX9N7,Alfa,2,182175,0.006130751,39
2026-06-26,IT,1QeqGmpgU5Yg74GNcjIIq3,Fulminacci,2,177345,0.005968206,40
2026-06-26,IT,47z0zz9ZMCn9GBiPRTn5Bc,Tommaso Paradiso,2,173464,0.005837599,41
2026-06-26,IT,0jdNdfi4vAuVi7a6cPDFBM,Lazza,2,171628,0.005775812,42
2026-06-26,IT,44DWomjW1oDuxIoBIRpmQ4,Rhove,2,162178,0.00545779,43
2026-06-26,IT,1UjxAZqzphB1tsMb1aWBj0,Omega,2,146910,0.004943975,46
2026-06-26,IT,2aiM1OfMODFLUXaQgEVPK1,Roberto Ferrante,2,146910,0.004943975,46
2026-06-26,IT,0EqkKYDK9EkKY5N7zU3FPv,Annalisa,2,143753,0.004837732,47
2026-06-26,IT,6bMul6rmRS03x38tWKYifO,883,2,127949,0.004305879,53
2026-06-26,IT,3AVx3OBPIk4pJQllAXoVs1,Gaia,2,122339,0.004117085,56
2026-06-26,IT,7GgpsUpkj3olseoaTY7TEY,Elodie,2,110237,0.003709815,59
2026-06-26,IT,6FcVd3KlRxozcLl19FMXu9,Max Pezzali,2,109789,0.003694739,60
2026-06-26,IT,2QJ1AReDewmz4fcRhGxW6Y,Vito Salamanca,3,487273,0.01639824,12
2026-06-26,IT,2n0Ki4A5tKTEloq3WCt1IH,Samurai Jay,3,487273,0.01639824,12
2026-06-26,IT,1l1A1U8VJM15W7zonFqKhg,Succo,3,367273,0.012359869,14
2026-06-26,IT,1dlyjeDlgXalzt5oqbgWDs,G.Mineiro,3,367273,0.012359869,14
2026-06-26,IT,2ifTEcQqKSPwijIEcPHQ1R,Flatpearl,3,367273,0.012359869,14
2026-06-26,IT,396Jr76018oUMR6QBnqT8T,Cesare Cremonini,3,255065,0.008583724,22
2026-06-26,IT,3HAwumPgGOSXlZSyGWuLhB,Sayf,3,244214,0.008218554,25
2026-06-26,IT,5PlfkPxwCpRRWQJBxCa0By,HUGEL,3,239093,0.008046217,26
2026-06-26,IT,0gzwXezN4IUHAwLufA6YcX,Emma,3,232832,0.007835515,29
2026-06-26,IT,5dXlc7MnpaTeUIsHLVe3n4,Coez,3,227643,0.007660889,30
2026-06-26,IT,5SulO4l40qDuV9zUGLZx7n,Capo Plaza,3,202980,0.006830903,33
2026-06-26,IT,1AgAVqo74e2q4FVvg0xpT7,Tedua,3,185623,0.006246787,38
2026-06-26,IT,3fhMfkPPzksWuw0hEm4ldm,Ernia,4,290948,0.009791298,19
2026-06-26,IT,3yiEJ9SByXZMXTwaKdVFN4,Luchè,4,274252,0.009229426,21
2026-06-26,IT,2R4kNOwHUUsuDYhKsESVbF,Artie 5ive,5,736476,0.024784689,8
2026-06-26,IT,3hN3iJMbbBmqBSAMx5veDa,Ultimo,5,512898,0.0172606,11
2026-06-26,IT,3LvwPiJQJ0da0GurKMToV0,Baby Gang,5,321040,0.010803986,17
2026-06-26,IT,7K80yOTC0Id95gRaOxDG5u,ANNA,6,780662,0.026271684,7
2026-06-26,IT,7FeObngbQ0GY3SojNwKdKn,Bresh,6,577551,0.019436373,9
2026-06-26,IT,0lI3rF4hi4op6UxqlLHPzv,Achille Lauro,6,480230,0.016161221,13
2026-06-26,IT,0EUR8jz8L936AEbV2Spkca,Kid Yugi,7,524674,0.017656899,10
2026-06-26,IT,4q3ewBCX7sLwd24euuV69X,Bad Bunny,9,802762,0.027015418,6
2026-06-26,IT,25u1DN0MwQVSav4XoJS7hl,Olly,11,869610,0.029265059,5
2026-06-26,IT,2K5nCggbhSZ00YCYP5qkZS,Shiva,12,1278312,0.043019142,3
2026-06-26,IT,4rj3KWaLAnuxgtMMkypZhf,Juli,12,973951,0.032776456,4
2026-06-26,IT,23TFHmajVfBtlRx5MXqgoz,Sfera Ebbasta,16,1508882,0.050778534,2
2026-06-26,IT,27LlKWxS3KXW7RRAxN5S8s,Geolier,20,2060189,0.069331715,1
2026-06-03,IT,6FtwCmLY6L1sqvjaQ2lV6G,Emis Killa,1,247392,0.009670038,26
2026-06-03,IT,7FNnA9vBm6EKceENgCGRMb,Anitta,1,247392,0.009670038,26
2026-06-03,IT,5mTg1ztZByLRHsOEtwmT4G,Levante,1,216137,0.008448345,29
2026-06-03,IT,7108jelN43seqWILMvJwKi,Serena Brancale,1,216137,0.008448345,29
2026-06-03,IT,0BjRnUqiITQwjqGtTeoxUS,DELIA,1,216137,0.008448345,29
2026-06-03,IT,51OKuyM4BiiYxFm8Mi6fa9,Mauvais djo,1,148498,0.005804477,35
2026-06-03,IT,1uNFoZAHBGtllmzznpCI3s,Justin Bieber,1,143119,0.005594223,36
2026-06-03,IT,0hCNtLu0JehylgoiP8L4Gh,Nicki Minaj,1,143119,0.005594223,36
2026-06-03,IT,7a0XAaPaK2aDSqa8p3QnC7,Beéle,1,137233,0.005364152,37
2026-06-03,IT,3m5qlPf2OkihLz3dRYnkPA,Ovy On The Drums,1,137233,0.005364152,37
2026-06-03,IT,5uwa6tAMMfNbBFIHiI6NV4,W Sound,1,137233,0.005364152,37
2026-06-03,IT,6HQ27YefiitrZ9YsWrgRHX,Fresh Beatz,1,126319,0.004937546,42
2026-06-03,IT,26toJml6wSdf58ZgNG0ci9,Dipinto,1,126319,0.004937546,42
2026-06-03,IT,6X5L6rmyvrWWu60Gx6exiZ,54 Ultra,1,124066,0.004849481,43
2026-06-03,IT,4p5WgeiPSPpqPDs7T6OkWf,ANOTR,1,124066,0.004849481,43
2026-06-03,IT,1vgQksyJ0IVz8y9XerEOy3,Madame,1,121320,0.004742146,44
2026-06-03,IT,7tmMPdOmFvdRvbj2aWoiRi,Jovanotti,1,120564,0.004712596,45
2026-06-03,IT,01XCyobLTxOrswogL7YNIu,Dibla,1,112868,0.004411775,46
2026-06-03,IT,5mHUmlJWkcoOk1NbjfrXWz,Temper City,1,111816,0.004370654,47
2026-06-03,IT,2DlGxzQSjYe5N6G9nkYghR,Jennifer Lopez,1,100244,0.003918329,52
2026-06-03,IT,0TnOYISbd1XYRBk9myaseg,Pitbull,1,100244,0.003918329,52
2026-06-03,IT,6USv9qhCn6zfxlBQIYJ9qs,Dominic Fike,1,97128,0.003796531,53
2026-06-03,IT,66CXWjxzNUsdJxJ2JdwvnR,Ariana Grande,1,90075,0.003520844,54
2026-06-03,IT,0lQtBhjEJpoOroQS6fbWMc,Aka 7even,1,89868,0.003512753,55
2026-06-03,IT,5FwDaIGy29GQC5d0MR7fKf,LDA,1,89868,0.003512753,55
2026-06-03,IT,05brE7yGJDmIYlMirfSi0B,Federica Abbate,1,87523,0.003421092,56
2026-06-03,IT,2mUoO8KgRQOOzR0VoUWoEV,Latrelle,1,82265,0.003215567,57
2026-06-03,IT,0F3tUZeb9dLNEpxCpzEBQt,SOLTO (FR),1,81277,0.003176949,58
2026-06-03,IT,5PlfkPxwCpRRWQJBxCa0By,HUGEL,1,81277,0.003176949,58
2026-06-03,IT,5p9HO3XC5P3BLxJs5Mtrhm,Djo,1,80223,0.00313575,59
2026-06-03,IT,1uZVxckdGGKhFMpCnupXmP,Los Pleneros de la Cresta,1,80202,0.003134929,60
2026-06-03,IT,2R21vXR83lH98kGeO99Y66,Anuel AA,1,79906,0.003123359,61
2026-06-03,IT,1c22GXH30ijlOfXhfLz9Df,Elvis Crespo,1,79439,0.003105105,62
2026-06-03,IT,2iK8weavvfS2xJCmzNzNE5,J-AX,1,76257,0.002980727,63
2026-06-03,IT,7HtzacrJpksCiS6qHypb8l,Ditonellapiaga,1,75705,0.002959151,64
2026-06-03,IT,5H1nN1SzW0qNeUEZvuXjAj,Danny Ocean,1,72864,0.002848102,65
2026-06-03,IT,2tOGpIgNsnDk6BxqFU2vCX,Il Ghost,1,72266,0.002824727,66
2026-06-03,IT,3DeOmVSmpv7WknXoo1OS8p,Alleh,1,68197,0.002665679,67
2026-06-03,IT,4eq1q0o9XPyNq9RG3fNDD1,Yorghaki,1,68197,0.002665679,67
2026-06-03,IT,790FomKkXshlbRYZFtlgla,KAROL G,1,67354,0.002632728,68
2026-06-03,IT,7h1amg0X7Q5d0D5KfuyKTg,Pyrex,1,67215,0.002627294,69
2026-06-03,IT,2sil8z5kiy4r76CRTXxBCA,The Goo Goo Dolls,1,66668,0.002605913,70
2026-06-03,IT,5KKpBU5eC2tJDzf0wmlRp2,RAYE,1,66302,0.002591607,71
2026-06-03,IT,1McMsnEElThX1knmY4oliG,Olivia Rodrigo,1,64762,0.002531412,72
2026-06-03,IT,1eBPcZCSWh1EAv0aOXusye,Higashi,1,64634,0.002526408,73
2026-06-03,IT,2oQX8QiMXOyuqbcZEFsZfm,El Alfa,1,62771,0.002453588,74
2026-06-03,IT,1A6HBLulvBFzNtlMb7b08f,Angelina Mango,1,62592,0.002446591,75
2026-06-03,IT,2dAKW1tsAariQ0Ta2gqp8N,Gow Tribe,1,62088,0.002426891,76
2026-06-03,IT,10exVja0key0uqUkk6LJRT,Vance Joy,1,59618,0.002330343,77
2026-06-03,IT,5JsnFhU4OqgEtNXs7Sq1Vm,Malive,1,59407,0.002322096,78
2026-06-03,IT,1HBjj22wzbscIZ9sEb5dyf,Jonas Blue,1,59407,0.002322096,78
2026-06-03,IT,056KMTw6IztdQjBmFfVyO3,Rkomi,1,59330,0.002319086,79
2026-06-03,IT,7gjqZ8coFZimZDtdk04WP1,MACE,1,59141,0.002311698,80
2026-06-03,IT,7mW7Tv7NvywKKXqafZo0Lc,KPop Demon Hunters Cast,1,58904,0.002302435,81
2026-06-03,IT,2yNNYQBChuox9A5Ka93BIn,HUNTR/X,1,58904,0.002302435,81
2026-06-03,IT,6U1dV7aL68N7Gb0Naq34V5,REI AMI,1,58904,0.002302435,81
2026-06-03,IT,0Wwji82sLA0Hcvtuak3omb,AUDREY NUNA,1,58904,0.002302435,81
2026-06-03,IT,0RMJOzHDhAKY1o2j0W0vxY,EJAE,1,58904,0.002302435,81
2026-06-03,IT,4G9NDjRyZFDlJKMRL8hx3S,sombr,1,58884,0.002301653,82
2026-06-03,IT,1Xylc3o4UrD53lo9CvFvVg,Zara Larsson,1,58570,0.002289379,83
2026-06-03,IT,3JhNCzhSMTxs9WLGJJxWOY,Macklemore,1,57700,0.002255373,84
2026-06-03,IT,5BcAKTbp20cv7tC5VqPFoC,Macklemore & Ryan Lewis,1,57700,0.002255373,84
2026-06-03,IT,4e0nWw2r4BoQSKPQ2zpU13,Ray Dalton,1,57700,0.002255373,84
2026-06-03,IT,5mZJerulcERBZV7xnhrVp1,Ryan Lewis,1,57700,0.002255373,84
2026-06-03,IT,4wLXwxDeWQ8mtUIRPxGiD6,Marc Anthony,1,56994,0.002227777,85
2026-06-03,IT,2cy1zPcrFcXAJTP0APWewL,Gente De Zona,1,56994,0.002227777,85
2026-06-03,IT,5iot8OPcosJN9nCl7I5SdK,Irama,1,56937,0.002225549,86
2026-06-03,IT,5RTLRtXjbXI2lSXc6jxlAz,Ravyn Lenae,1,56915,0.002224689,87
2026-06-03,IT,6bMul6rmRS03x38tWKYifO,883,1,56335,0.002202018,88
2026-06-03,IT,30fnIb0InCgAp2IPY17nqd,RRARI DAL TACCO,1,56066,0.002191503,89
2026-06-03,IT,7KFOc3T4Xo8DVZt4PWw2qN,Gazzelle,1,54960,0.002148272,90
2026-06-03,IT,5NGO30tJxFlKixkPSgXcFE,The Police,1,54852,0.00214405,91
2026-06-03,IT,6hkKbkZGvAXuvle2FhCnxy,Shablo,1,54736,0.002139516,92
2026-06-03,IT,250b0Wlc5Vk0CoUsaCY84M,JENNIE,1,54622,0.00213506,93
2026-06-03,IT,5INjqkS1o8h1imAzPqGZBb,Tame Impala,1,54622,0.00213506,93
2026-06-03,IT,7CvTknweLr9feJtRGrpDBy,FloyyMenor,1,53842,0.002104572,94
2026-06-03,IT,1Yj5Xey7kTwvZla8sqdsdE,Cris MJ,1,53842,0.002104572,94
2026-06-03,IT,1vfezMIyCr4XUdYRaKIKi3,Keyshia Cole,1,53472,0.002090109,95
2026-06-03,IT,3Isy6kedDrgPYoTS1dazA9,Sean Paul,1,53472,0.002090109,95
2026-06-03,IT,6nVcHLIgY5pE2YCl8ubca1,JHAYCO,1,53217,0.002080142,96
2026-06-03,IT,33ScadVnbm2X8kkUqOkC6Z,Don Omar,1,53178,0.002078617,97
2026-06-03,IT,5bv5RplEOwdCvhq0EILh9E,Lucenzo,1,53178,0.002078617,97
2026-06-03,IT,6YBgd2LKccEB3pX6UaW1Yp,Thegiornalisti,1,53163,0.002078031,98
2026-06-03,IT,687cZJR45JO7jhk1LHIbgq,Tems,1,53161,0.002077953,99
2026-06-03,IT,6Ip8FS7vWT1uKkJSweANQK,Dave,1,53161,0.002077953,99
2026-06-03,IT,0fTSzq9jAh4c36UVb4V7CB,Alex Warren,1,53147,0.002077405,100
2026-06-03,IT,716NhGYqD1jl2wI1Qkgq36,Bizarrap,1,52563,0.002054578,101
2026-06-03,IT,13jvLDXME7yplEwCweRivE,Tutti Fenomeni,1,52441,0.002049809,102
2026-06-03,IT,2nftqfbLohpDYzY8VUlvbm,Benji & Fede,1,52033,0.002033862,103
2026-06-03,IT,6FcVd3KlRxozcLl19FMXu9,Max Pezzali,1,51806,0.002024989,104
2026-06-03,IT,7krakxeyEmge6pzTthKNyg,The Bausa,1,51546,0.002014826,105
2026-06-03,IT,3AVx3OBPIk4pJQllAXoVs1,Gaia,1,50205,0.001962409,106
2026-06-03,IT,2tIP7SsRs7vjIcLrU85W8J,The Kid LAROI,1,50149,0.00196022,107
2026-06-03,IT,2pzFTbri7ew8mW2CbYpCNq,Astro,1,48917,0.001912064,108
2026-06-03,IT,1vyhD5VmyZ7KMfW5gqLgo5,J Balvin,1,48839,0.001909015,109
2026-06-03,IT,5YV5crRpcdknHgEzystZHr,SHUNE,1,48705,0.001903777,110
2026-06-03,IT,4gzpq5DPGxSnKTe4SA8HAU,Coldplay,1,48509,0.001896116,111
2026-06-03,IT,6wH6iStAh4KIaWfuhf0NYM,Manu Chao,1,47993,0.001875946,112
2026-06-03,IT,22wbnEMDvgVIAGdFeek6ET,Benson Boone,1,47603,0.001860702,113
2026-06-03,IT,7dL0nOHwnSAsNAwpkPSGWP,sangiovanni,1,47322,0.001849718,114
2026-06-03,IT,6FPxOArEPVZUDv925qq8IQ,CLARA,1,47322,0.001849718,114
2026-06-03,IT,7GgpsUpkj3olseoaTY7TEY,Elodie,1,46907,0.001833497,115
2026-06-03,IT,3o7fC2O4nraaicpID6bBZW,Elettra Lamborghini,1,46711,0.001825836,116
2026-06-03,IT,0QrUbsrL5imqntAfDl8i7q,Fred De Palma,2,300457,0.011744238,21
2026-06-03,IT,3hN3iJMbbBmqBSAMx5veDa,Ultimo,2,259747,0.010152969,23
2026-06-03,IT,38CThoTDmXugNnfonW466d,Jiz,2,255542,0.009988604,24
2026-06-03,IT,2ifTEcQqKSPwijIEcPHQ1R,Flatpearl,2,194914,0.007618782,31
2026-06-03,IT,1dlyjeDlgXalzt5oqbgWDs,G.Mineiro,2,194914,0.007618782,31
2026-06-03,IT,1l1A1U8VJM15W7zonFqKhg,Succo,2,194914,0.007618782,31
2026-06-03,IT,47z0zz9ZMCn9GBiPRTn5Bc,Tommaso Paradiso,2,184561,0.007214105,32
2026-06-03,IT,0gzwXezN4IUHAwLufA6YcX,Emma,2,169691,0.006632868,33
2026-06-03,IT,1QeqGmpgU5Yg74GNcjIIq3,Fulminacci,2,167401,0.006543356,34
2026-06-03,IT,0EqkKYDK9EkKY5N7zU3FPv,Annalisa,2,133867,0.005232582,38
2026-06-03,IT,52iwsT98xCoGgiGntTiR7K,Quevedo,2,132002,0.005159683,39
2026-06-03,IT,7cdIY4mDfM1dbjgl7s2fGR,Sal Da Vinci,2,131168,0.005127084,40
2026-06-03,IT,2aiM1OfMODFLUXaQgEVPK1,Roberto Ferrante,2,127405,0.004979996,41
2026-06-03,IT,1UjxAZqzphB1tsMb1aWBj0,Omega,2,127405,0.004979996,41
2026-06-03,IT,07yfI2D37Ir0pGQ8huDd4j,TonyPitony,2,111601,0.004362251,48
2026-06-03,IT,08ppjXEpROUgrG1X0DEquB,Nerissima Serpe,2,110494,0.00431898,49
2026-06-03,IT,11TplWqOPQBTmg2eiSLt1m,Tiziano Ferro,2,105679,0.004130772,50
2026-06-03,IT,7F2utINZ6tSokSiZTQBE27,Guè,2,101801,0.003979189,51
2026-06-03,IT,0jdNdfi4vAuVi7a6cPDFBM,Lazza,3,253911,0.009924852,25
2026-06-03,IT,5dXlc7MnpaTeUIsHLVe3n4,Coez,3,228044,0.008913765,27
2026-06-03,IT,7GacyaFUp0qkEJglERX9N7,Alfa,3,218376,0.008535863,28
2026-06-03,IT,396Jr76018oUMR6QBnqT8T,Cesare Cremonini,3,202335,0.007908854,30
2026-06-03,IT,2n0Ki4A5tKTEloq3WCt1IH,Samurai Jay,4,552584,0.021599357,10
2026-06-03,IT,2QJ1AReDewmz4fcRhGxW6Y,Vito Salamanca,4,552584,0.021599357,10
2026-06-03,IT,3HAwumPgGOSXlZSyGWuLhB,Sayf,4,336375,0.013148198,17
2026-06-03,IT,3yiEJ9SByXZMXTwaKdVFN4,Luchè,4,308724,0.012067378,19
2026-06-03,IT,3fhMfkPPzksWuw0hEm4ldm,Ernia,4,278878,0.01090076,22
2026-06-03,IT,2R4kNOwHUUsuDYhKsESVbF,Artie 5ive,5,817039,0.031936352,4
2026-06-03,IT,7K80yOTC0Id95gRaOxDG5u,ANNA,5,589218,0.023031304,9
2026-06-03,IT,3fMbdgg4jU18AjLCKBhRSm,Michael Jackson,5,384509,0.015029656,15
2026-06-03,IT,6RdcIWVKYYzNzjQRd3oyHS,Pinguini Tattici Nucleari,5,377416,0.014752405,16
2026-06-03,IT,5SulO4l40qDuV9zUGLZx7n,Capo Plaza,5,324494,0.012683794,18
2026-06-03,IT,3LvwPiJQJ0da0GurKMToV0,Baby Gang,5,302461,0.01182257,20
2026-06-03,IT,7FeObngbQ0GY3SojNwKdKn,Bresh,6,609122,0.02380931,8
2026-06-03,IT,0lI3rF4hi4op6UxqlLHPzv,Achille Lauro,6,471487,0.018429444,13
2026-06-03,IT,5AZuEF0feCXMkUCwQiQlW7,Marracash,6,411824,0.016097342,14
2026-06-03,IT,25u1DN0MwQVSav4XoJS7hl,Olly,7,519350,0.020300309,12
2026-06-03,IT,4rj3KWaLAnuxgtMMkypZhf,Juli,8,633442,0.024759928,7
2026-06-03,IT,1AgAVqo74e2q4FVvg0xpT7,Tedua,8,544363,0.021278015,11
2026-06-03,IT,4q3ewBCX7sLwd24euuV69X,Bad Bunny,9,783037,0.030607285,5
2026-06-03,IT,27LlKWxS3KXW7RRAxN5S8s,Geolier,10,1045025,0.04084785,2
2026-06-03,IT,23TFHmajVfBtlRx5MXqgoz,Sfera Ebbasta,10,892903,0.034901718,3
2026-06-03,IT,0EUR8jz8L936AEbV2Spkca,Kid Yugi,11,717016,0.028026661,6
2026-06-03,IT,2K5nCggbhSZ00YCYP5qkZS,Shiva,20,2050781,0.080160756,1
2026-07-19,IT,7FNnA9vBm6EKceENgCGRMb,Anitta,1,206353,0.008578327,22
2026-07-19,IT,6FtwCmLY6L1sqvjaQ2lV6G,Emis Killa,1,206353,0.008578327,22
2026-07-19,IT,0BjRnUqiITQwjqGtTeoxUS,DELIA,1,175216,0.007283927,31
2026-07-19,IT,5mTg1ztZByLRHsOEtwmT4G,Levante,1,175216,0.007283927,31
2026-07-19,IT,3wcj11K77LjEY1PkEazffa,Burna Boy,1,164316,0.006830802,33
2026-07-19,IT,0EmeFodog0BfCgMzAIvKQp,Shakira,1,164316,0.006830802,33
2026-07-19,IT,1cKyknhftNKXCjMBd2hDrG,DYSTINCT,1,163088,0.006779752,34
2026-07-19,IT,1uZVxckdGGKhFMpCnupXmP,Los Pleneros de la Cresta,1,142454,0.005921974,40
2026-07-19,IT,4p5WgeiPSPpqPDs7T6OkWf,ANOTR,1,136750,0.005684852,43
2026-07-19,IT,6X5L6rmyvrWWu60Gx6exiZ,54 Ultra,1,136750,0.005684852,43
2026-07-19,IT,3xGlLcG9CUrs5MvFkSLOS5,Marco Mengoni,1,132690,0.005516073,45
2026-07-19,IT,7a0XAaPaK2aDSqa8p3QnC7,Beéle,1,131681,0.005474128,46
2026-07-19,IT,5uwa6tAMMfNbBFIHiI6NV4,W Sound,1,131681,0.005474128,46
2026-07-19,IT,3m5qlPf2OkihLz3dRYnkPA,Ovy On The Drums,1,131681,0.005474128,46
2026-07-19,IT,1c22GXH30ijlOfXhfLz9Df,Elvis Crespo,1,124706,0.005184169,49
2026-07-19,IT,5iot8OPcosJN9nCl7I5SdK,Irama,1,120692,0.005017303,50
2026-07-19,IT,0F3tUZeb9dLNEpxCpzEBQt,SOLTO (FR),1,118116,0.004910216,51
2026-07-19,IT,1uNFoZAHBGtllmzznpCI3s,Justin Bieber,1,105971,0.004405334,54
2026-07-19,IT,0hCNtLu0JehylgoiP8L4Gh,Nicki Minaj,1,105971,0.004405334,54
2026-07-19,IT,7tmMPdOmFvdRvbj2aWoiRi,Jovanotti,1,104410,0.004340442,55
2026-07-19,IT,1cK2Abwkni7m51wJCSGllN,Ultra Naté,1,97504,0.004053351,58
2026-07-19,IT,17yREPqyU875WJnX9U082A,Imael Angel,1,97504,0.004053351,58
2026-07-19,IT,5Otk4eRecMMbC5YR4Iliou,Le-one,1,84578,0.003516003,61
2026-07-19,IT,7krakxeyEmge6pzTthKNyg,The Bausa,1,80565,0.003349178,62
2026-07-19,IT,6PsQc21YZU7WNfiODG69Qk,Tony Boy,1,80314,0.003338744,63
2026-07-19,IT,5mHUmlJWkcoOk1NbjfrXWz,Temper City,1,75736,0.003148431,64
2026-07-19,IT,0jdNdfi4vAuVi7a6cPDFBM,Lazza,1,73720,0.003064624,65
2026-07-19,IT,6RWMnZmXs8Ob715qLr4374,Aissa,1,72368,0.003008419,66
2026-07-19,IT,3g9MKjIP9xrMTY5Pbwr6Nk,Kreamly,1,72368,0.003008419,66
2026-07-19,IT,2CCgb0KApjfQDuTppovpf8,Rvfv,1,72368,0.003008419,66
2026-07-19,IT,1vyhD5VmyZ7KMfW5gqLgo5,J Balvin,1,71173,0.002958742,67
2026-07-19,IT,01XCyobLTxOrswogL7YNIu,Dibla,1,70390,0.002926192,68
2026-07-19,IT,3DeOmVSmpv7WknXoo1OS8p,Alleh,1,69763,0.002900127,69
2026-07-19,IT,4eq1q0o9XPyNq9RG3fNDD1,Yorghaki,1,69763,0.002900127,69
2026-07-19,IT,790FomKkXshlbRYZFtlgla,KAROL G,1,68842,0.00286184,70
2026-07-19,IT,2sil8z5kiy4r76CRTXxBCA,The Goo Goo Dolls,1,68651,0.0028539,71
2026-07-19,IT,5rRcnWrevHgbuWjl7Lhft7,Merk & Kremont,1,66828,0.002778115,72
2026-07-19,IT,72A0Z8q8NiochyK9gUHpCR,The Kolors,1,66828,0.002778115,72
2026-07-19,IT,5JsnFhU4OqgEtNXs7Sq1Vm,Malive,1,66695,0.002772586,73
2026-07-19,IT,1HBjj22wzbscIZ9sEb5dyf,Jonas Blue,1,66695,0.002772586,73
2026-07-19,IT,2R21vXR83lH98kGeO99Y66,Anuel AA,1,65442,0.002720498,74
2026-07-19,IT,6nVcHLIgY5pE2YCl8ubca1,JHAYCO,1,64167,0.002667495,75
2026-07-19,IT,6bMul6rmRS03x38tWKYifO,883,1,62891,0.00261445,76
2026-07-19,IT,6HabM2PUM519iIxervGWSb,Prospa,1,62192,0.002585392,77
2026-07-19,IT,1EbIfIjVcauDatNO4vagL1,Sybil,1,62192,0.002585392,77
2026-07-19,IT,7MdlXmq2HViAJWo9cf30sR,Cloonee,1,62192,0.002585392,77
2026-07-19,IT,2LRoIwlKmHjgvigdNGBHNo,Feid,1,61678,0.002564024,78
2026-07-19,IT,5H1nN1SzW0qNeUEZvuXjAj,Danny Ocean,1,61211,0.00254461,79
2026-07-19,IT,6USv9qhCn6zfxlBQIYJ9qs,Dominic Fike,1,59920,0.002490942,80
2026-07-19,IT,1Yj5Xey7kTwvZla8sqdsdE,Cris MJ,1,59583,0.002476933,81
2026-07-19,IT,7CvTknweLr9feJtRGrpDBy,FloyyMenor,1,59583,0.002476933,81
2026-07-19,IT,44DWomjW1oDuxIoBIRpmQ4,Rhove,1,58292,0.002423264,82
2026-07-19,IT,7cdIY4mDfM1dbjgl7s2fGR,Sal Da Vinci,1,57624,0.002395495,83
2026-07-19,IT,0r310cYIlI5aMcuDTChNlO,Loretta Goggi,1,56808,0.002361573,84
2026-07-19,IT,10exVja0key0uqUkk6LJRT,Vance Joy,1,56698,0.002357,85
2026-07-19,IT,1yq9UuPp5DIb5w6eswGbKV,Adriano Celentano,1,56404,0.002344778,86
2026-07-19,IT,5NGO30tJxFlKixkPSgXcFE,The Police,1,55668,0.002314182,87
2026-07-19,IT,3AVx3OBPIk4pJQllAXoVs1,Gaia,1,55273,0.002297761,88
2026-07-19,IT,5p9HO3XC5P3BLxJs5Mtrhm,Djo,1,54935,0.00228371,89
2026-07-19,IT,05brE7yGJDmIYlMirfSi0B,Federica Abbate,1,53560,0.00222655,90
2026-07-19,IT,7H8ZC8uHJMPZGLMApRRNIz,Ligabue,1,53090,0.002207011,91
2026-07-19,IT,0fTSzq9jAh4c36UVb4V7CB,Alex Warren,1,52921,0.002199986,92
2026-07-19,IT,2DlGxzQSjYe5N6G9nkYghR,Jennifer Lopez,1,52830,0.002196203,93
2026-07-19,IT,0TnOYISbd1XYRBk9myaseg,Pitbull,1,52830,0.002196203,93
2026-07-19,IT,2YRyPiW98bpkARAS4B3OQP,Dei V,1,51943,0.002159329,94
2026-07-19,IT,3E12tRURRvPfHz0hAMCFYc,Omar Courtz,1,51943,0.002159329,94
2026-07-19,IT,7u710e44HW3K7A5eTnRqHC,Fabri Fibra,1,51641,0.002146775,95
2026-07-19,IT,6YBgd2LKccEB3pX6UaW1Yp,Thegiornalisti,1,50965,0.002118673,96
2026-07-19,IT,2oQX8QiMXOyuqbcZEFsZfm,El Alfa,1,49820,0.002071074,97
2026-07-19,IT,1noWnd8QFQD9VLxWEeo4Zf,Don Miguelo,1,49491,0.002057397,98
2026-07-19,IT,2cy1zPcrFcXAJTP0APWewL,Gente De Zona,1,49358,0.002051868,99
2026-07-19,IT,4wLXwxDeWQ8mtUIRPxGiD6,Marc Anthony,1,49358,0.002051868,99
2026-07-19,IT,716NhGYqD1jl2wI1Qkgq36,Bizarrap,1,49169,0.002044011,100
2026-07-19,IT,7gjqZ8coFZimZDtdk04WP1,MACE,1,48947,0.002034782,101
2026-07-19,IT,1mcTU81TzQhprhouKaTkpq,Rauw Alejandro,1,48713,0.002025054,102
2026-07-19,IT,0du5cEVh5yTK9QJze8zA0C,Bruno Mars,1,48703,0.002024639,103
2026-07-19,IT,0lQtBhjEJpoOroQS6fbWMc,Aka 7even,1,48696,0.002024348,104
2026-07-19,IT,5FwDaIGy29GQC5d0MR7fKf,LDA,1,48696,0.002024348,104
2026-07-19,IT,1VeH892FTsVyB6XAnMvEbL,Gianni Togni,1,48302,0.002007969,105
2026-07-19,IT,6JhUHne9H09NdkTI5E9GSt,Dardust,1,48154,0.002001816,106
2026-07-19,IT,3o7fC2O4nraaicpID6bBZW,Elettra Lamborghini,1,48015,0.001996038,107
2026-07-19,IT,33ScadVnbm2X8kkUqOkC6Z,Don Omar,1,47720,0.001983774,108
2026-07-19,IT,5bv5RplEOwdCvhq0EILh9E,Lucenzo,1,47720,0.001983774,108
2026-07-19,IT,5n9bMYfz9qss2VOW89EVs2,Bomba Estéreo,1,47640,0.001980449,109
2026-07-19,IT,6wF1Cz760dpdbX9RJIDpQW,Chuwi,1,47174,0.001961076,110
2026-07-19,IT,3JhNCzhSMTxs9WLGJJxWOY,Macklemore,1,47049,0.00195588,111
2026-07-19,IT,5BcAKTbp20cv7tC5VqPFoC,Macklemore & Ryan Lewis,1,47049,0.00195588,111
2026-07-19,IT,5mZJerulcERBZV7xnhrVp1,Ryan Lewis,1,47049,0.00195588,111
2026-07-19,IT,4e0nWw2r4BoQSKPQ2zpU13,Ray Dalton,1,47049,0.00195588,111
2026-07-19,IT,2eFv7NVs8R6Go7msuqikeg,Pino Daniele,1,46811,0.001945986,112
2026-07-19,IT,2dAKW1tsAariQ0Ta2gqp8N,Gow Tribe,1,46539,0.001934679,113
2026-07-19,IT,0harR1ApYeMN6GOLBNMiUR,Eddie Brock,1,45574,0.001894563,114
2026-07-19,IT,7mW7Tv7NvywKKXqafZo0Lc,KPop Demon Hunters Cast,1,45141,0.001876562,115
2026-07-19,IT,0Wwji82sLA0Hcvtuak3omb,AUDREY NUNA,1,45141,0.001876562,115
2026-07-19,IT,2yNNYQBChuox9A5Ka93BIn,HUNTR/X,1,45141,0.001876562,115
2026-07-19,IT,6U1dV7aL68N7Gb0Naq34V5,REI AMI,1,45141,0.001876562,115
2026-07-19,IT,0RMJOzHDhAKY1o2j0W0vxY,EJAE,1,45141,0.001876562,115
2026-07-19,IT,3wDn3kW2zDRLnaQAnX0S3x,Dat Boi Dee,1,44790,0.001861971,116
2026-07-19,IT,4dNjHVtAnfP7CSXm0VJu8v,PALMITO,1,44527,0.001851038,117
2026-07-19,IT,6289Bbkkk3gaCbh1K7Rv8F,Izi,1,44379,0.001844885,118
2026-07-19,IT,6wH6iStAh4KIaWfuhf0NYM,Manu Chao,1,44354,0.001843846,119
2026-07-19,IT,6hkKbkZGvAXuvle2FhCnxy,Shablo,1,44294,0.001841352,120
2026-07-19,IT,056KMTw6IztdQjBmFfVyO3,Rkomi,1,44205,0.001837652,121
2026-07-19,IT,1fctva4kpRbg2k3v7kwRuS,Rvssian,1,44202,0.001837527,122
2026-07-19,IT,2i04Yoaa4wV8J75w8aPX1G,Kano Choir,1,44131,0.001834576,123
2026-07-19,IT,7KFOc3T4Xo8DVZt4PWw2qN,Gazzelle,1,43961,0.001827508,124
2026-07-19,IT,4xhEhRE75hHgXMeNeeTTsx,Nino D'Angelo,1,43489,0.001807887,125
2026-07-19,IT,25x6MD0spNNS7z93Sat30K,Arisa,1,43489,0.001807887,125
2026-07-19,IT,35orQw8LgQn7KOFjzCyY7E,Fabio Rovazzi,1,43489,0.001807887,125
2026-07-19,IT,7h1amg0X7Q5d0D5KfuyKTg,Pyrex,1,43360,0.001802524,126
2026-07-19,IT,7HtzacrJpksCiS6qHypb8l,Ditonellapiaga,1,43217,0.001796579,128
2026-07-19,IT,5KKpBU5eC2tJDzf0wmlRp2,RAYE,1,43137,0.001793254,129
2026-07-19,IT,0tmwSHipWxN12fsoLcFU3B,Manuel Turizo,1,42972,0.001786395,130
2026-07-19,IT,62C5P1caRIK12ndTkzNJjA,Noemi,1,42759,0.00177754,131
2026-07-19,IT,4G9NDjRyZFDlJKMRL8hx3S,sombr,1,42735,0.001776542,132
2026-07-19,IT,2jnjbAYKylrmBMCFZE0OCK,Poison Beatz,1,42729,0.001776293,133
2026-07-19,IT,0QrUbsrL5imqntAfDl8i7q,Fred De Palma,2,254253,0.010569584,14
2026-07-19,IT,7108jelN43seqWILMvJwKi,Serena Brancale,2,242044,0.010062042,18
2026-07-19,IT,5PlfkPxwCpRRWQJBxCa0By,HUGEL,2,215620,0.008963567,20
2026-07-19,IT,6RdcIWVKYYzNzjQRd3oyHS,Pinguini Tattici Nucleari,2,211001,0.00877155,21
2026-07-19,IT,38CThoTDmXugNnfonW466d,Jiz,2,198174,0.008238317,23
2026-07-19,IT,1A6HBLulvBFzNtlMb7b08f,Angelina Mango,2,196154,0.008154343,25
2026-07-19,IT,3HAwumPgGOSXlZSyGWuLhB,Sayf,2,180833,0.007517432,28
2026-07-19,IT,1vgQksyJ0IVz8y9XerEOy3,Madame,2,155981,0.006484306,35
2026-07-19,IT,2DaxqgrOhkeH0fpeiQq2f4,Oasis,2,150263,0.006246603,37
2026-07-19,IT,7GacyaFUp0qkEJglERX9N7,Alfa,2,148764,0.006184287,38
2026-07-19,IT,1QeqGmpgU5Yg74GNcjIIq3,Fulminacci,2,144022,0.005987157,39
2026-07-19,IT,3yiEJ9SByXZMXTwaKdVFN4,Luchè,2,140077,0.005823159,41
2026-07-19,IT,1eBPcZCSWh1EAv0aOXusye,Higashi,2,138566,0.005760345,42
2026-07-19,IT,26toJml6wSdf58ZgNG0ci9,Dipinto,2,134940,0.005609608,44
2026-07-19,IT,6HQ27YefiitrZ9YsWrgRHX,Fresh Beatz,2,134940,0.005609608,44
2026-07-19,IT,0EUR8jz8L936AEbV2Spkca,Kid Yugi,2,130686,0.005432765,47
2026-07-19,IT,3fMbdgg4jU18AjLCKBhRSm,Michael Jackson,2,129456,0.005381632,48
2026-07-19,IT,0EqkKYDK9EkKY5N7zU3FPv,Annalisa,2,116596,0.004847027,52
2026-07-19,IT,6FcVd3KlRxozcLl19FMXu9,Max Pezzali,2,108601,0.004514666,53
2026-07-19,IT,2aiM1OfMODFLUXaQgEVPK1,Roberto Ferrante,2,103808,0.004315416,56
2026-07-19,IT,1UjxAZqzphB1tsMb1aWBj0,Omega,2,103808,0.004315416,56
2026-07-19,IT,76UCIJTB0jcJvBaL0CdIqx,Takagi & Ketra,2,99450,0.004134249,57
2026-07-19,IT,7GgpsUpkj3olseoaTY7TEY,Elodie,2,96251,0.004001263,59
2026-07-19,IT,7F2utINZ6tSokSiZTQBE27,Guè,2,90567,0.003764972,60
2026-07-19,IT,2n0Ki4A5tKTEloq3WCt1IH,Samurai Jay,3,422937,0.017581969,10
2026-07-19,IT,1dlyjeDlgXalzt5oqbgWDs,G.Mineiro,3,252920,0.01051417,15
2026-07-19,IT,1l1A1U8VJM15W7zonFqKhg,Succo,3,252920,0.01051417,15
2026-07-19,IT,2ifTEcQqKSPwijIEcPHQ1R,Flatpearl,3,252920,0.01051417,15
2026-07-19,IT,51OKuyM4BiiYxFm8Mi6fa9,Mauvais djo,3,247161,0.010274762,17
2026-07-19,IT,52iwsT98xCoGgiGntTiR7K,Quevedo,3,223056,0.00927269,19
2026-07-19,IT,5SulO4l40qDuV9zUGLZx7n,Capo Plaza,3,196850,0.008183277,24
2026-07-19,IT,5dXlc7MnpaTeUIsHLVe3n4,Coez,3,195230,0.008115932,26
2026-07-19,IT,396Jr76018oUMR6QBnqT8T,Cesare Cremonini,3,186711,0.007761787,27
2026-07-19,IT,47z0zz9ZMCn9GBiPRTn5Bc,Tommaso Paradiso,3,180639,0.007509367,29
2026-07-19,IT,3fhMfkPPzksWuw0hEm4ldm,Ernia,3,175962,0.007314939,30
2026-07-19,IT,0gzwXezN4IUHAwLufA6YcX,Emma,3,174038,0.007234956,32
2026-07-19,IT,3LvwPiJQJ0da0GurKMToV0,Baby Gang,3,151708,0.006306673,36
2026-07-19,IT,2QJ1AReDewmz4fcRhGxW6Y,Vito Salamanca,4,465696,0.019359509,9
2026-07-19,IT,7FeObngbQ0GY3SojNwKdKn,Bresh,4,358790,0.014915305,12
2026-07-19,IT,0lI3rF4hi4op6UxqlLHPzv,Achille Lauro,4,276617,0.011499281,13
2026-07-19,IT,5AZuEF0feCXMkUCwQiQlW7,Marracash,4,251507,0.01045543,16
2026-07-19,IT,25u1DN0MwQVSav4XoJS7hl,Olly,6,416450,0.017312297,11
2026-07-19,IT,2R4kNOwHUUsuDYhKsESVbF,Artie 5ive,7,665217,0.027653822,6
2026-07-19,IT,4rj3KWaLAnuxgtMMkypZhf,Juli,7,499298,0.020756382,8
2026-07-19,IT,3hN3iJMbbBmqBSAMx5veDa,Ultimo,8,539294,0.022419061,7
2026-07-19,IT,2K5nCggbhSZ00YCYP5qkZS,Shiva,11,831909,0.034583397,5
2026-07-19,IT,7K80yOTC0Id95gRaOxDG5u,ANNA,13,1011001,0.042028453,4
2026-07-19,IT,4q3ewBCX7sLwd24euuV69X,Bad Bunny,15,1494899,0.06214464,1
2026-07-19,IT,23TFHmajVfBtlRx5MXqgoz,Sfera Ebbasta,15,1057999,0.043982213,3
2026-07-19,IT,27LlKWxS3KXW7RRAxN5S8s,Geolier,18,1420978,0.05907166,2
2026-06-30,IT,7FNnA9vBm6EKceENgCGRMb,Anitta,1,242133,0.009019948,22
2026-06-30,IT,6FtwCmLY6L1sqvjaQ2lV6G,Emis Killa,1,242133,0.009019948,22
2026-06-30,IT,5mTg1ztZByLRHsOEtwmT4G,Levante,1,209275,0.007795921,29
2026-06-30,IT,0BjRnUqiITQwjqGtTeoxUS,DELIA,1,209275,0.007795921,29
2026-06-30,IT,1cKyknhftNKXCjMBd2hDrG,DYSTINCT,1,203286,0.007572818,30
2026-06-30,IT,0EmeFodog0BfCgMzAIvKQp,Shakira,1,134217,0.004999857,42
2026-06-30,IT,3wcj11K77LjEY1PkEazffa,Burna Boy,1,134217,0.004999857,42
2026-06-30,IT,7a0XAaPaK2aDSqa8p3QnC7,Beéle,1,129467,0.00482291,43
2026-06-30,IT,3m5qlPf2OkihLz3dRYnkPA,Ovy On The Drums,1,129467,0.00482291,43
2026-06-30,IT,5uwa6tAMMfNbBFIHiI6NV4,W Sound,1,129467,0.00482291,43
2026-06-30,IT,6X5L6rmyvrWWu60Gx6exiZ,54 Ultra,1,125524,0.004676025,45
2026-06-30,IT,4p5WgeiPSPpqPDs7T6OkWf,ANOTR,1,125524,0.004676025,45
2026-06-30,IT,1c22GXH30ijlOfXhfLz9Df,Elvis Crespo,1,121679,0.004532791,48
2026-06-30,IT,1uNFoZAHBGtllmzznpCI3s,Justin Bieber,1,121295,0.004518486,49
2026-06-30,IT,0hCNtLu0JehylgoiP8L4Gh,Nicki Minaj,1,121295,0.004518486,49
2026-06-30,IT,7tmMPdOmFvdRvbj2aWoiRi,Jovanotti,1,115814,0.004314308,51
2026-06-30,IT,6PsQc21YZU7WNfiODG69Qk,Tony Boy,1,114268,0.004256716,53
2026-06-30,IT,0F3tUZeb9dLNEpxCpzEBQt,SOLTO (FR),1,109215,0.004068481,55
2026-06-30,IT,3xGlLcG9CUrs5MvFkSLOS5,Marco Mengoni,1,106881,0.003981535,57
2026-06-30,IT,2R21vXR83lH98kGeO99Y66,Anuel AA,1,105580,0.00393307,58
2026-06-30,IT,5iot8OPcosJN9nCl7I5SdK,Irama,1,104556,0.003894924,59
2026-06-30,IT,5mHUmlJWkcoOk1NbjfrXWz,Temper City,1,100001,0.003725241,60
2026-06-30,IT,44DWomjW1oDuxIoBIRpmQ4,Rhove,1,82673,0.003079738,63
2026-06-30,IT,01XCyobLTxOrswogL7YNIu,Dibla,1,81673,0.003042486,64
2026-06-30,IT,72A0Z8q8NiochyK9gUHpCR,The Kolors,1,77328,0.002880626,65
2026-06-30,IT,5rRcnWrevHgbuWjl7Lhft7,Merk & Kremont,1,77328,0.002880626,65
2026-06-30,IT,1uZVxckdGGKhFMpCnupXmP,Los Pleneros de la Cresta,1,76209,0.002838941,66
2026-06-30,IT,2eFv7NVs8R6Go7msuqikeg,Pino Daniele,1,74589,0.002778592,67
2026-06-30,IT,2CCgb0KApjfQDuTppovpf8,Rvfv,1,73162,0.002725434,68
2026-06-30,IT,3g9MKjIP9xrMTY5Pbwr6Nk,Kreamly,1,73162,0.002725434,68
2026-06-30,IT,6RWMnZmXs8Ob715qLr4374,Aissa,1,73162,0.002725434,68
2026-06-30,IT,7krakxeyEmge6pzTthKNyg,The Bausa,1,71762,0.002673281,69
2026-06-30,IT,790FomKkXshlbRYZFtlgla,KAROL G,1,69699,0.00259643,70
2026-06-30,IT,2DlGxzQSjYe5N6G9nkYghR,Jennifer Lopez,1,68951,0.002568565,71
2026-06-30,IT,0TnOYISbd1XYRBk9myaseg,Pitbull,1,68951,0.002568565,71
2026-06-30,IT,2LRoIwlKmHjgvigdNGBHNo,Feid,1,68599,0.002555453,72
2026-06-30,IT,5p9HO3XC5P3BLxJs5Mtrhm,Djo,1,67589,0.002517828,73
2026-06-30,IT,17yREPqyU875WJnX9U082A,Imael Angel,1,66661,0.002483258,74
2026-06-30,IT,1cK2Abwkni7m51wJCSGllN,Ultra Naté,1,66661,0.002483258,74
2026-06-30,IT,6USv9qhCn6zfxlBQIYJ9qs,Dominic Fike,1,66476,0.002476367,75
2026-06-30,IT,2sil8z5kiy4r76CRTXxBCA,The Goo Goo Dolls,1,66346,0.002471524,76
2026-06-30,IT,4eq1q0o9XPyNq9RG3fNDD1,Yorghaki,1,66082,0.002461689,77
2026-06-30,IT,3DeOmVSmpv7WknXoo1OS8p,Alleh,1,66082,0.002461689,77
2026-06-30,IT,1eBPcZCSWh1EAv0aOXusye,Higashi,1,65129,0.002426188,78
2026-06-30,IT,2jnjbAYKylrmBMCFZE0OCK,Poison Beatz,1,63361,0.002360326,79
2026-06-30,IT,05brE7yGJDmIYlMirfSi0B,Federica Abbate,1,62724,0.002336597,80
2026-06-30,IT,5NGO30tJxFlKixkPSgXcFE,The Police,1,62063,0.002311973,81
2026-06-30,IT,1HBjj22wzbscIZ9sEb5dyf,Jonas Blue,1,61917,0.002306535,82
2026-06-30,IT,5JsnFhU4OqgEtNXs7Sq1Vm,Malive,1,61917,0.002306535,82
2026-06-30,IT,2i04Yoaa4wV8J75w8aPX1G,Kano Choir,1,61845,0.002303852,83
2026-06-30,IT,2oQX8QiMXOyuqbcZEFsZfm,El Alfa,1,61202,0.002279899,84
2026-06-30,IT,6hkKbkZGvAXuvle2FhCnxy,Shablo,1,60967,0.002271145,85
2026-06-30,IT,2DaxqgrOhkeH0fpeiQq2f4,Oasis,1,60893,0.002268388,86
2026-06-30,IT,7gjqZ8coFZimZDtdk04WP1,MACE,1,60080,0.002238103,87
2026-06-30,IT,5H1nN1SzW0qNeUEZvuXjAj,Danny Ocean,1,59874,0.002230429,88
2026-06-30,IT,3AVx3OBPIk4pJQllAXoVs1,Gaia,1,58924,0.002195039,89
2026-06-30,IT,7h1amg0X7Q5d0D5KfuyKTg,Pyrex,1,58275,0.002170863,90
2026-06-30,IT,5FwDaIGy29GQC5d0MR7fKf,LDA,1,57846,0.002154881,91
2026-06-30,IT,0lQtBhjEJpoOroQS6fbWMc,Aka 7even,1,57846,0.002154881,91
2026-06-30,IT,2tIP7SsRs7vjIcLrU85W8J,The Kid LAROI,1,57569,0.002144563,92
2026-06-30,IT,7HtzacrJpksCiS6qHypb8l,Ditonellapiaga,1,55278,0.002059218,93
2026-06-30,IT,33ScadVnbm2X8kkUqOkC6Z,Don Omar,1,54800,0.002041412,94
2026-06-30,IT,5bv5RplEOwdCvhq0EILh9E,Lucenzo,1,54800,0.002041412,94
2026-06-30,IT,7GgpsUpkj3olseoaTY7TEY,Elodie,1,54682,0.002037016,95
2026-06-30,IT,3q7HBObVc0L8jNeTe5Gofh,50 Cent,1,54365,0.002025207,96
2026-06-30,IT,6HabM2PUM519iIxervGWSb,Prospa,1,53549,0.001994809,97
2026-06-30,IT,7MdlXmq2HViAJWo9cf30sR,Cloonee,1,53549,0.001994809,97
2026-06-30,IT,2PEMswqQspTSsAltdeF5kO,Simba La Rue,1,53362,0.001987843,98
2026-06-30,IT,2iK8weavvfS2xJCmzNzNE5,J-AX,1,53233,0.001983038,99
2026-06-30,IT,7cdIY4mDfM1dbjgl7s2fGR,Sal Da Vinci,1,52939,0.001972086,100
2026-06-30,IT,4G9NDjRyZFDlJKMRL8hx3S,sombr,1,52854,0.001968919,101
2026-06-30,IT,10exVja0key0uqUkk6LJRT,Vance Joy,1,52560,0.001957967,102
2026-06-30,IT,5KKpBU5eC2tJDzf0wmlRp2,RAYE,1,52482,0.001955062,103
2026-06-30,IT,07yfI2D37Ir0pGQ8huDd4j,TonyPitony,1,52371,0.001950927,104
2026-06-30,IT,6YBgd2LKccEB3pX6UaW1Yp,Thegiornalisti,1,51972,0.001936063,105
2026-06-30,IT,5mZJerulcERBZV7xnhrVp1,Ryan Lewis,1,51945,0.001935057,106
2026-06-30,IT,4e0nWw2r4BoQSKPQ2zpU13,Ray Dalton,1,51945,0.001935057,106
2026-06-30,IT,3JhNCzhSMTxs9WLGJJxWOY,Macklemore,1,51945,0.001935057,106
2026-06-30,IT,5BcAKTbp20cv7tC5VqPFoC,Macklemore & Ryan Lewis,1,51945,0.001935057,106
2026-06-30,IT,1McMsnEElThX1knmY4oliG,Olivia Rodrigo,1,51888,0.001932934,107
2026-06-30,IT,2pzFTbri7ew8mW2CbYpCNq,Astro,1,51289,0.00191062,108
2026-06-30,IT,08ppjXEpROUgrG1X0DEquB,Nerissima Serpe,1,51289,0.00191062,108
2026-06-30,IT,4Xsf5hhfIyhTgiVymlPLA7,22simba,1,51182,0.001906634,109
2026-06-30,IT,2dAKW1tsAariQ0Ta2gqp8N,Gow Tribe,1,51008,0.001900152,110
2026-06-30,IT,2cy1zPcrFcXAJTP0APWewL,Gente De Zona,1,50702,0.001888753,111
2026-06-30,IT,4wLXwxDeWQ8mtUIRPxGiD6,Marc Anthony,1,50702,0.001888753,111
2026-06-30,IT,7mW7Tv7NvywKKXqafZo0Lc,KPop Demon Hunters Cast,1,50500,0.001881228,112
2026-06-30,IT,2yNNYQBChuox9A5Ka93BIn,HUNTR/X,1,50500,0.001881228,112
2026-06-30,IT,0RMJOzHDhAKY1o2j0W0vxY,EJAE,1,50500,0.001881228,112
2026-06-30,IT,0Wwji82sLA0Hcvtuak3omb,AUDREY NUNA,1,50500,0.001881228,112
2026-06-30,IT,6U1dV7aL68N7Gb0Naq34V5,REI AMI,1,50500,0.001881228,112
2026-06-30,IT,716NhGYqD1jl2wI1Qkgq36,Bizarrap,1,50036,0.001863943,113
2026-06-30,IT,056KMTw6IztdQjBmFfVyO3,Rkomi,1,50009,0.001862937,114
2026-06-30,IT,6wH6iStAh4KIaWfuhf0NYM,Manu Chao,1,49702,0.001851501,115
2026-06-30,IT,7CvTknweLr9feJtRGrpDBy,FloyyMenor,1,49576,0.001846807,116
2026-06-30,IT,1Yj5Xey7kTwvZla8sqdsdE,Cris MJ,1,49576,0.001846807,116
2026-06-30,IT,1vyhD5VmyZ7KMfW5gqLgo5,J Balvin,1,49247,0.001834551,117
2026-06-30,IT,1Xylc3o4UrD53lo9CvFvVg,Zara Larsson,1,48759,0.001816372,118
2026-06-30,IT,7H8ZC8uHJMPZGLMApRRNIz,Ligabue,1,48748,0.001815962,119
2026-06-30,IT,1IFAU4mznUcfPVP9z2c24N,Daecolm,1,47744,0.001778561,120
2026-06-30,IT,0u6GtibW46tFX7koQ6uNJZ,Topic,1,47744,0.001778561,120
2026-06-30,IT,7hQmAXAzWI6D350VTgkKTG,Arash,1,47744,0.001778561,120
2026-06-30,IT,6XyY86QOPPrYVGvF9ch6wz,Linkin Park,1,47649,0.001775022,121
2026-06-30,IT,7KFOc3T4Xo8DVZt4PWw2qN,Gazzelle,1,47545,0.001771148,122
2026-06-30,IT,0du5cEVh5yTK9QJze8zA0C,Bruno Mars,1,46918,0.001747791,123
2026-06-30,IT,0QrUbsrL5imqntAfDl8i7q,Fred De Palma,2,293751,0.010942824,15
2026-06-30,IT,7108jelN43seqWILMvJwKi,Serena Brancale,2,286603,0.010676546,16
2026-06-30,IT,38CThoTDmXugNnfonW466d,Jiz,2,250154,0.009318747,21
2026-06-30,IT,6RdcIWVKYYzNzjQRd3oyHS,Pinguini Tattici Nucleari,2,211758,0.007888417,27
2026-06-30,IT,26toJml6wSdf58ZgNG0ci9,Dipinto,2,193836,0.007220786,32
2026-06-30,IT,6HQ27YefiitrZ9YsWrgRHX,Fresh Beatz,2,193836,0.007220786,32
2026-06-30,IT,1vgQksyJ0IVz8y9XerEOy3,Madame,2,183117,0.006821482,33
2026-06-30,IT,1A6HBLulvBFzNtlMb7b08f,Angelina Mango,2,182864,0.006812057,34
2026-06-30,IT,52iwsT98xCoGgiGntTiR7K,Quevedo,2,171715,0.006396734,35
2026-06-30,IT,7GacyaFUp0qkEJglERX9N7,Alfa,2,165516,0.006165809,36
2026-06-30,IT,3fMbdgg4jU18AjLCKBhRSm,Michael Jackson,2,163381,0.006086275,37
2026-06-30,IT,0jdNdfi4vAuVi7a6cPDFBM,Lazza,2,158162,0.005891857,38
2026-06-30,IT,47z0zz9ZMCn9GBiPRTn5Bc,Tommaso Paradiso,2,156318,0.005823164,39
2026-06-30,IT,1QeqGmpgU5Yg74GNcjIIq3,Fulminacci,2,155649,0.005798243,40
2026-06-30,IT,0gzwXezN4IUHAwLufA6YcX,Emma,2,145321,0.005413504,41
2026-06-30,IT,2aiM1OfMODFLUXaQgEVPK1,Roberto Ferrante,2,126331,0.004706087,44
2026-06-30,IT,1UjxAZqzphB1tsMb1aWBj0,Omega,2,126331,0.004706087,44
2026-06-30,IT,6JhUHne9H09NdkTI5E9GSt,Dardust,2,124411,0.004634563,46
2026-06-30,IT,0EqkKYDK9EkKY5N7zU3FPv,Annalisa,2,123402,0.004596976,47
2026-06-30,IT,76UCIJTB0jcJvBaL0CdIqx,Takagi & Ketra,2,115895,0.004317325,50
2026-06-30,IT,3wDn3kW2zDRLnaQAnX0S3x,Dat Boi Dee,2,114897,0.004280148,52
2026-06-30,IT,1AgAVqo74e2q4FVvg0xpT7,Tedua,2,109278,0.004070828,54
2026-06-30,IT,6bMul6rmRS03x38tWKYifO,883,2,108590,0.004045199,56
2026-06-30,IT,7F2utINZ6tSokSiZTQBE27,Guè,2,97772,0.003642206,61
2026-06-30,IT,6FcVd3KlRxozcLl19FMXu9,Max Pezzali,2,96217,0.003584279,62
2026-06-30,IT,2n0Ki4A5tKTEloq3WCt1IH,Samurai Jay,3,419574,0.015629987,13
2026-06-30,IT,2QJ1AReDewmz4fcRhGxW6Y,Vito Salamanca,3,419574,0.015629987,13
2026-06-30,IT,1dlyjeDlgXalzt5oqbgWDs,G.Mineiro,3,313343,0.011672666,14
2026-06-30,IT,1l1A1U8VJM15W7zonFqKhg,Succo,3,313343,0.011672666,14
2026-06-30,IT,2ifTEcQqKSPwijIEcPHQ1R,Flatpearl,3,313343,0.011672666,14
2026-06-30,IT,51OKuyM4BiiYxFm8Mi6fa9,Mauvais djo,3,283456,0.010559314,17
2026-06-30,IT,5AZuEF0feCXMkUCwQiQlW7,Marracash,3,227154,0.00846195,24
2026-06-30,IT,396Jr76018oUMR6QBnqT8T,Cesare Cremonini,3,226161,0.008424958,25
2026-06-30,IT,5PlfkPxwCpRRWQJBxCa0By,HUGEL,3,223620,0.008330301,26
2026-06-30,IT,3HAwumPgGOSXlZSyGWuLhB,Sayf,3,209731,0.007812907,28
2026-06-30,IT,5dXlc7MnpaTeUIsHLVe3n4,Coez,3,199017,0.007413789,31
2026-06-30,IT,3fhMfkPPzksWuw0hEm4ldm,Ernia,4,272832,0.010163548,19
2026-06-30,IT,3yiEJ9SByXZMXTwaKdVFN4,Luchè,4,257796,0.009603427,20
2026-06-30,IT,5SulO4l40qDuV9zUGLZx7n,Capo Plaza,4,235582,0.00877591,23
2026-06-30,IT,2R4kNOwHUUsuDYhKsESVbF,Artie 5ive,5,644071,0.023992958,7
2026-06-30,IT,3LvwPiJQJ0da0GurKMToV0,Baby Gang,5,282019,0.010505783,18
2026-06-30,IT,7K80yOTC0Id95gRaOxDG5u,ANNA,6,714746,0.026625746,6
2026-06-30,IT,7FeObngbQ0GY3SojNwKdKn,Bresh,6,509177,0.018967882,11
2026-06-30,IT,0lI3rF4hi4op6UxqlLHPzv,Achille Lauro,6,423932,0.015792332,12
2026-06-30,IT,4q3ewBCX7sLwd24euuV69X,Bad Bunny,7,613574,0.022856883,8
2026-06-30,IT,3hN3iJMbbBmqBSAMx5veDa,Ultimo,7,559290,0.020834693,9
2026-06-30,IT,0EUR8jz8L936AEbV2Spkca,Kid Yugi,9,556522,0.020731579,10
2026-06-30,IT,25u1DN0MwQVSav4XoJS7hl,Olly,11,825984,0.030769588,5
2026-06-30,IT,4rj3KWaLAnuxgtMMkypZhf,Juli,12,914784,0.034077569,4
2026-06-30,IT,2K5nCggbhSZ00YCYP5qkZS,Shiva,13,1216097,0.045302093,3
2026-06-30,IT,23TFHmajVfBtlRx5MXqgoz,Sfera Ebbasta,15,1312775,0.048903546,2
2026-06-30,IT,27LlKWxS3KXW7RRAxN5S8s,Geolier,24,2329287,0.086770691,1
